-- MySQL dump 10.13  Distrib 8.0.20, for Linux (x86_64)
--
-- Host: localhost    Database: vk
-- ------------------------------------------------------
-- Server version	8.0.20-0ubuntu0.20.04.1

/*!40101 SET @OLD_CHARACTER_SET_CLIENT=@@CHARACTER_SET_CLIENT */;
/*!40101 SET @OLD_CHARACTER_SET_RESULTS=@@CHARACTER_SET_RESULTS */;
/*!40101 SET @OLD_COLLATION_CONNECTION=@@COLLATION_CONNECTION */;
/*!50503 SET NAMES utf8mb4 */;
/*!40103 SET @OLD_TIME_ZONE=@@TIME_ZONE */;
/*!40103 SET TIME_ZONE='+00:00' */;
/*!40014 SET @OLD_UNIQUE_CHECKS=@@UNIQUE_CHECKS, UNIQUE_CHECKS=0 */;
/*!40014 SET @OLD_FOREIGN_KEY_CHECKS=@@FOREIGN_KEY_CHECKS, FOREIGN_KEY_CHECKS=0 */;
/*!40101 SET @OLD_SQL_MODE=@@SQL_MODE, SQL_MODE='NO_AUTO_VALUE_ON_ZERO' */;
/*!40111 SET @OLD_SQL_NOTES=@@SQL_NOTES, SQL_NOTES=0 */;

--
-- Table structure for table `communities`
--

DROP TABLE IF EXISTS `communities`;
/*!40101 SET @saved_cs_client     = @@character_set_client */;
/*!50503 SET character_set_client = utf8mb4 */;
CREATE TABLE `communities` (
  `id` int unsigned NOT NULL AUTO_INCREMENT COMMENT 'Идентификатор сроки',
  `name` varchar(150) CHARACTER SET utf8 COLLATE utf8_unicode_ci NOT NULL COMMENT 'Название группы',
  `created_at` datetime DEFAULT CURRENT_TIMESTAMP COMMENT 'Время создания строки',
  `updated_at` datetime DEFAULT CURRENT_TIMESTAMP ON UPDATE CURRENT_TIMESTAMP COMMENT 'Время обновления строки',
  PRIMARY KEY (`id`),
  UNIQUE KEY `name` (`name`)
) ENGINE=InnoDB AUTO_INCREMENT=11 DEFAULT CHARSET=utf8 COLLATE=utf8_unicode_ci COMMENT='Группы';
/*!40101 SET character_set_client = @saved_cs_client */;

--
-- Dumping data for table `communities`
--

LOCK TABLES `communities` WRITE;
/*!40000 ALTER TABLE `communities` DISABLE KEYS */;
INSERT INTO `communities` VALUES (1,'quo','2018-05-19 21:17:23','2020-06-26 18:58:22'),(2,'perspiciatis','1991-07-26 09:30:26','1999-02-24 22:53:40'),(3,'eveniet','2015-06-25 23:12:43','2020-06-26 18:58:22'),(4,'aut','2003-08-29 06:00:37','2020-06-26 18:58:22'),(5,'eum','2013-06-23 03:56:04','2020-06-26 18:58:22'),(6,'magni','1970-06-20 13:33:15','2016-05-31 15:19:03'),(7,'vel','1995-10-10 01:53:45','2002-06-28 01:05:43'),(8,'ducimus','1989-11-24 13:13:28','1995-01-27 15:49:56'),(9,'libero','1972-11-15 05:03:00','1979-04-07 12:41:16'),(10,'qui','1972-01-14 09:39:34','2011-03-16 11:48:48');
/*!40000 ALTER TABLE `communities` ENABLE KEYS */;
UNLOCK TABLES;

--
-- Table structure for table `communities_users`
--

DROP TABLE IF EXISTS `communities_users`;
/*!40101 SET @saved_cs_client     = @@character_set_client */;
/*!50503 SET character_set_client = utf8mb4 */;
CREATE TABLE `communities_users` (
  `community_id` int unsigned NOT NULL COMMENT 'Ссылка на группу',
  `user_id` int unsigned NOT NULL COMMENT 'Ссылка на пользователя',
  `created_at` datetime DEFAULT CURRENT_TIMESTAMP COMMENT 'Время создания строки',
  PRIMARY KEY (`community_id`,`user_id`) COMMENT 'Составной первичный ключ',
  KEY `communities_users_id_fk` (`user_id`),
  CONSTRAINT `communities_users_id_fk` FOREIGN KEY (`user_id`) REFERENCES `users` (`id`),
  CONSTRAINT `communitiy_id_fk` FOREIGN KEY (`community_id`) REFERENCES `communities` (`id`)
) ENGINE=InnoDB DEFAULT CHARSET=utf8 COLLATE=utf8_unicode_ci COMMENT='Участники групп, связь между пользователями и группами';
/*!40101 SET character_set_client = @saved_cs_client */;

--
-- Dumping data for table `communities_users`
--

LOCK TABLES `communities_users` WRITE;
/*!40000 ALTER TABLE `communities_users` DISABLE KEYS */;
INSERT INTO `communities_users` VALUES (1,1,'2003-08-25 21:11:44'),(1,11,'2014-06-25 02:48:30'),(1,21,'1981-09-21 01:46:18'),(1,31,'1997-04-18 09:16:18'),(1,41,'1975-09-09 03:20:34'),(1,51,'1982-03-23 20:50:17'),(1,61,'1993-08-28 04:07:09'),(1,71,'1995-06-16 07:29:00'),(1,81,'1996-02-25 08:12:15'),(1,91,'2011-04-06 23:56:52'),(2,2,'2000-03-06 11:27:22'),(2,12,'1975-07-29 08:00:41'),(2,22,'1981-06-21 10:36:31'),(2,32,'2000-09-30 00:42:45'),(2,42,'1997-03-12 23:50:21'),(2,52,'2013-03-21 02:48:03'),(2,62,'2000-10-19 20:00:16'),(2,72,'2003-07-10 02:53:03'),(2,82,'1972-12-28 05:12:08'),(2,92,'1985-07-13 09:47:54'),(3,3,'1981-10-19 23:34:44'),(3,13,'2018-12-13 16:33:02'),(3,23,'1972-11-28 22:41:23'),(3,33,'1986-02-28 18:32:01'),(3,43,'1972-09-26 17:51:50'),(3,53,'2013-09-15 03:56:07'),(3,63,'1977-01-28 08:35:32'),(3,73,'2018-01-01 03:29:04'),(3,83,'1971-03-30 00:22:47'),(3,93,'1988-05-29 02:07:23'),(4,4,'1975-05-27 05:58:59'),(4,14,'1994-05-31 15:10:35'),(4,24,'1986-02-16 09:01:19'),(4,34,'1970-01-16 21:13:11'),(4,44,'1994-10-20 22:03:26'),(4,54,'1971-10-22 08:04:50'),(4,64,'1976-02-25 00:21:04'),(4,74,'2000-10-01 14:00:06'),(4,84,'2017-02-23 21:03:04'),(4,94,'2011-05-06 07:34:52'),(5,5,'2016-06-12 17:54:06'),(5,15,'1986-05-07 00:57:39'),(5,25,'1989-08-01 09:15:52'),(5,35,'2002-10-10 21:17:28'),(5,45,'1979-05-24 09:04:24'),(5,55,'1987-05-12 10:33:37'),(5,65,'1976-01-22 11:52:02'),(5,75,'1993-09-23 10:15:40'),(5,85,'1991-02-19 17:28:23'),(5,95,'1981-06-11 14:33:11'),(6,6,'1973-09-19 16:04:45'),(6,16,'2012-10-12 05:10:57'),(6,26,'1971-07-09 17:11:09'),(6,36,'1983-03-08 22:17:32'),(6,46,'1986-12-04 03:30:46'),(6,56,'1994-06-15 22:10:09'),(6,66,'1991-05-04 07:33:42'),(6,76,'2016-03-22 01:04:55'),(6,86,'1995-08-21 08:40:28'),(6,96,'2007-03-18 12:55:27'),(7,7,'2002-11-03 17:05:59'),(7,17,'1989-10-28 01:58:32'),(7,27,'2015-12-03 15:35:22'),(7,37,'2018-06-16 05:49:30'),(7,47,'1984-11-11 10:25:01'),(7,57,'2003-03-25 06:38:05'),(7,67,'2004-02-15 22:48:32'),(7,77,'1987-10-31 05:31:52'),(7,87,'1970-01-04 22:45:39'),(7,97,'1998-04-15 18:19:55'),(8,8,'1979-09-09 05:21:30'),(8,18,'1995-10-11 15:31:46'),(8,28,'2010-12-18 10:40:47'),(8,38,'2005-05-24 00:26:56'),(8,48,'2017-10-16 17:06:46'),(8,58,'1975-08-04 02:42:54'),(8,68,'1982-08-17 17:21:14'),(8,78,'2014-01-07 07:50:17'),(8,88,'1984-04-10 11:57:34'),(8,98,'1979-08-17 11:20:28'),(9,9,'1979-06-15 09:45:53'),(9,19,'2012-03-28 23:39:41'),(9,29,'1976-03-13 09:44:48'),(9,39,'2018-08-19 20:48:18'),(9,49,'1991-08-13 19:35:55'),(9,59,'1973-08-13 12:33:41'),(9,69,'1995-02-21 06:17:44'),(9,79,'2003-06-02 01:19:13'),(9,89,'1999-09-26 09:39:34'),(9,99,'1972-06-16 03:00:24'),(10,10,'2019-05-03 12:17:22'),(10,20,'1990-10-12 00:44:52'),(10,30,'1991-06-03 03:58:18'),(10,40,'2012-04-03 19:49:23'),(10,50,'1970-07-19 12:07:12'),(10,60,'2000-12-06 04:59:41'),(10,70,'2007-12-08 16:12:07'),(10,80,'1988-04-15 13:56:30'),(10,90,'1981-11-09 00:44:56'),(10,100,'1974-01-09 06:42:10');
/*!40000 ALTER TABLE `communities_users` ENABLE KEYS */;
UNLOCK TABLES;

--
-- Table structure for table `documents`
--

DROP TABLE IF EXISTS `documents`;
/*!40101 SET @saved_cs_client     = @@character_set_client */;
/*!50503 SET character_set_client = utf8mb4 */;
CREATE TABLE `documents` (
  `id` int unsigned NOT NULL AUTO_INCREMENT COMMENT 'Идентификатор строки',
  `user_id` int unsigned NOT NULL COMMENT 'Ссылка на пользователя, который загрузил файл',
  `filename` varchar(255) COLLATE utf8_unicode_ci NOT NULL,
  `created_at` datetime DEFAULT CURRENT_TIMESTAMP COMMENT 'Время создания строки',
  `updated_at` datetime DEFAULT CURRENT_TIMESTAMP ON UPDATE CURRENT_TIMESTAMP COMMENT 'Время обновления строки',
  PRIMARY KEY (`id`),
  KEY `documents_user_id_fk` (`user_id`),
  CONSTRAINT `documents_user_id_fk` FOREIGN KEY (`user_id`) REFERENCES `users` (`id`)
) ENGINE=InnoDB AUTO_INCREMENT=101 DEFAULT CHARSET=utf8 COLLATE=utf8_unicode_ci COMMENT='Файлы';
/*!40101 SET character_set_client = @saved_cs_client */;

--
-- Dumping data for table `documents`
--

LOCK TABLES `documents` WRITE;
/*!40000 ALTER TABLE `documents` DISABLE KEYS */;
INSERT INTO `documents` VALUES (1,30,'https://dropbox.com/vk/non.xls','1991-11-18 15:13:08','2020-06-26 19:18:10'),(2,25,'https://dropbox.com/vk/et.doc','2006-01-29 05:46:11','2020-06-26 19:18:10'),(3,57,'https://dropbox.com/vk/optio.djvu','1986-01-11 05:36:44','2020-06-26 19:18:10'),(4,56,'https://dropbox.com/vk/illo.djvu','1970-01-08 09:10:10','2020-06-26 19:18:10'),(5,28,'https://dropbox.com/vk/voluptas.djvu','1990-01-23 05:22:26','2020-06-26 19:18:10'),(6,13,'https://dropbox.com/vk/ut.pdf','1997-08-06 07:52:44','2020-06-26 19:18:10'),(7,37,'https://dropbox.com/vk/sed.doc','1987-10-14 09:58:56','2020-06-26 19:18:10'),(8,19,'https://dropbox.com/vk/quidem.odt','1974-04-08 16:54:33','2020-06-26 19:18:10'),(9,24,'https://dropbox.com/vk/illum.odt','2011-01-07 06:51:23','2020-06-26 19:18:10'),(10,79,'https://dropbox.com/vk/inventore.odt','2009-12-31 00:26:51','2020-06-26 19:18:10'),(11,34,'https://dropbox.com/vk/tenetur.xlsx','1982-11-26 01:52:53','2020-06-26 19:18:10'),(12,29,'https://dropbox.com/vk/possimus.xls','2013-09-27 03:20:04','2020-06-26 19:18:10'),(13,65,'https://dropbox.com/vk/odio.xlsx','1976-10-03 23:12:41','2020-06-26 19:18:10'),(14,44,'https://dropbox.com/vk/libero.xls','1971-06-14 17:00:14','2020-06-26 19:18:10'),(15,64,'https://dropbox.com/vk/exercitationem.odt','1999-12-24 00:27:22','2020-06-26 19:18:10'),(16,77,'https://dropbox.com/vk/eligendi.xls','2003-09-25 23:44:42','2020-06-26 19:18:10'),(17,76,'https://dropbox.com/vk/laboriosam.djvu','2018-08-15 10:01:15','2020-06-26 19:18:10'),(18,46,'https://dropbox.com/vk/earum.odt','2004-04-14 23:10:37','2020-06-26 19:18:10'),(19,87,'https://dropbox.com/vk/accusamus.djvu','1982-08-23 07:59:40','2020-06-26 19:18:10'),(20,53,'https://dropbox.com/vk/velit.djvu','1970-04-09 14:40:22','2020-06-26 19:18:10'),(21,10,'https://dropbox.com/vk/nostrum.doc','1978-01-22 16:58:45','2020-06-26 19:18:10'),(22,9,'https://dropbox.com/vk/dicta.docx','1990-03-28 03:06:28','2020-06-26 19:18:10'),(23,75,'https://dropbox.com/vk/quibusdam.odt','1995-02-18 16:44:58','2020-06-26 19:18:10'),(24,27,'https://dropbox.com/vk/doloribus.docx','1971-05-18 17:16:10','2020-06-26 19:18:10'),(25,5,'https://dropbox.com/vk/hic.doc','1986-06-30 12:57:51','2020-06-26 19:18:10'),(26,15,'https://dropbox.com/vk/neque.odt','1977-05-30 12:00:12','2020-06-26 19:18:10'),(27,62,'https://dropbox.com/vk/rerum.docx','2004-12-18 17:26:43','2020-06-26 19:18:10'),(28,88,'https://dropbox.com/vk/natus.doc','1993-10-28 16:34:20','2020-06-26 19:18:10'),(29,90,'https://dropbox.com/vk/placeat.xlsx','1997-01-12 08:18:37','2020-06-26 19:18:10'),(30,94,'https://dropbox.com/vk/quam.doc','2003-04-13 20:17:03','2020-06-26 19:18:10'),(31,55,'https://dropbox.com/vk/dolor.pdf','2013-10-27 05:26:18','2020-06-26 19:18:10'),(32,7,'https://dropbox.com/vk/consequatur.doc','1986-08-06 14:32:45','2020-06-26 19:18:10'),(33,26,'https://dropbox.com/vk/in.docx','2017-06-06 09:11:13','2020-06-26 19:18:10'),(34,92,'https://dropbox.com/vk/iusto.docx','1997-08-16 20:37:26','2020-06-26 19:18:10'),(35,39,'https://dropbox.com/vk/id.djvu','2007-02-19 12:24:49','2020-06-26 19:18:10'),(36,84,'https://dropbox.com/vk/sint.xls','1985-01-05 11:16:39','2020-06-26 19:18:10'),(37,68,'https://dropbox.com/vk/aliquid.docx','1995-04-21 11:45:01','2020-06-26 19:18:10'),(38,83,'https://dropbox.com/vk/amet.doc','1999-10-09 13:54:51','2020-06-26 19:18:10'),(39,86,'https://dropbox.com/vk/autem.xlsx','1986-08-27 13:32:29','2020-06-26 19:18:10'),(40,8,'https://dropbox.com/vk/aut.odt','2008-05-21 14:25:45','2020-06-26 19:18:10'),(41,91,'https://dropbox.com/vk/dolores.pdf','1971-08-09 13:43:48','2020-06-26 19:18:10'),(42,32,'https://dropbox.com/vk/quos.djvu','1995-10-29 10:20:04','2020-06-26 19:18:10'),(43,52,'https://dropbox.com/vk/ad.doc','1987-11-19 10:05:11','2020-06-26 19:18:10'),(44,4,'https://dropbox.com/vk/quia.odt','1982-11-14 10:19:42','2020-06-26 19:18:10'),(45,45,'https://dropbox.com/vk/sunt.docx','1973-02-15 12:36:34','2020-06-26 19:18:10'),(46,66,'https://dropbox.com/vk/ipsum.djvu','2004-08-24 04:27:52','2020-06-26 19:18:10'),(47,50,'https://dropbox.com/vk/beatae.pdf','1998-02-07 10:01:44','2020-06-26 19:18:10'),(48,97,'https://dropbox.com/vk/nihil.xls','1970-12-06 15:35:02','2020-06-26 19:18:10'),(49,51,'https://dropbox.com/vk/excepturi.doc','1998-10-22 04:56:42','2020-06-26 19:18:10'),(50,47,'https://dropbox.com/vk/nam.odt','1985-09-09 06:08:03','2020-06-26 19:18:10'),(51,59,'https://dropbox.com/vk/ea.odt','1971-10-01 04:13:03','2020-06-26 19:18:10'),(52,67,'https://dropbox.com/vk/fugit.pdf','1996-11-11 03:24:23','2020-06-26 19:18:10'),(53,23,'https://dropbox.com/vk/eos.xls','2013-06-21 17:36:53','2020-06-26 19:18:10'),(54,31,'https://dropbox.com/vk/nisi.odt','1972-05-03 18:38:15','2020-06-26 19:18:10'),(55,58,'https://dropbox.com/vk/quis.xls','1984-09-28 17:57:07','2020-06-26 19:18:10'),(56,85,'https://dropbox.com/vk/at.xlsx','1995-08-03 13:47:30','2020-06-26 19:18:10'),(57,20,'https://dropbox.com/vk/saepe.doc','1999-09-19 14:41:54','2020-06-26 19:18:10'),(58,33,'https://dropbox.com/vk/error.docx','1973-08-26 08:53:15','2020-06-26 19:18:10'),(59,69,'https://dropbox.com/vk/laudantium.djvu','1989-11-28 15:31:08','2020-06-26 19:18:10'),(60,100,'https://dropbox.com/vk/omnis.pdf','1992-08-05 07:14:27','2020-06-26 19:18:10'),(61,16,'https://dropbox.com/vk/debitis.xlsx','1989-01-01 09:03:39','2020-06-26 19:18:10'),(62,3,'https://dropbox.com/vk/facere.djvu','1975-07-29 00:15:32','2020-06-26 19:18:10'),(63,80,'https://dropbox.com/vk/suscipit.pdf','1971-09-27 16:54:01','2020-06-26 19:18:10'),(64,82,'https://dropbox.com/vk/corporis.pdf','2012-12-07 10:05:13','2020-06-26 19:18:10'),(65,21,'https://dropbox.com/vk/labore.doc','2005-10-27 23:08:02','2020-06-26 19:18:10'),(66,61,'https://dropbox.com/vk/molestias.odt','2002-03-08 11:36:06','2020-06-26 19:18:10'),(67,2,'https://dropbox.com/vk/doloremque.doc','1978-02-08 17:41:21','2020-06-26 19:18:10'),(68,11,'https://dropbox.com/vk/modi.doc','2002-07-30 16:54:18','2020-06-26 19:18:10'),(69,71,'https://dropbox.com/vk/sit.pdf','2017-02-06 08:59:14','2020-06-26 19:18:10'),(70,99,'https://dropbox.com/vk/repellendus.doc','1976-10-21 05:55:16','2020-06-26 19:18:10'),(71,41,'https://dropbox.com/vk/expedita.xlsx','1974-11-19 23:13:23','2020-06-26 19:18:10'),(72,12,'https://dropbox.com/vk/consequuntur.doc','1992-07-01 06:40:44','2020-06-26 19:18:10'),(73,48,'https://dropbox.com/vk/minima.djvu','1972-06-09 10:52:50','2020-06-26 19:18:10'),(74,70,'https://dropbox.com/vk/maiores.pdf','1985-05-21 08:55:06','2020-06-26 19:18:10'),(75,98,'https://dropbox.com/vk/repudiandae.doc','2011-03-23 17:42:28','2020-06-26 19:18:10'),(76,40,'https://dropbox.com/vk/explicabo.doc','1985-08-22 11:28:28','2020-06-26 19:18:10'),(77,89,'https://dropbox.com/vk/perspiciatis.odt','1992-05-17 02:01:25','2020-06-26 19:18:10'),(78,18,'https://dropbox.com/vk/ratione.docx','1975-03-02 11:02:18','2020-06-26 19:18:10'),(79,6,'https://dropbox.com/vk/unde.odt','2015-12-13 05:32:10','2020-06-26 19:18:10'),(80,93,'https://dropbox.com/vk/vel.odt','2012-05-08 22:31:01','2020-06-26 19:18:10'),(81,63,'https://dropbox.com/vk/eum.pdf','1998-05-06 13:01:00','2020-06-26 19:18:10'),(82,81,'https://dropbox.com/vk/voluptatem.djvu','1993-08-23 07:35:12','2020-06-26 19:18:10'),(83,36,'https://dropbox.com/vk/nulla.docx','2000-09-02 21:12:51','2020-06-26 19:18:10'),(84,73,'https://dropbox.com/vk/sapiente.docx','1978-03-21 03:45:46','2020-06-26 19:18:10'),(85,42,'https://dropbox.com/vk/dignissimos.pdf','2005-09-24 16:23:08','2020-06-26 19:18:10'),(86,60,'https://dropbox.com/vk/aliquam.xlsx','1970-05-31 11:08:43','2020-06-26 19:18:10'),(87,78,'https://dropbox.com/vk/enim.doc','2003-10-07 17:44:19','2020-06-26 19:18:10'),(88,96,'https://dropbox.com/vk/reiciendis.doc','1995-10-22 17:15:10','2020-06-26 19:18:10'),(89,49,'https://dropbox.com/vk/molestiae.doc','1987-12-05 11:29:48','2020-06-26 19:18:10'),(90,17,'https://dropbox.com/vk/cupiditate.djvu','1994-01-20 07:43:59','2020-06-26 19:18:10'),(91,14,'https://dropbox.com/vk/delectus.djvu','1980-04-14 21:30:08','2020-06-26 19:18:10'),(92,22,'https://dropbox.com/vk/eius.xlsx','1987-12-22 18:11:13','2020-06-26 19:18:10'),(93,72,'https://dropbox.com/vk/quo.djvu','2010-08-08 22:27:15','2020-06-26 19:18:10'),(94,74,'https://dropbox.com/vk/nemo.djvu','2008-08-20 01:47:32','2020-06-26 19:18:10'),(95,38,'https://dropbox.com/vk/mollitia.odt','2007-10-03 15:23:08','2020-06-26 19:18:10'),(96,35,'https://dropbox.com/vk/nesciunt.xlsx','1988-10-06 07:39:40','2020-06-26 19:18:10'),(97,1,'https://dropbox.com/vk/impedit.xlsx','1983-02-09 20:12:29','2020-06-26 19:18:10'),(98,43,'https://dropbox.com/vk/perferendis.docx','2011-05-12 03:08:17','2020-06-26 19:18:10'),(99,54,'https://dropbox.com/vk/ducimus.djvu','1973-05-22 22:15:19','2020-06-26 19:18:10'),(100,95,'https://dropbox.com/vk/sequi.docx','1995-12-30 07:28:21','2020-06-26 19:18:10');
/*!40000 ALTER TABLE `documents` ENABLE KEYS */;
UNLOCK TABLES;

--
-- Table structure for table `friendship`
--

DROP TABLE IF EXISTS `friendship`;
/*!40101 SET @saved_cs_client     = @@character_set_client */;
/*!50503 SET character_set_client = utf8mb4 */;
CREATE TABLE `friendship` (
  `user_id` int unsigned NOT NULL COMMENT 'Ссылка на инициатора дружеских отношений',
  `friend_id` int unsigned NOT NULL COMMENT 'Ссылка на получателя приглашения дружить',
  `status_id` int unsigned NOT NULL COMMENT 'Ссылка на статус (текущее состояние) отношений',
  `confirmed_at` datetime DEFAULT NULL COMMENT 'Время подтверждения приглашения',
  `created_at` datetime DEFAULT CURRENT_TIMESTAMP COMMENT 'Время создания строки',
  `updated_at` datetime DEFAULT CURRENT_TIMESTAMP ON UPDATE CURRENT_TIMESTAMP COMMENT 'Время обновления строки',
  PRIMARY KEY (`user_id`,`friend_id`) COMMENT 'Составной первичный ключ',
  KEY `friendship_friend_id_fk` (`friend_id`),
  KEY `friendship_status_id_fk` (`status_id`),
  CONSTRAINT `friendship_friend_id_fk` FOREIGN KEY (`friend_id`) REFERENCES `users` (`id`),
  CONSTRAINT `friendship_status_id_fk` FOREIGN KEY (`status_id`) REFERENCES `friendship_statuses` (`id`),
  CONSTRAINT `friendship_user_id_fk` FOREIGN KEY (`user_id`) REFERENCES `users` (`id`)
) ENGINE=InnoDB DEFAULT CHARSET=utf8 COLLATE=utf8_unicode_ci COMMENT='Таблица дружбы';
/*!40101 SET character_set_client = @saved_cs_client */;

--
-- Dumping data for table `friendship`
--

LOCK TABLES `friendship` WRITE;
/*!40000 ALTER TABLE `friendship` DISABLE KEYS */;
INSERT INTO `friendship` VALUES (1,22,2,'2020-06-26 18:41:57','2000-01-18 00:25:40','2020-06-26 18:55:32'),(1,58,1,'1993-02-04 08:28:07','1983-04-09 12:55:43','2020-06-26 18:47:07'),(2,73,3,'2020-06-26 18:41:57','1992-05-02 19:50:41','2020-06-26 18:55:32'),(2,95,2,'1989-12-03 18:25:39','1982-09-25 10:27:14','2020-06-26 18:55:32'),(3,69,3,'2020-06-26 18:41:57','2003-02-17 18:26:53','2020-06-26 18:55:32'),(3,88,3,'2000-05-10 06:21:07','1985-02-21 04:50:32','2020-06-26 18:55:32'),(5,22,1,'2014-09-04 21:12:30','1982-10-20 11:47:09','2020-06-26 18:55:32'),(5,44,1,'2020-06-26 18:41:57','2005-06-18 04:32:23','2020-06-26 18:47:07'),(5,91,1,'2013-02-15 09:01:45','2012-07-08 04:20:41','2020-06-26 18:55:32'),(6,4,1,'1987-09-22 04:52:21','1976-07-27 11:35:40','2020-06-26 18:55:32'),(6,64,3,'2020-06-26 18:41:57','2015-09-23 18:27:45','2020-06-26 18:55:32'),(7,15,3,'2020-06-26 18:41:57','2018-11-02 23:16:55','2020-06-26 18:55:32'),(8,39,2,'2020-06-26 18:41:57','2015-08-08 20:37:01','2020-06-26 18:55:32'),(8,90,2,'2017-04-14 08:14:37','1995-02-28 20:39:22','2020-06-26 18:55:32'),(9,51,1,'2015-10-22 18:17:38','1997-12-06 20:59:12','2020-06-26 18:47:07'),(10,18,1,'1993-10-08 23:11:57','1978-11-10 14:05:44','2020-06-26 18:55:32'),(12,78,1,'2020-06-26 18:41:57','2008-05-20 05:40:26','2020-06-26 18:55:32'),(15,29,3,'2013-02-14 02:15:55','1995-02-14 13:19:32','2020-06-26 18:55:32'),(15,76,2,'2020-06-26 18:41:57','1979-09-17 19:49:50','2020-06-26 18:47:07'),(17,48,1,'2020-06-26 18:41:57','1991-01-14 04:06:16','2020-06-26 18:47:07'),(18,79,2,'2000-03-06 09:31:02','1971-05-06 18:38:59','2020-06-26 18:47:07'),(19,15,1,'2020-06-26 18:41:57','2003-01-03 14:30:50','2020-06-26 18:55:32'),(20,93,3,'2020-06-26 18:41:57','1997-06-09 11:46:09','2020-06-26 18:55:32'),(21,13,1,'2020-06-26 18:41:57','2014-01-14 06:47:38','2020-06-26 18:47:07'),(21,60,1,'1994-04-08 06:09:44','1989-05-25 02:10:09','2020-06-26 18:55:32'),(21,64,1,'1989-05-24 08:30:20','1979-02-12 15:22:26','2020-06-26 18:55:32'),(22,2,3,'1980-01-31 11:28:51','1979-12-26 07:22:54','2020-06-26 18:55:32'),(23,12,3,'2020-06-26 18:41:57','1993-04-09 14:02:52','2020-06-26 18:55:32'),(23,32,1,'2020-06-26 18:41:57','2018-03-26 07:12:33','2020-06-26 18:47:07'),(25,31,1,'1997-09-26 14:08:45','1974-03-11 13:32:56','2020-06-26 18:55:32'),(26,14,3,'2000-11-26 23:52:28','1986-11-20 22:41:06','2020-06-26 18:55:32'),(26,61,3,'2009-10-28 07:52:47','1971-10-20 10:53:58','2020-06-26 18:55:32'),(27,63,3,'2002-06-12 09:37:28','1999-12-29 23:18:29','2020-06-26 18:55:32'),(28,87,3,'2020-06-26 18:41:57','1995-04-12 18:01:05','2020-06-26 18:55:32'),(29,82,3,'1984-05-31 03:27:11','1976-03-11 16:36:17','2020-06-26 18:55:32'),(32,84,1,'1986-01-11 18:26:08','1975-10-02 22:31:49','2020-06-26 18:47:07'),(33,77,2,'2020-04-30 16:54:16','2002-02-01 13:45:36','2020-06-26 18:55:32'),(34,42,2,'2020-06-26 18:41:57','1991-05-14 07:09:03','2020-06-26 18:55:32'),(35,95,1,'2020-06-26 18:41:57','2005-12-14 17:17:57','2020-06-26 18:47:07'),(36,38,3,'2020-06-26 18:41:57','2000-12-12 06:20:59','2020-06-26 18:55:32'),(37,46,3,'2020-06-26 18:41:57','1996-10-18 07:11:10','2020-06-26 18:55:32'),(37,77,2,'2020-06-26 18:41:57','1976-08-28 19:12:35','2020-06-26 18:55:32'),(38,79,1,'2018-11-29 13:54:04','1998-10-26 12:51:32','2020-06-26 18:55:32'),(39,100,3,'2009-04-15 21:50:36','1989-01-06 15:53:51','2020-06-26 18:55:32'),(41,67,1,'2013-09-14 22:45:25','1984-05-26 20:23:13','2020-06-26 18:47:07'),(41,69,2,'2017-04-14 02:23:22','2003-10-30 13:59:29','2020-06-26 18:47:07'),(42,5,1,'2020-06-26 18:41:57','1999-01-21 01:56:41','2020-06-26 18:55:32'),(42,92,1,'2020-06-26 18:41:57','1993-01-28 12:44:54','2020-06-26 18:47:07'),(43,14,2,'2020-06-26 18:41:57','2003-09-21 01:48:42','2020-06-26 18:47:07'),(43,38,2,'1998-02-07 11:52:42','1976-10-11 22:21:06','2020-06-26 18:47:07'),(45,68,2,'2020-06-26 18:41:57','2014-09-30 13:21:36','2020-06-26 18:55:32'),(47,38,3,'2020-06-26 18:41:57','2006-03-27 21:30:40','2020-06-26 18:55:32'),(48,13,3,'2017-09-03 21:42:11','1997-07-08 21:09:50','2020-06-26 18:55:32'),(49,23,2,'1994-10-12 18:29:21','1991-09-13 02:11:33','2020-06-26 18:55:32'),(49,32,1,'2020-06-26 18:41:57','2003-04-13 18:51:08','2020-06-26 18:55:32'),(50,7,2,'1993-09-14 14:17:12','1979-06-10 21:28:58','2020-06-26 18:55:32'),(51,39,1,'2005-01-26 02:00:41','2004-01-29 21:45:06','2020-06-26 18:47:07'),(51,93,1,'2020-06-26 18:41:57','2016-12-14 06:38:45','2020-06-26 18:55:32'),(54,38,2,'2020-06-26 18:41:57','2019-09-01 17:12:54','2020-06-26 18:47:07'),(54,74,3,'1988-05-03 09:32:19','1971-06-15 19:00:25','2020-06-26 18:55:32'),(56,90,2,'2020-06-26 18:41:57','1994-05-07 20:44:30','2020-06-26 18:55:32'),(57,65,2,'2020-06-26 18:41:57','2019-06-14 09:32:31','2020-06-26 18:47:07'),(57,76,3,'2020-06-26 18:41:57','1997-12-08 23:29:20','2020-06-26 18:55:32'),(58,20,1,'2020-06-26 18:41:57','2015-07-18 07:53:03','2020-06-26 18:47:07'),(62,32,3,'2020-06-26 18:41:57','2007-07-09 09:54:57','2020-06-26 18:55:32'),(62,53,3,'2020-06-26 18:41:57','2010-12-20 23:09:51','2020-06-26 18:55:32'),(64,3,1,'1987-05-18 06:21:57','1971-11-03 06:08:13','2020-06-26 18:55:32'),(70,78,3,'2020-06-26 18:41:57','2007-01-28 22:14:25','2020-06-26 18:55:32'),(71,91,2,'2010-03-16 03:39:00','1991-10-19 21:16:49','2020-06-26 18:51:02'),(72,40,2,'2020-06-26 18:41:57','1998-08-24 05:25:10','2020-06-26 18:55:32'),(72,52,1,'2020-06-26 18:41:57','1997-10-26 06:10:06','2020-06-26 18:55:32'),(72,67,3,'2020-06-26 18:41:57','1991-03-19 18:47:05','2020-06-26 18:55:32'),(72,73,1,'2020-06-26 18:41:57','2012-01-12 03:47:41','2020-06-26 18:55:32'),(75,42,1,'2020-06-26 18:41:57','1987-02-05 16:18:03','2020-06-26 18:47:07'),(79,2,3,'2020-06-04 22:26:12','1977-12-29 19:42:13','2020-06-26 18:55:32'),(79,84,1,'2019-09-09 04:28:36','2013-05-23 04:14:46','2020-06-26 18:47:07'),(80,28,2,'2003-05-23 23:28:59','1996-05-10 17:46:59','2020-06-26 18:55:32'),(80,50,2,'2020-06-26 18:41:57','2012-06-17 14:18:20','2020-06-26 18:55:32'),(80,64,1,'2017-07-27 17:27:21','1984-07-03 09:13:29','2020-06-26 18:55:32'),(80,87,1,'2020-06-26 18:41:57','2009-02-07 15:50:31','2020-06-26 18:55:32'),(81,46,2,'2013-10-06 11:03:06','1974-10-27 23:27:35','2020-06-26 18:47:07'),(81,68,3,'2020-06-26 18:41:57','2001-06-16 08:34:38','2020-06-26 18:55:32'),(83,94,3,'2009-08-10 12:24:44','1998-05-18 17:33:56','2020-06-26 18:55:32'),(84,98,2,'2020-06-26 18:41:57','2011-08-12 15:01:40','2020-06-26 18:55:32'),(85,23,1,'2020-06-26 18:41:57','2015-02-27 14:55:50','2020-06-26 18:47:07'),(86,3,3,'2010-01-14 02:04:12','2009-07-02 17:01:06','2020-06-26 18:55:32'),(86,57,1,'2017-11-13 18:00:01','1974-07-12 15:06:47','2020-06-26 18:55:32'),(86,85,3,'2020-06-26 18:41:57','1997-12-31 07:48:56','2020-06-26 18:55:32'),(87,1,2,'2005-06-15 03:04:22','1988-11-20 16:59:30','2020-06-26 18:47:07'),(87,97,1,'2007-09-26 23:50:59','1992-06-01 20:14:55','2020-06-26 18:47:07'),(90,15,2,'2003-01-27 02:15:48','1996-10-05 17:54:09','2020-06-26 18:47:07'),(91,15,1,'2020-06-26 18:41:57','1997-11-05 02:54:22','2020-06-26 18:47:07'),(92,65,3,'1996-07-25 12:32:22','1990-03-23 22:59:07','2020-06-26 18:55:32'),(93,1,2,'2020-06-26 18:41:57','2020-01-08 00:29:23','2020-06-26 18:55:32'),(96,18,2,'2017-03-22 03:48:08','1974-03-06 07:29:40','2020-06-26 18:47:07'),(99,3,2,'1987-03-13 08:21:26','1983-12-25 00:00:14','2020-06-26 18:47:07'),(99,9,2,'2020-06-26 18:41:57','1984-06-10 23:43:40','2020-06-26 18:47:07'),(99,80,3,'1994-03-21 07:43:10','1991-09-12 17:37:07','2020-06-26 18:55:32'),(100,48,3,'1987-02-15 14:50:40','1972-03-06 22:42:26','2020-06-26 18:55:32'),(100,92,3,'2002-06-24 22:42:11','1989-02-19 07:57:57','2020-06-26 18:55:32');
/*!40000 ALTER TABLE `friendship` ENABLE KEYS */;
UNLOCK TABLES;

--
-- Table structure for table `friendship_statuses`
--

DROP TABLE IF EXISTS `friendship_statuses`;
/*!40101 SET @saved_cs_client     = @@character_set_client */;
/*!50503 SET character_set_client = utf8mb4 */;
CREATE TABLE `friendship_statuses` (
  `id` int unsigned NOT NULL AUTO_INCREMENT COMMENT 'Идентификатор строки',
  `name` varchar(150) CHARACTER SET utf8 COLLATE utf8_unicode_ci NOT NULL COMMENT 'Название статуса',
  `created_at` datetime DEFAULT CURRENT_TIMESTAMP COMMENT 'Время создания строки',
  `updated_at` datetime DEFAULT CURRENT_TIMESTAMP ON UPDATE CURRENT_TIMESTAMP COMMENT 'Время обновления строки',
  PRIMARY KEY (`id`),
  UNIQUE KEY `name` (`name`)
) ENGINE=InnoDB AUTO_INCREMENT=4 DEFAULT CHARSET=utf8 COLLATE=utf8_unicode_ci COMMENT='Статусы дружбы';
/*!40101 SET character_set_client = @saved_cs_client */;

--
-- Dumping data for table `friendship_statuses`
--

LOCK TABLES `friendship_statuses` WRITE;
/*!40000 ALTER TABLE `friendship_statuses` DISABLE KEYS */;
INSERT INTO `friendship_statuses` VALUES (1,'Requested','1997-03-21 07:15:46','2020-06-26 18:54:30'),(2,'Confirmed','2002-07-03 23:21:34','2020-06-26 18:54:46'),(3,'Rejected','2020-06-26 18:53:38','2020-06-26 18:53:38');
/*!40000 ALTER TABLE `friendship_statuses` ENABLE KEYS */;
UNLOCK TABLES;

--
-- Table structure for table `likes`
--

DROP TABLE IF EXISTS `likes`;
/*!40101 SET @saved_cs_client     = @@character_set_client */;
/*!50503 SET character_set_client = utf8mb4 */;
CREATE TABLE `likes` (
  `id` int unsigned NOT NULL AUTO_INCREMENT,
  `user_id` int unsigned NOT NULL,
  `target_id` int unsigned NOT NULL,
  `target_type_id` int unsigned NOT NULL,
  `created_at` datetime DEFAULT CURRENT_TIMESTAMP,
  PRIMARY KEY (`id`),
  KEY `likes_user_id_fk` (`user_id`),
  KEY `target_type_id_fk` (`target_type_id`),
  KEY `target_id_fk` (`target_id`),
  CONSTRAINT `likes_user_id_fk` FOREIGN KEY (`user_id`) REFERENCES `users` (`id`),
  CONSTRAINT `target_id_fk` FOREIGN KEY (`target_id`) REFERENCES `posts` (`id`),
  CONSTRAINT `target_type_id_fk` FOREIGN KEY (`target_type_id`) REFERENCES `target_types` (`id`)
) ENGINE=InnoDB AUTO_INCREMENT=101 DEFAULT CHARSET=utf8mb4 COLLATE=utf8mb4_0900_ai_ci;
/*!40101 SET character_set_client = @saved_cs_client */;

--
-- Dumping data for table `likes`
--

LOCK TABLES `likes` WRITE;
/*!40000 ALTER TABLE `likes` DISABLE KEYS */;
INSERT INTO `likes` VALUES (1,45,5,4,'2020-07-06 21:16:50'),(2,26,67,3,'2020-07-06 21:16:50'),(3,20,37,1,'2020-07-06 21:16:50'),(4,25,81,2,'2020-07-06 21:16:50'),(5,37,89,2,'2020-07-06 21:16:50'),(6,3,80,4,'2020-07-06 21:16:50'),(7,34,3,1,'2020-07-06 21:16:50'),(8,13,47,4,'2020-07-06 21:16:50'),(9,90,89,4,'2020-07-06 21:16:50'),(10,94,51,3,'2020-07-06 21:16:50'),(11,23,13,4,'2020-07-06 21:16:50'),(12,55,53,1,'2020-07-06 21:16:50'),(13,16,82,3,'2020-07-06 21:16:50'),(14,15,2,3,'2020-07-06 21:16:50'),(15,83,15,1,'2020-07-06 21:16:50'),(16,29,24,2,'2020-07-06 21:16:50'),(17,2,48,2,'2020-07-06 21:16:50'),(18,13,72,1,'2020-07-06 21:16:50'),(19,12,87,4,'2020-07-06 21:16:50'),(20,77,98,3,'2020-07-06 21:16:50'),(21,76,26,4,'2020-07-06 21:16:50'),(22,88,82,2,'2020-07-06 21:16:50'),(23,50,100,2,'2020-07-06 21:16:50'),(24,60,67,3,'2020-07-06 21:16:50'),(25,55,20,2,'2020-07-06 21:16:50'),(26,95,10,3,'2020-07-06 21:16:50'),(27,30,23,1,'2020-07-06 21:16:50'),(28,67,2,1,'2020-07-06 21:16:50'),(29,43,68,1,'2020-07-06 21:16:50'),(30,54,35,1,'2020-07-06 21:16:50'),(31,20,61,2,'2020-07-06 21:16:50'),(32,44,16,2,'2020-07-06 21:16:50'),(33,18,57,2,'2020-07-06 21:16:50'),(34,20,24,3,'2020-07-06 21:16:50'),(35,70,85,1,'2020-07-06 21:16:50'),(36,56,47,3,'2020-07-06 21:16:50'),(37,10,97,3,'2020-07-06 21:16:50'),(38,56,42,2,'2020-07-06 21:16:50'),(39,77,48,1,'2020-07-06 21:16:50'),(40,28,85,2,'2020-07-06 21:16:50'),(41,42,32,2,'2020-07-06 21:16:50'),(42,84,52,1,'2020-07-06 21:16:50'),(43,33,76,4,'2020-07-06 21:16:50'),(44,67,46,2,'2020-07-06 21:16:50'),(45,2,57,4,'2020-07-06 21:16:50'),(46,19,15,1,'2020-07-06 21:16:50'),(47,76,61,3,'2020-07-06 21:16:50'),(48,86,10,4,'2020-07-06 21:16:50'),(49,47,38,2,'2020-07-06 21:16:50'),(50,97,88,2,'2020-07-06 21:16:50'),(51,62,15,4,'2020-07-06 21:16:50'),(52,59,73,4,'2020-07-06 21:16:50'),(53,26,88,3,'2020-07-06 21:16:50'),(54,44,68,1,'2020-07-06 21:16:50'),(55,32,7,2,'2020-07-06 21:16:50'),(56,44,78,3,'2020-07-06 21:16:50'),(57,46,60,3,'2020-07-06 21:16:50'),(58,59,18,1,'2020-07-06 21:16:50'),(59,25,86,3,'2020-07-06 21:16:50'),(60,30,55,4,'2020-07-06 21:16:50'),(61,1,38,4,'2020-07-06 21:16:50'),(62,40,17,3,'2020-07-06 21:16:50'),(63,56,39,2,'2020-07-06 21:16:50'),(64,47,42,3,'2020-07-06 21:16:50'),(65,75,33,2,'2020-07-06 21:16:50'),(66,88,43,3,'2020-07-06 21:16:50'),(67,12,95,2,'2020-07-06 21:16:50'),(68,78,68,1,'2020-07-06 21:16:50'),(69,7,2,4,'2020-07-06 21:16:50'),(70,61,94,4,'2020-07-06 21:16:50'),(71,13,72,1,'2020-07-06 21:16:50'),(72,24,8,3,'2020-07-06 21:16:50'),(73,74,82,4,'2020-07-06 21:16:50'),(74,64,36,4,'2020-07-06 21:16:50'),(75,51,96,2,'2020-07-06 21:16:50'),(76,3,28,2,'2020-07-06 21:16:50'),(77,5,14,3,'2020-07-06 21:16:50'),(78,23,46,3,'2020-07-06 21:16:50'),(79,88,13,4,'2020-07-06 21:16:50'),(80,67,72,3,'2020-07-06 21:16:50'),(81,41,91,2,'2020-07-06 21:16:50'),(82,97,74,4,'2020-07-06 21:16:50'),(83,74,71,2,'2020-07-06 21:16:50'),(84,89,82,2,'2020-07-06 21:16:50'),(85,19,74,1,'2020-07-06 21:16:50'),(86,77,86,4,'2020-07-06 21:16:50'),(87,29,23,2,'2020-07-06 21:16:50'),(88,22,94,1,'2020-07-06 21:16:50'),(89,81,12,1,'2020-07-06 21:16:50'),(90,86,21,2,'2020-07-06 21:16:50'),(91,93,71,3,'2020-07-06 21:16:50'),(92,84,52,1,'2020-07-06 21:16:50'),(93,92,92,4,'2020-07-06 21:16:50'),(94,36,14,3,'2020-07-06 21:16:50'),(95,60,100,1,'2020-07-06 21:16:50'),(96,6,30,2,'2020-07-06 21:16:50'),(97,67,68,2,'2020-07-06 21:16:50'),(98,37,17,3,'2020-07-06 21:16:50'),(99,57,3,2,'2020-07-06 21:16:50'),(100,12,58,3,'2020-07-06 21:16:50');
/*!40000 ALTER TABLE `likes` ENABLE KEYS */;
UNLOCK TABLES;

--
-- Table structure for table `media`
--

DROP TABLE IF EXISTS `media`;
/*!40101 SET @saved_cs_client     = @@character_set_client */;
/*!50503 SET character_set_client = utf8mb4 */;
CREATE TABLE `media` (
  `id` int unsigned NOT NULL AUTO_INCREMENT COMMENT 'Идентификатор строки',
  `user_id` int unsigned NOT NULL COMMENT 'Ссылка на пользователя, который загрузил файл',
  `filename` varchar(255) CHARACTER SET utf8 COLLATE utf8_unicode_ci NOT NULL COMMENT 'Путь к файлу',
  `size` int NOT NULL COMMENT 'Размер файла',
  `metadata` json DEFAULT NULL,
  `media_type_id` int unsigned NOT NULL COMMENT 'Ссылка на тип контента',
  `created_at` datetime DEFAULT CURRENT_TIMESTAMP COMMENT 'Время создания строки',
  `updated_at` datetime DEFAULT CURRENT_TIMESTAMP ON UPDATE CURRENT_TIMESTAMP COMMENT 'Время обновления строки',
  PRIMARY KEY (`id`),
  KEY `media_user_id_fk` (`user_id`),
  KEY `media_type_id_fk` (`media_type_id`),
  CONSTRAINT `media_type_id_fk` FOREIGN KEY (`media_type_id`) REFERENCES `media_types` (`id`),
  CONSTRAINT `media_user_id_fk` FOREIGN KEY (`user_id`) REFERENCES `users` (`id`),
  CONSTRAINT `media_chk_1` CHECK (json_valid(`metadata`))
) ENGINE=InnoDB AUTO_INCREMENT=101 DEFAULT CHARSET=utf8 COLLATE=utf8_unicode_ci COMMENT='Медиафайлы';
/*!40101 SET character_set_client = @saved_cs_client */;

--
-- Dumping data for table `media`
--

LOCK TABLES `media` WRITE;
/*!40000 ALTER TABLE `media` DISABLE KEYS */;
INSERT INTO `media` VALUES (1,21,'https://dropbox.com/vk/numquam.avi',6203215,'{\"owner\": \"Natalia Harvey\"}',2,'1999-09-03 02:14:15','2020-06-26 18:38:47'),(2,85,'https://dropbox.com/vk/atque.mp4',5675401,'{\"owner\": \"Millie Heathcote\"}',1,'2018-10-06 18:06:05','2020-06-26 18:38:47'),(3,60,'https://dropbox.com/vk/error.mp4',9757363,'{\"owner\": \"Miller Kohler\"}',1,'1976-02-28 20:38:54','2020-06-26 18:26:49'),(4,47,'https://dropbox.com/vk/laborum.mp4',1750610,'{\"owner\": \"Martina Mayer\"}',1,'1994-07-30 23:57:21','2020-06-26 18:38:47'),(5,56,'https://dropbox.com/vk/vel.mp3',9470965,'{\"owner\": \"Maggie Raynor\"}',1,'2016-12-09 08:56:37','2020-06-26 18:26:49'),(6,36,'https://dropbox.com/vk/non.avi',2092993,'{\"owner\": \"Theresia King\"}',1,'1983-09-29 02:34:31','2020-06-26 18:38:47'),(7,10,'https://dropbox.com/vk/sapiente.mp3',2042073,'{\"owner\": \"Camille Ernser\"}',1,'2014-02-13 12:22:47','2020-06-26 18:26:49'),(8,44,'https://dropbox.com/vk/et.jpeg',3921385,'{\"owner\": \"Misty Orn\"}',2,'2000-03-14 23:40:29','2020-06-26 18:26:49'),(9,90,'https://dropbox.com/vk/quisquam.gif',3470709,'{\"owner\": \"Nat Price\"}',3,'1984-09-23 13:10:53','2020-06-26 18:38:47'),(10,18,'https://dropbox.com/vk/veritatis.mp4',5579388,'{\"owner\": \"Alvah Torp\"}',1,'2004-02-20 22:23:49','2020-06-26 18:38:47'),(11,21,'https://dropbox.com/vk/voluptas.mp4',7474817,'{\"owner\": \"Natalia Harvey\"}',2,'1970-03-30 08:05:52','2020-06-26 18:38:47'),(12,47,'https://dropbox.com/vk/quae.png',625921,'{\"owner\": \"Martina Mayer\"}',1,'1977-07-21 02:31:36','2020-06-26 18:38:47'),(13,71,'https://dropbox.com/vk/numquam.mp4',695156,'{\"owner\": \"Eloise Hackett\"}',2,'1998-05-02 04:19:59','2020-06-26 18:38:47'),(14,17,'https://dropbox.com/vk/commodi.avi',1588015,'{\"owner\": \"Jodie Sipes\"}',1,'1975-01-30 14:39:12','2020-06-26 18:38:47'),(15,69,'https://dropbox.com/vk/sed.jpeg',5844608,'{\"owner\": \"Myra Dooley\"}',2,'2008-01-02 07:10:07','2020-06-26 18:38:47'),(16,92,'https://dropbox.com/vk/minima.mp3',4448995,'{\"owner\": \"Emmanuelle Fahey\"}',2,'2016-07-12 02:47:06','2020-06-26 18:26:49'),(17,55,'https://dropbox.com/vk/non.mp3',4701155,'{\"owner\": \"Ozella Kris\"}',3,'1984-02-14 14:04:36','2020-06-26 18:38:47'),(18,96,'https://dropbox.com/vk/cupiditate.gif',148789,'{\"owner\": \"Berenice Kassulke\"}',1,'1984-06-03 13:41:58','2020-06-26 18:38:47'),(19,17,'https://dropbox.com/vk/quaerat.jpeg',6630481,'{\"owner\": \"Jodie Sipes\"}',3,'2004-05-10 10:53:08','2020-06-26 18:38:47'),(20,96,'https://dropbox.com/vk/ipsa.mp4',2696037,'{\"owner\": \"Berenice Kassulke\"}',1,'2020-03-23 12:56:57','2020-06-26 18:38:47'),(21,29,'https://dropbox.com/vk/debitis.mp4',3578743,'{\"owner\": \"Mike Stark\"}',3,'1983-10-31 22:43:14','2020-06-26 18:38:47'),(22,54,'https://dropbox.com/vk/non.avi',9795604,'{\"owner\": \"Lily Harber\"}',1,'2019-02-21 18:53:37','2020-06-26 18:38:47'),(23,85,'https://dropbox.com/vk/corrupti.mp3',8231794,'{\"owner\": \"Millie Heathcote\"}',1,'1995-09-16 00:03:47','2020-06-26 18:26:49'),(24,64,'https://dropbox.com/vk/deserunt.gif',1762159,'{\"owner\": \"Derrick Kunde\"}',2,'2016-04-29 22:16:02','2020-06-26 18:26:49'),(25,62,'https://dropbox.com/vk/sequi.avi',4105413,'{\"owner\": \"Alfredo Okuneva\"}',2,'1993-04-30 17:12:47','2020-06-26 18:38:47'),(26,16,'https://dropbox.com/vk/debitis.mp3',5230591,'{\"owner\": \"Veronica McLaughlin\"}',3,'1971-04-30 12:00:13','2020-06-26 18:38:47'),(27,96,'https://dropbox.com/vk/corporis.gif',3826714,'{\"owner\": \"Berenice Kassulke\"}',2,'2017-03-15 22:13:38','2020-06-26 18:38:47'),(28,29,'https://dropbox.com/vk/mollitia.gif',3431797,'{\"owner\": \"Mike Stark\"}',3,'2003-11-13 00:31:31','2020-06-26 18:38:47'),(29,58,'https://dropbox.com/vk/voluptatem.png',5668845,'{\"owner\": \"Ayana Willms\"}',3,'1987-07-12 02:53:01','2020-06-26 18:38:47'),(30,3,'https://dropbox.com/vk/sed.avi',8038836,'{\"owner\": \"Sadye Streich\"}',1,'2019-05-04 15:19:26','2020-06-26 18:38:47'),(31,41,'https://dropbox.com/vk/numquam.mp4',3177644,'{\"owner\": \"Saul Labadie\"}',3,'2017-04-29 20:21:25','2020-06-26 18:38:47'),(32,96,'https://dropbox.com/vk/dolore.png',1761712,'{\"owner\": \"Berenice Kassulke\"}',1,'1971-03-23 21:35:33','2020-06-26 18:38:47'),(33,57,'https://dropbox.com/vk/omnis.jpeg',9265630,'{\"owner\": \"Gregoria Hamill\"}',2,'1974-11-10 01:41:39','2020-06-26 18:38:47'),(34,98,'https://dropbox.com/vk/qui.mp3',1033015,'{\"owner\": \"Nichole Harber\"}',3,'1983-05-21 00:59:31','2020-06-26 18:38:47'),(35,15,'https://dropbox.com/vk/totam.mp3',7358186,'{\"owner\": \"Rogelio Lehner\"}',1,'2009-09-15 08:40:43','2020-06-26 18:26:49'),(36,83,'https://dropbox.com/vk/ea.gif',3681885,'{\"owner\": \"Joaquin Wisoky\"}',1,'2001-10-09 14:06:54','2020-06-26 18:38:47'),(37,69,'https://dropbox.com/vk/voluptas.jpeg',6324866,'{\"owner\": \"Myra Dooley\"}',1,'1981-10-20 17:16:57','2020-06-26 18:26:49'),(38,95,'https://dropbox.com/vk/ut.jpeg',568678,'{\"owner\": \"Meaghan Kozey\"}',2,'1972-03-27 17:22:54','2020-06-26 18:26:49'),(39,67,'https://dropbox.com/vk/et.jpeg',3858793,'{\"owner\": \"Mark Dietrich\"}',1,'1976-04-29 02:26:18','2020-06-26 18:26:49'),(40,50,'https://dropbox.com/vk/sit.mp4',7577930,'{\"owner\": \"Deshaun Hagenes\"}',1,'1986-05-21 17:23:55','2020-06-26 18:38:47'),(41,49,'https://dropbox.com/vk/qui.avi',6303271,'{\"owner\": \"Anabel Kessler\"}',2,'1995-06-17 13:35:48','2020-06-26 18:38:47'),(42,96,'https://dropbox.com/vk/iure.gif',8772565,'{\"owner\": \"Berenice Kassulke\"}',3,'2016-05-17 11:05:32','2020-06-26 18:38:47'),(43,30,'https://dropbox.com/vk/et.mp3',4943016,'{\"owner\": \"Josianne Baumbach\"}',3,'1981-10-21 21:43:13','2020-06-26 18:38:47'),(44,61,'https://dropbox.com/vk/libero.gif',8387384,'{\"owner\": \"Cooper Walker\"}',3,'1994-08-10 05:49:50','2020-06-26 18:38:47'),(45,15,'https://dropbox.com/vk/corrupti.png',7097872,'{\"owner\": \"Rogelio Lehner\"}',3,'1979-12-24 16:16:29','2020-06-26 18:38:47'),(46,91,'https://dropbox.com/vk/aut.mp3',317210,'{\"owner\": \"Rasheed Schowalter\"}',2,'1988-01-15 05:53:06','2020-06-26 18:26:49'),(47,9,'https://dropbox.com/vk/sit.gif',282433,'{\"owner\": \"Selina Wiza\"}',2,'1985-07-24 23:03:40','2020-06-26 18:38:47'),(48,72,'https://dropbox.com/vk/ullam.jpeg',450539,'{\"owner\": \"Jaleel Conroy\"}',3,'1981-01-09 10:03:23','2020-06-26 18:38:47'),(49,34,'https://dropbox.com/vk/reprehenderit.jpeg',1395393,'{\"owner\": \"Malinda Predovic\"}',2,'2004-01-03 20:16:19','2020-06-26 18:38:47'),(50,51,'https://dropbox.com/vk/beatae.mp3',5615352,'{\"owner\": \"Linwood Corkery\"}',3,'2018-06-29 10:18:08','2020-06-26 18:38:47'),(51,55,'https://dropbox.com/vk/ducimus.gif',3880583,'{\"owner\": \"Ozella Kris\"}',1,'1997-06-17 20:45:11','2020-06-26 18:26:49'),(52,22,'https://dropbox.com/vk/dolorem.png',2546857,'{\"owner\": \"Gabrielle Armstrong\"}',1,'2017-02-13 22:02:19','2020-06-26 18:38:47'),(53,44,'https://dropbox.com/vk/dolores.mp3',1082538,'{\"owner\": \"Misty Orn\"}',2,'1989-09-23 08:24:22','2020-06-26 18:38:47'),(54,54,'https://dropbox.com/vk/et.png',7762121,'{\"owner\": \"Lily Harber\"}',3,'1995-09-16 02:17:02','2020-06-26 18:38:47'),(55,37,'https://dropbox.com/vk/autem.jpeg',5552991,'{\"owner\": \"Layla Sipes\"}',1,'1992-08-26 21:51:37','2020-06-26 18:26:49'),(56,24,'https://dropbox.com/vk/reprehenderit.jpeg',4468593,'{\"owner\": \"Elisa D\'Amore\"}',2,'1998-06-25 10:12:07','2020-06-26 18:26:49'),(57,8,'https://dropbox.com/vk/pariatur.avi',5673993,'{\"owner\": \"Bill Wuckert\"}',3,'2012-07-23 12:39:57','2020-06-26 18:38:47'),(58,68,'https://dropbox.com/vk/voluptatem.png',4954188,'{\"owner\": \"Malachi Mann\"}',1,'1993-05-31 01:01:34','2020-06-26 18:38:47'),(59,15,'https://dropbox.com/vk/sed.jpeg',7738963,'{\"owner\": \"Rogelio Lehner\"}',3,'1994-04-29 08:12:10','2020-06-26 18:38:47'),(60,69,'https://dropbox.com/vk/et.gif',3822249,'{\"owner\": \"Myra Dooley\"}',3,'1971-03-17 11:04:50','2020-06-26 18:38:47'),(61,2,'https://dropbox.com/vk/eos.jpeg',5884358,'{\"owner\": \"Dixie Pfeffer\"}',3,'1984-05-21 03:23:45','2020-06-26 18:38:47'),(62,1,'https://dropbox.com/vk/eos.mp3',7945043,'{\"owner\": \"Eldridge Koelpin\"}',3,'1994-06-26 07:07:10','2020-06-26 18:38:47'),(63,97,'https://dropbox.com/vk/delectus.mp4',2062143,'{\"owner\": \"William Brown\"}',2,'1986-09-11 00:10:55','2020-06-26 18:38:47'),(64,84,'https://dropbox.com/vk/delectus.png',6465588,'{\"owner\": \"Magali Hand\"}',2,'1981-12-08 11:47:03','2020-06-26 18:26:49'),(65,26,'https://dropbox.com/vk/velit.jpeg',6131511,'{\"owner\": \"Kelly Dooley\"}',1,'2009-12-27 07:57:23','2020-06-26 18:26:49'),(66,79,'https://dropbox.com/vk/optio.mp3',1250793,'{\"owner\": \"Tremayne Runolfsson\"}',1,'2001-10-22 14:31:39','2020-06-26 18:38:47'),(67,15,'https://dropbox.com/vk/asperiores.png',7849432,'{\"owner\": \"Rogelio Lehner\"}',1,'1970-05-22 14:57:30','2020-06-26 18:26:49'),(68,39,'https://dropbox.com/vk/sint.mp4',5484780,'{\"owner\": \"Don Goldner\"}',3,'1992-02-10 19:06:47','2020-06-26 18:38:47'),(69,50,'https://dropbox.com/vk/quod.mp3',3865607,'{\"owner\": \"Deshaun Hagenes\"}',2,'2009-05-29 23:21:28','2020-06-26 18:38:47'),(70,31,'https://dropbox.com/vk/excepturi.mp4',2863696,'{\"owner\": \"Lesly Spencer\"}',1,'1992-08-07 18:35:33','2020-06-26 18:38:47'),(71,6,'https://dropbox.com/vk/fugiat.gif',2711658,'{\"owner\": \"Alfonso Rice\"}',1,'1981-03-22 07:16:08','2020-06-26 18:26:49'),(72,36,'https://dropbox.com/vk/aut.mp3',4957203,'{\"owner\": \"Theresia King\"}',1,'1972-04-05 23:13:11','2020-06-26 18:38:47'),(73,63,'https://dropbox.com/vk/ut.mp3',6641043,'{\"owner\": \"Ernest Gulgowski\"}',3,'2005-11-23 14:24:26','2020-06-26 18:38:47'),(74,6,'https://dropbox.com/vk/officia.jpeg',8323605,'{\"owner\": \"Alfonso Rice\"}',3,'2015-03-25 13:09:41','2020-06-26 18:38:47'),(75,38,'https://dropbox.com/vk/cumque.mp3',1684896,'{\"owner\": \"Cindy Weissnat\"}',3,'2017-11-17 05:38:18','2020-06-26 18:38:47'),(76,74,'https://dropbox.com/vk/quidem.gif',3443668,'{\"owner\": \"Juliana Jenkins\"}',1,'1996-10-17 02:45:55','2020-06-26 18:38:47'),(77,53,'https://dropbox.com/vk/libero.mp3',2153651,'{\"owner\": \"Guy Kuhlman\"}',1,'1991-05-16 23:53:14','2020-06-26 18:26:49'),(78,44,'https://dropbox.com/vk/ab.jpeg',427254,'{\"owner\": \"Misty Orn\"}',1,'1980-09-02 18:14:56','2020-06-26 18:38:47'),(79,60,'https://dropbox.com/vk/voluptas.mp3',5665317,'{\"owner\": \"Miller Kohler\"}',3,'1993-11-23 16:30:25','2020-06-26 18:38:47'),(80,70,'https://dropbox.com/vk/voluptas.png',7034826,'{\"owner\": \"Burley Thiel\"}',2,'1970-11-21 21:24:02','2020-06-26 18:26:49'),(81,67,'https://dropbox.com/vk/voluptas.mp3',8168176,'{\"owner\": \"Mark Dietrich\"}',3,'1997-02-06 00:08:58','2020-06-26 18:38:47'),(82,25,'https://dropbox.com/vk/voluptas.gif',9726405,'{\"owner\": \"Colten Denesik\"}',1,'2002-10-02 10:43:23','2020-06-26 18:38:47'),(83,23,'https://dropbox.com/vk/molestiae.gif',4117496,'{\"owner\": \"Ella Pacocha\"}',2,'1996-07-12 20:35:07','2020-06-26 18:38:47'),(84,41,'https://dropbox.com/vk/aliquid.png',1398268,'{\"owner\": \"Saul Labadie\"}',3,'1987-04-30 02:03:57','2020-06-26 18:38:47'),(85,36,'https://dropbox.com/vk/saepe.avi',4628851,'{\"owner\": \"Theresia King\"}',2,'1996-04-27 03:42:58','2020-06-26 18:38:47'),(86,57,'https://dropbox.com/vk/eos.avi',8939452,'{\"owner\": \"Gregoria Hamill\"}',1,'2000-12-05 12:58:06','2020-06-26 18:38:47'),(87,76,'https://dropbox.com/vk/excepturi.mp3',800710,'{\"owner\": \"Linwood Pagac\"}',2,'2016-11-11 11:26:12','2020-06-26 18:38:47'),(88,10,'https://dropbox.com/vk/suscipit.avi',7175195,'{\"owner\": \"Camille Ernser\"}',2,'2015-07-21 12:03:20','2020-06-26 18:26:49'),(89,19,'https://dropbox.com/vk/dolore.mp3',3463843,'{\"owner\": \"Claud Strosin\"}',2,'1989-06-25 07:57:40','2020-06-26 18:38:47'),(90,66,'https://dropbox.com/vk/quasi.png',5783633,'{\"owner\": \"Antonette Marks\"}',3,'2003-09-30 09:54:56','2020-06-26 18:38:47'),(91,72,'https://dropbox.com/vk/id.mp4',8516637,'{\"owner\": \"Jaleel Conroy\"}',2,'2012-02-13 01:48:22','2020-06-26 18:38:47'),(92,61,'https://dropbox.com/vk/officiis.gif',5222284,'{\"owner\": \"Cooper Walker\"}',1,'2010-08-01 15:50:43','2020-06-26 18:38:47'),(93,90,'https://dropbox.com/vk/quia.gif',551512,'{\"owner\": \"Nat Price\"}',1,'2004-04-13 08:29:46','2020-06-26 18:26:49'),(94,65,'https://dropbox.com/vk/qui.png',7080709,'{\"owner\": \"Roxanne Smith\"}',2,'2008-02-13 11:04:04','2020-06-26 18:26:49'),(95,55,'https://dropbox.com/vk/laudantium.mp4',3739011,'{\"owner\": \"Ozella Kris\"}',1,'1972-01-17 04:40:43','2020-06-26 18:26:49'),(96,78,'https://dropbox.com/vk/minima.mp3',7442929,'{\"owner\": \"Fay Emmerich\"}',1,'1999-07-30 00:27:52','2020-06-26 18:38:47'),(97,25,'https://dropbox.com/vk/voluptas.mp4',5987614,'{\"owner\": \"Colten Denesik\"}',3,'1973-07-28 12:45:16','2020-06-26 18:38:47'),(98,91,'https://dropbox.com/vk/iste.gif',7599281,'{\"owner\": \"Rasheed Schowalter\"}',3,'2012-06-13 09:33:25','2020-06-26 18:38:47'),(99,79,'https://dropbox.com/vk/velit.mp3',23563,'{\"owner\": \"Tremayne Runolfsson\"}',2,'1991-03-31 03:20:28','2020-06-26 18:38:47'),(100,22,'https://dropbox.com/vk/dolorem.gif',7309973,'{\"owner\": \"Gabrielle Armstrong\"}',3,'1974-11-17 17:25:51','2020-06-26 18:38:47');
/*!40000 ALTER TABLE `media` ENABLE KEYS */;
UNLOCK TABLES;

--
-- Table structure for table `media_types`
--

DROP TABLE IF EXISTS `media_types`;
/*!40101 SET @saved_cs_client     = @@character_set_client */;
/*!50503 SET character_set_client = utf8mb4 */;
CREATE TABLE `media_types` (
  `id` int unsigned NOT NULL AUTO_INCREMENT COMMENT 'Идентификатор строки',
  `name` varchar(255) CHARACTER SET utf8 COLLATE utf8_unicode_ci NOT NULL COMMENT 'Название типа',
  `created_at` datetime DEFAULT CURRENT_TIMESTAMP COMMENT 'Время создания строки',
  `updated_at` datetime DEFAULT CURRENT_TIMESTAMP ON UPDATE CURRENT_TIMESTAMP COMMENT 'Время обновления строки',
  PRIMARY KEY (`id`),
  UNIQUE KEY `name` (`name`)
) ENGINE=InnoDB AUTO_INCREMENT=4 DEFAULT CHARSET=utf8 COLLATE=utf8_unicode_ci COMMENT='Типы медиафайлов';
/*!40101 SET character_set_client = @saved_cs_client */;

--
-- Dumping data for table `media_types`
--

LOCK TABLES `media_types` WRITE;
/*!40000 ALTER TABLE `media_types` DISABLE KEYS */;
INSERT INTO `media_types` VALUES (1,'Music','1989-11-18 10:45:30','2020-06-26 17:58:52'),(2,'Video','1986-07-09 08:29:03','2005-01-12 04:42:42'),(3,'Photo','2020-06-26 18:02:59','2020-06-26 18:02:59');
/*!40000 ALTER TABLE `media_types` ENABLE KEYS */;
UNLOCK TABLES;

--
-- Table structure for table `messages`
--

DROP TABLE IF EXISTS `messages`;
/*!40101 SET @saved_cs_client     = @@character_set_client */;
/*!50503 SET character_set_client = utf8mb4 */;
CREATE TABLE `messages` (
  `id` int unsigned NOT NULL AUTO_INCREMENT COMMENT 'Идентификатор строки',
  `from_user_id` int unsigned NOT NULL COMMENT 'Ссылка на отправителя сообщения',
  `to_user_id` int unsigned NOT NULL COMMENT 'Ссылка на получателя сообщения',
  `body` text CHARACTER SET utf8 COLLATE utf8_unicode_ci NOT NULL COMMENT 'Текст сообщения',
  `is_important` tinyint(1) DEFAULT NULL COMMENT 'Признак важности',
  `is_delivered` tinyint(1) DEFAULT NULL COMMENT 'Признак доставки',
  `created_at` datetime DEFAULT CURRENT_TIMESTAMP COMMENT 'Время создания строки',
  `updated_at` datetime DEFAULT CURRENT_TIMESTAMP ON UPDATE CURRENT_TIMESTAMP COMMENT 'Время обновления строки',
  PRIMARY KEY (`id`),
  KEY `messages_user_id_fk` (`to_user_id`),
  KEY `messages_from_user_id_fk` (`from_user_id`),
  CONSTRAINT `messages_from_user_id_fk` FOREIGN KEY (`from_user_id`) REFERENCES `users` (`id`),
  CONSTRAINT `messages_user_id_fk` FOREIGN KEY (`to_user_id`) REFERENCES `users` (`id`)
) ENGINE=InnoDB AUTO_INCREMENT=101 DEFAULT CHARSET=utf8 COLLATE=utf8_unicode_ci COMMENT='Сообщения';
/*!40101 SET character_set_client = @saved_cs_client */;

--
-- Dumping data for table `messages`
--

LOCK TABLES `messages` WRITE;
/*!40000 ALTER TABLE `messages` DISABLE KEYS */;
INSERT INTO `messages` VALUES (1,35,26,'Qui laboriosam quae sed ex quia est iste. Ut aspernatur et corporis ut aut et. Culpa ea vitae praesentium quod incidunt.',1,1,'2020-01-04 19:47:36','2020-06-26 15:27:13'),(2,80,28,'Iste est rerum ut mollitia. Sunt pariatur quia adipisci id iste fugiat consectetur. Saepe quia at neque ipsum aut magni accusantium. Quo mollitia accusantium voluptatem distinctio nam porro.',1,1,'2000-06-10 13:40:21','2020-06-26 15:27:13'),(3,44,60,'Incidunt voluptatem aut provident molestias dignissimos sunt. Porro at ipsum amet delectus. Id repudiandae laudantium perferendis illo qui eum.',1,0,'1993-10-03 05:09:59','2020-06-26 15:27:13'),(4,43,15,'Eius iure in aliquid sunt nihil. Dolores temporibus enim dolores fugit corrupti. Omnis error repudiandae voluptatem neque. Reprehenderit corrupti ut inventore quisquam amet officia.',1,1,'1974-04-17 22:46:35','2020-06-26 15:27:13'),(5,6,97,'Nihil nisi ipsa nesciunt qui eos magnam alias est. Sit unde eveniet accusantium voluptates voluptates sunt in aut. Aut sed ducimus accusantium ex. Atque et sunt explicabo quae explicabo ducimus.',1,1,'1981-03-30 16:43:51','2020-06-26 15:27:13'),(6,38,36,'Excepturi magnam maxime rerum veniam perferendis. Ex quia corporis voluptates quo. Debitis et atque aspernatur occaecati at cum. Dolore voluptatem similique aspernatur eos consequuntur quis.',0,0,'2017-03-11 19:01:10','2020-06-26 15:27:13'),(7,63,92,'Ipsum quibusdam nihil quisquam quia qui et harum. Eum corrupti ipsa repellendus. Nulla earum ipsum aut nulla omnis itaque dicta. Laborum beatae fugit quaerat repellendus. Quas harum veniam rerum illum laboriosam recusandae.',1,1,'1982-07-29 06:17:44','2020-06-26 15:27:13'),(8,7,50,'Rerum ut modi in cumque quis. Sed voluptates at et quod itaque qui. Tenetur perferendis rem eum est adipisci ut corporis est. Non occaecati vitae qui ut.',1,0,'2007-03-04 20:20:40','2020-06-26 15:27:13'),(9,30,74,'Tenetur accusamus quo esse libero. Voluptatem distinctio atque quia sed. Quam beatae nostrum non odit.',0,1,'2012-08-31 04:31:14','2020-06-26 15:27:13'),(10,91,19,'Nostrum perferendis nemo consectetur aut tempora earum. Nihil aut aliquam ducimus nobis. Et cupiditate consequatur ad et quam voluptatum qui.',0,0,'1975-10-21 13:31:51','2020-06-26 15:27:13'),(11,82,73,'Est porro distinctio odio repellendus minus dolores beatae ratione. Velit accusamus voluptas ipsum. Quia optio perspiciatis quia distinctio consequatur atque nam laboriosam.',1,1,'2000-11-08 09:59:43','2020-06-26 15:27:13'),(12,72,7,'Omnis quod delectus perferendis blanditiis ipsa distinctio quia. Alias quo minima dolores neque et repellat et. Beatae qui fugiat voluptas doloremque.',0,1,'2019-07-24 10:54:05','2020-06-26 15:27:13'),(13,89,15,'Aut sint voluptatem unde velit eveniet repellendus minus. Eius eos aspernatur eos quisquam voluptatem non. Veniam voluptatem consequatur quia aut quo minus. Molestiae est itaque adipisci alias voluptas explicabo.',0,0,'1971-06-12 23:37:16','2020-06-26 15:27:13'),(14,82,52,'Accusamus eligendi nobis ducimus est dolore recusandae molestias qui. Qui exercitationem asperiores dolor at qui. Ullam aspernatur aut et sint. Omnis dolor quae aliquam vero.',0,1,'2017-02-03 20:18:46','2020-06-26 15:27:13'),(15,81,16,'Vel et ut laudantium reprehenderit omnis suscipit consectetur. Ipsa sunt ipsam cum ut tempore. Possimus et molestias sunt et dignissimos veritatis repellendus ut.',0,1,'1973-09-15 02:24:31','2020-06-26 15:27:13'),(16,80,23,'Nam aut in voluptas sit. Doloremque vitae ut libero iusto. Non et qui repellat nihil cumque quos totam. Libero quisquam eos deserunt mollitia voluptatum sint omnis.',0,0,'1979-07-16 03:18:56','2020-06-26 15:27:13'),(17,98,68,'Sunt magnam at voluptas laborum consectetur eaque est. Et ullam aut totam aut porro. Assumenda libero ipsa nobis consectetur molestiae culpa exercitationem. Rerum consequatur quas eos autem sunt. Et pariatur commodi unde libero optio.',1,0,'2011-10-16 02:30:09','2020-06-26 15:27:13'),(18,21,68,'Aut est dolor dolorem dolorum. Omnis doloremque provident voluptas quia dolorem. Incidunt rerum quia eveniet qui minima sint suscipit consequatur.',1,0,'1978-08-02 22:12:25','2020-06-26 15:27:13'),(19,5,36,'Doloribus dolores sit sint ex voluptatem. Reiciendis rerum molestiae molestiae voluptates qui velit autem aut. Recusandae ea asperiores dolor omnis quod laborum. Amet neque quis quidem nisi.',0,0,'1988-04-18 20:09:05','2020-06-26 15:27:13'),(20,21,76,'Aut sed eius recusandae eos. Rerum quod aspernatur quis illo repellendus. Et id odit pariatur. Qui ut eligendi ab dolores est est sequi.',1,1,'1992-07-30 14:18:23','2020-06-26 15:27:13'),(21,75,72,'Non quasi ut repudiandae. Quas itaque sed soluta eius dolorem voluptatibus. Aut nesciunt non ex deserunt. Et fugiat omnis quia aut.',1,1,'1981-03-23 00:04:56','2020-06-26 15:27:13'),(22,99,31,'Et corporis facere fugiat assumenda omnis. Alias debitis enim exercitationem non optio doloremque. Veritatis soluta ea placeat fugiat. Fugiat qui adipisci ipsum laborum amet odio sint.',0,1,'2008-07-02 06:19:23','2020-06-26 15:27:13'),(23,5,39,'Et illum soluta sequi quia odio. Unde quod quisquam eos deleniti voluptas. Et quae praesentium sunt delectus enim quasi et dolorem. Asperiores sed odit ab culpa quasi voluptates. Velit doloremque assumenda nihil enim sit voluptatem dolorum quia.',0,1,'2001-02-17 14:34:15','2020-06-26 15:27:13'),(24,32,99,'Fugit aspernatur minus possimus perferendis. Sed officiis labore totam rerum quisquam laboriosam corrupti. Provident fugiat soluta possimus accusantium nihil accusamus fugit consequatur. Sunt eum voluptates ut saepe nesciunt qui dolores.',1,1,'2019-04-25 09:52:41','2020-06-26 15:27:13'),(25,30,81,'Mollitia quod autem aut natus. Harum enim commodi nulla dolor dicta molestiae. Tenetur esse quo quae. Occaecati eum asperiores est non atque quia. Amet quae aut sapiente dolorem asperiores id incidunt.',1,0,'2008-02-25 22:51:28','2020-06-26 15:27:13'),(26,26,6,'Harum exercitationem doloremque ab accusamus fugit neque. Rerum quia natus asperiores eos magnam assumenda quia. Et provident accusamus qui est amet distinctio. Sint cupiditate eum et harum natus illum ab.',0,1,'2007-05-17 22:11:44','2020-06-26 15:27:13'),(27,15,88,'Et consequatur quis et iusto et minus. Neque quia ea esse aut. Error accusantium repellat eligendi laboriosam. Eius fugit esse veritatis numquam sunt eos. Odit autem est consectetur blanditiis.',0,0,'1986-07-09 16:08:14','2020-06-26 15:27:13'),(28,84,21,'Sed maiores incidunt qui quia fuga quaerat non quo. Fugit quia ad laboriosam labore delectus. Labore deserunt quod quas eos magni.',1,0,'2001-12-19 19:25:16','2020-06-26 15:27:13'),(29,75,41,'Reprehenderit sint omnis omnis repellendus. Sit autem et eaque voluptas laborum nobis. Iste ab aspernatur incidunt enim dolor sequi et quis. Laudantium voluptatibus eligendi non numquam optio.',0,1,'1987-12-11 21:26:13','2020-06-26 15:27:13'),(30,31,42,'Omnis ut necessitatibus dolorem repellendus iste ut ut. Dolor blanditiis et aut iusto sint sed. Autem quia voluptas eius fuga.',1,0,'2017-01-26 09:02:15','2020-06-26 15:27:13'),(31,57,87,'Ducimus et et autem distinctio expedita. Eius soluta consequatur totam autem eius sequi. Et aut beatae veniam corporis rerum cum optio.',1,0,'2009-02-11 05:34:53','2020-06-26 15:27:13'),(32,41,7,'Delectus aliquam debitis doloribus est quia eos. Tenetur eum inventore quos consequatur accusantium quisquam. Molestias animi praesentium ut amet. Ea fugit ad incidunt dolores totam quia corporis.',0,1,'1994-05-24 13:20:28','2020-06-26 15:27:13'),(33,100,74,'Quam vel ab ipsa consequatur iure. Velit voluptatem eveniet provident beatae. Quia omnis non eum adipisci aut eum dicta.',1,1,'1979-01-03 04:23:38','2020-06-26 15:27:13'),(34,65,50,'Necessitatibus maiores est sapiente ut numquam aliquam pariatur distinctio. Qui velit saepe dolor quo magni. Id at non accusantium necessitatibus consectetur quam ea. Minima nulla cum ratione ut ut.',1,0,'1994-07-03 23:41:41','2020-06-26 15:27:13'),(35,14,28,'Quae voluptate aut est provident. Saepe aut quis incidunt enim provident rerum dolores. Dolor vero perspiciatis aspernatur cum occaecati. Molestiae est autem deserunt et. Quas mollitia reprehenderit aut error voluptas ut sunt rem.',1,0,'1981-12-21 01:41:42','2020-06-26 15:27:13'),(36,75,90,'Praesentium quasi qui assumenda aut eum rerum qui. Minus voluptatem et officiis quia provident. Sunt reprehenderit enim culpa nostrum laborum excepturi non. Quas optio maiores nihil sapiente qui est sit.',1,0,'1987-05-16 02:52:06','2020-06-26 15:27:13'),(37,44,63,'Voluptates culpa neque dolor non voluptatibus odio. Minus adipisci voluptatibus error. Et ducimus officiis nostrum sit neque alias eum.',0,0,'1975-12-10 13:21:28','2020-06-26 15:27:13'),(38,21,44,'Tempore at omnis velit. Repellat soluta inventore suscipit esse eos quod.',1,0,'1997-05-28 04:20:19','2020-06-26 15:27:13'),(39,22,32,'Ab a quia sit voluptatum quibusdam aliquam quasi molestias. Consectetur fugiat velit enim sed repellendus. Molestias voluptatem magnam eos ea perspiciatis.',0,1,'2013-12-28 11:11:37','2020-06-26 15:27:13'),(40,88,25,'Sunt dolores harum aliquid illo. Itaque ab consequatur est ullam. Sed unde accusantium impedit perferendis est voluptas. Reiciendis est ab rerum earum vel.',0,1,'1995-06-23 09:43:54','2020-06-26 15:27:13'),(41,72,30,'Officia explicabo tempore omnis voluptatem velit. Blanditiis nisi quae et sunt labore. Itaque ut culpa maxime impedit consectetur rerum quae ut.',0,1,'2008-12-27 00:10:44','2020-06-26 15:27:13'),(42,95,76,'Exercitationem voluptatibus iure at autem. Eos nihil quia optio reprehenderit. Dignissimos eum eaque nulla eum rem eum.',1,1,'2017-06-16 00:19:41','2020-06-26 15:27:13'),(43,2,89,'Nisi ipsa dolorem similique quod numquam voluptates. Error dignissimos quasi fugit ex quidem consequatur at. Tempore asperiores maiores ducimus rerum iste.',1,1,'2016-10-12 16:57:39','2020-06-26 15:27:13'),(44,86,15,'Ducimus sint maiores est minus numquam quaerat. Vel non debitis dolores eveniet. Placeat voluptatem quo atque reprehenderit doloremque quae. Laboriosam suscipit ut consequatur adipisci neque numquam consequatur.',1,1,'1998-04-17 16:27:03','2020-06-26 15:27:13'),(45,29,8,'Temporibus blanditiis saepe enim error fuga omnis. Accusantium nostrum ea quia molestias qui. Tempore vero facilis placeat. Ut et rem est quas quia accusantium. Voluptatem esse molestiae ut repellat.',0,1,'1979-07-14 21:43:42','2020-06-26 15:27:13'),(46,3,94,'Illo ea nostrum exercitationem minima soluta dolores. Officia quam voluptatibus et amet. A sed harum ea commodi voluptatem est quia. Velit voluptatem qui laudantium recusandae autem repellat.',1,1,'2004-11-29 02:49:04','2020-06-26 15:27:13'),(47,76,45,'Distinctio fuga qui aperiam iusto amet voluptatum. Eum quaerat consectetur quas earum.',1,0,'1970-11-10 10:43:39','2020-06-26 15:27:13'),(48,1,45,'Explicabo atque quia rerum est eos aut hic nemo. Ut est qui aut neque. Quia nisi blanditiis aliquam sit necessitatibus inventore.',0,1,'1976-11-01 21:07:29','2020-06-26 15:27:13'),(49,16,86,'Vel quis tempora omnis molestias. Rerum veritatis soluta quo dolor aliquam qui saepe. Vel rerum nesciunt nihil minus non omnis est.',0,1,'2015-01-19 15:59:27','2020-06-26 15:27:13'),(50,92,98,'Consequatur aperiam hic quidem quia qui fugit. Aut hic mollitia cumque deserunt laudantium eaque voluptas. Ut occaecati numquam qui ad accusantium doloremque. A vero est quia ut voluptates repellat.',0,0,'2011-09-18 01:02:32','2020-06-26 15:27:13'),(51,9,30,'Possimus minima qui aliquam temporibus enim non. Occaecati eos doloribus facere deserunt est. Dolores distinctio nostrum et aspernatur.',1,1,'1996-08-03 18:33:02','2020-06-26 15:27:13'),(52,54,57,'Modi minima facere dolorem repellat dolorem. Voluptatem numquam voluptatum velit qui fugiat. Voluptas modi quod error aliquam cupiditate eum quisquam.',0,0,'2010-12-21 09:30:00','2020-06-26 15:27:13'),(53,10,95,'Fugiat vitae nostrum velit. Ullam incidunt magni omnis qui. Tempora aut maiores illo aut ipsum deserunt.',1,1,'1997-11-08 10:16:54','2020-06-26 15:27:13'),(54,25,3,'Aut atque ipsam sed quasi ut. Ducimus rerum illo aut qui aut.',0,1,'1999-09-24 04:12:53','2020-06-26 15:27:13'),(55,50,29,'Consequatur dicta est est. Quibusdam nulla natus in. Veritatis qui vitae libero et qui tempora. Voluptatem ea suscipit optio suscipit accusamus sit.',0,1,'1989-09-12 16:03:13','2020-06-26 15:27:13'),(56,80,35,'Omnis cumque accusamus expedita eum qui porro magni. Architecto voluptatem laborum voluptates ducimus ipsam eligendi alias quia. Sint necessitatibus quas aut dolores omnis. Consequatur quae expedita dicta non deleniti aut.',1,1,'1983-06-10 00:36:46','2020-06-26 15:27:13'),(57,41,88,'Enim qui natus sapiente eligendi nihil. Inventore placeat nobis itaque unde amet qui necessitatibus beatae. Necessitatibus et autem natus.',0,0,'1973-05-04 09:12:05','2020-06-26 15:27:13'),(58,75,35,'Accusantium ipsum et ea repellendus et atque. Perferendis iste ut exercitationem laboriosam rem amet molestias repellendus. Temporibus earum est accusamus sapiente maxime. Id distinctio mollitia nostrum necessitatibus.',0,1,'1983-09-09 15:23:22','2020-06-26 15:27:13'),(59,62,8,'Esse reiciendis deserunt et assumenda maxime recusandae vel. Nihil aut velit doloribus repellendus excepturi. Ut consequuntur pariatur voluptates omnis dicta optio sequi. Dignissimos et consequatur omnis commodi suscipit.',1,1,'1973-06-21 01:29:06','2020-06-26 15:27:13'),(60,72,37,'Sunt exercitationem libero fugit et repellendus. Repudiandae ducimus quo consectetur assumenda qui. Quo iusto at rerum nostrum nostrum. Magnam ex quod quia iste neque fuga dolorem.',0,0,'1973-04-22 12:03:21','2020-06-26 15:27:13'),(61,23,62,'Enim est et vel eos eligendi. Necessitatibus quia nesciunt sit ut tempore. Qui officiis culpa fuga est consequatur.',1,0,'1975-11-21 17:33:01','2020-06-26 15:27:13'),(62,33,95,'Sed eligendi et cumque. Reprehenderit fuga aliquam deleniti reprehenderit ducimus non. Unde at ea molestiae. Impedit id placeat repellat eum accusantium commodi.',1,0,'1986-07-26 09:55:03','2020-06-26 15:27:13'),(63,76,92,'Modi omnis et expedita ea. Cumque veritatis aliquid labore minus aspernatur quia. Ex adipisci tempora sapiente. Est sunt cumque eveniet enim cumque et perferendis. Rerum sunt doloribus magnam voluptas.',1,1,'1987-06-18 01:41:37','2020-06-26 15:27:13'),(64,68,73,'Mollitia ab soluta quae sequi. Et sunt fugiat a quia. Ea voluptas vitae beatae.',0,0,'1983-01-30 06:24:26','2020-06-26 15:27:13'),(65,55,89,'Et quod perferendis ut harum maxime. Qui sunt ad sit aut beatae. Tempora qui impedit dignissimos voluptatum sint itaque hic natus. Illum mollitia autem inventore odit unde.',1,0,'1986-09-19 18:28:14','2020-06-26 15:27:13'),(66,28,23,'Vel recusandae quisquam exercitationem rerum sed recusandae eligendi aspernatur. Perspiciatis aliquid odit fugit quia quia. Id aliquid magnam et aut ut deleniti odio. Quibusdam quia similique ut eum qui ab nemo.',1,0,'1992-07-04 15:30:46','2020-06-26 15:27:13'),(67,5,49,'Reiciendis earum vel perspiciatis. Est et dolorum nesciunt aut voluptas. Vel ratione est id deserunt ad dolorem beatae.',1,1,'2003-11-10 09:42:55','2020-06-26 15:27:13'),(68,68,76,'Minima expedita sit est dolorem. Non itaque consequatur natus et accusantium.',0,0,'1999-03-04 16:29:28','2020-06-26 15:27:13'),(69,31,32,'Adipisci ratione doloremque doloribus qui aut voluptatibus commodi. Est quis quas fugiat harum sunt aspernatur. Ipsam assumenda debitis dicta distinctio voluptas commodi. Delectus et enim minima sed.',0,0,'1973-12-03 02:38:24','2020-06-26 15:27:13'),(70,18,29,'Excepturi provident aut quae amet. Et autem quia fuga aut omnis. Iure deleniti vero laudantium excepturi.',0,0,'2013-01-16 13:27:29','2020-06-26 15:27:13'),(71,54,52,'Et provident omnis laborum et. Iusto molestias necessitatibus omnis nihil accusamus veritatis. Temporibus veniam quos debitis est quia rerum. Optio quos officia explicabo aut.',1,0,'1997-01-27 14:54:48','2020-06-26 15:27:13'),(72,97,73,'Minima fugit aliquam voluptas. Et fuga eaque occaecati exercitationem sunt. Sequi voluptatem in et quam ut enim nemo. Quas ut unde voluptates vero qui quibusdam.',0,1,'2000-03-06 15:42:07','2020-06-26 15:27:13'),(73,50,5,'Repudiandae provident repellendus aut perspiciatis et et et. Sequi odio voluptatem omnis magnam ipsa molestiae culpa.',0,0,'1984-02-26 16:36:36','2020-06-26 15:27:13'),(74,19,9,'Consequuntur qui molestiae sed non. Fuga mollitia exercitationem adipisci nihil nesciunt vero nobis. Iusto perspiciatis et id maiores ipsum non non.',0,1,'2005-01-05 07:46:43','2020-06-26 15:27:13'),(75,64,29,'Nostrum dicta maxime tempora et accusamus velit minus est. Asperiores doloribus qui ullam. Ullam neque dicta fugiat.',0,1,'1993-06-10 08:43:23','2020-06-26 15:27:13'),(76,98,15,'Nulla voluptatem nulla ex quia quis. Consequuntur adipisci non accusantium quos. Doloremque qui iusto voluptatibus minus eum voluptatem minima quia. Magni sed iusto nesciunt.',0,0,'1988-12-08 04:57:20','2020-06-26 15:27:13'),(77,97,91,'Et quis et aut pariatur. Est illum tempora similique ipsa qui omnis.',1,1,'2005-04-03 21:42:33','2020-06-26 15:27:13'),(78,38,8,'Nisi non occaecati accusamus velit enim eaque. Doloribus iure ut asperiores ea rem et omnis. Sit delectus eos aliquid voluptatem et. Iusto illo dolorem autem iure quis.',1,1,'1988-11-02 00:26:51','2020-06-26 15:27:13'),(79,7,65,'Aspernatur repellat magni et sapiente. Sed eveniet ea mollitia sed odio veniam eveniet. Qui delectus debitis distinctio. Neque non aut fuga.',1,0,'1988-12-11 09:01:56','2020-06-26 15:27:13'),(80,88,100,'Quaerat consequatur eos explicabo eos exercitationem quidem. Corporis ut quia fuga in aut eum. Veritatis odio cumque alias minima facere voluptas.',0,0,'1989-06-02 03:05:28','2020-06-26 15:27:13'),(81,84,4,'Vel qui et odio necessitatibus omnis non quisquam. Placeat soluta a reiciendis voluptatum enim veniam. Reiciendis voluptatum aut maxime.',0,0,'1970-09-07 19:01:08','2020-06-26 15:27:13'),(82,6,19,'Aliquam eos dolor aut ad in soluta. Officia consequuntur nostrum ipsa consequatur nemo. Ad omnis sed excepturi labore esse laborum voluptas commodi.',0,1,'2017-03-06 23:44:42','2020-06-26 15:27:13'),(83,45,83,'Eveniet dolorem velit fugit laudantium. Autem quasi ad et fugit sed. Qui in autem aperiam odit nulla vel ut.',0,1,'1984-05-29 19:15:17','2020-06-26 15:14:00'),(84,16,56,'Non excepturi corrupti aut vel. Eius in quibusdam et molestiae. Atque atque aperiam debitis eius nemo.',1,1,'1987-01-24 19:31:22','2020-06-26 15:27:13'),(85,22,33,'Porro distinctio sapiente et porro in reprehenderit. Nihil consequatur amet doloribus sunt porro delectus aliquid. Et nam culpa alias occaecati.',0,1,'1996-06-02 03:11:00','2020-06-26 15:27:13'),(86,74,95,'Incidunt magni temporibus iste ad eos possimus quia veniam. Molestiae earum unde ut quo at est est. Quo reiciendis occaecati nisi rerum asperiores sint. Dignissimos ipsam laudantium et neque modi.',0,0,'1995-05-24 09:52:35','2020-06-26 15:27:13'),(87,90,78,'Consequatur et eum cumque voluptatem. Ratione veniam atque ratione sint doloremque. Nisi dolorem sed provident sequi et vitae. Consequatur repellat quidem voluptatibus nisi optio ut.',1,0,'2014-06-06 16:31:04','2020-06-26 15:27:13'),(88,41,3,'Eos temporibus sit et aperiam et qui necessitatibus. Eius ut repellendus eaque et aliquid et natus. Necessitatibus numquam et omnis sint ex perferendis.',1,1,'2017-09-19 06:18:31','2020-06-26 15:27:13'),(89,93,80,'Impedit quia magnam id tempora non. Doloribus doloribus quas fugiat nam quos tempora atque. Aut sunt voluptas impedit laudantium quaerat cum. Impedit excepturi illum molestiae aut architecto est in deserunt.',1,1,'2009-01-16 18:02:56','2020-06-26 15:27:13'),(90,35,89,'Inventore earum fugit fugiat architecto maxime totam voluptas. Accusantium rerum expedita enim atque qui quo dolores.',0,0,'1995-01-16 02:20:49','2020-06-26 15:27:13'),(91,85,6,'Aut error qui tempore amet aut accusamus libero. Numquam aut voluptatem praesentium aperiam maiores.',0,0,'1974-10-31 15:30:53','2020-06-26 15:27:13'),(92,54,64,'Distinctio beatae ad unde laudantium eligendi dolores quas hic. Ad quos aut quidem minima dolor qui animi.',0,1,'1981-11-20 22:46:23','2020-06-26 15:27:13'),(93,19,1,'Repudiandae exercitationem dicta repudiandae et. Ut officiis voluptatem recusandae delectus eligendi vel et. Est ex delectus dolorem et rem necessitatibus qui. Illo aspernatur nostrum inventore sint commodi culpa.',1,1,'1971-01-20 08:44:44','2020-06-26 15:27:13'),(94,86,14,'Ut possimus totam rerum. Voluptatibus eaque aspernatur velit aperiam quam. Aliquid placeat eligendi doloremque aut dolorum voluptas.',0,0,'1996-01-05 16:05:51','2020-06-26 15:27:13'),(95,100,65,'Magnam delectus nihil sed cum beatae dolorem velit. Atque illo illo quibusdam architecto. Dolores quae rem at reprehenderit velit. Veritatis deserunt sunt qui nihil totam.',1,0,'1983-03-08 18:28:33','2020-06-26 15:27:13'),(96,67,82,'Maxime voluptas voluptatem tempora accusamus est. Eius inventore molestias qui dolor provident ut. Nulla est libero recusandae minus et molestiae. Qui sunt facere et qui.',1,0,'2015-04-28 00:50:29','2020-06-26 15:27:13'),(97,63,16,'Inventore pariatur vero quidem vitae fuga earum. Quia non deleniti hic quis vel sit ullam et. Eos deserunt necessitatibus accusamus facilis.',1,1,'2010-05-22 01:18:18','2020-06-26 15:27:13'),(98,22,32,'Nesciunt est est rerum voluptas aspernatur dolor. Et voluptatem officia est perferendis iste. Veniam asperiores placeat molestiae quia dolor vel. Et architecto est delectus adipisci et placeat inventore nemo. Sed magnam beatae aut veritatis voluptatibus eveniet nulla delectus.',0,1,'2012-05-13 01:55:24','2020-06-26 15:27:13'),(99,70,14,'Consequatur beatae voluptas incidunt. Et maiores ut quae ipsa explicabo quis id. Quis qui et quibusdam omnis rem. Blanditiis aspernatur iusto eveniet quod veritatis dolor.',0,1,'1985-07-03 02:08:58','2020-06-26 15:27:13'),(100,75,73,'Molestiae et quia velit reiciendis. Et nobis tenetur quis fuga.',1,1,'2018-10-01 06:18:29','2020-06-26 15:27:13');
/*!40000 ALTER TABLE `messages` ENABLE KEYS */;
UNLOCK TABLES;

--
-- Table structure for table `posts`
--

DROP TABLE IF EXISTS `posts`;
/*!40101 SET @saved_cs_client     = @@character_set_client */;
/*!50503 SET character_set_client = utf8mb4 */;
CREATE TABLE `posts` (
  `id` int unsigned NOT NULL AUTO_INCREMENT,
  `user_id` int unsigned NOT NULL,
  `community_id` int unsigned DEFAULT NULL,
  `head` varchar(255) CHARACTER SET utf8 COLLATE utf8_unicode_ci DEFAULT NULL,
  `body` text CHARACTER SET utf8 COLLATE utf8_unicode_ci NOT NULL,
  `media_id` int unsigned DEFAULT NULL,
  `is_public` tinyint(1) DEFAULT '1',
  `is_archived` tinyint(1) DEFAULT '0',
  `views_counter` int unsigned DEFAULT '0',
  `created_at` datetime DEFAULT CURRENT_TIMESTAMP,
  `updated_at` datetime DEFAULT CURRENT_TIMESTAMP ON UPDATE CURRENT_TIMESTAMP,
  PRIMARY KEY (`id`),
  KEY `posts_user_id_fk` (`user_id`),
  KEY `media_id_fk` (`media_id`),
  KEY `community_id_fk` (`community_id`),
  CONSTRAINT `community_id_fk` FOREIGN KEY (`community_id`) REFERENCES `communities` (`id`),
  CONSTRAINT `media_id_fk` FOREIGN KEY (`media_id`) REFERENCES `media` (`id`),
  CONSTRAINT `posts_user_id_fk` FOREIGN KEY (`user_id`) REFERENCES `users` (`id`)
) ENGINE=InnoDB AUTO_INCREMENT=201 DEFAULT CHARSET=utf8 COLLATE=utf8_unicode_ci;
/*!40101 SET character_set_client = @saved_cs_client */;

--
-- Dumping data for table `posts`
--

LOCK TABLES `posts` WRITE;
/*!40000 ALTER TABLE `posts` DISABLE KEYS */;
INSERT INTO `posts` VALUES (1,39,10,'omnis','Voluptas iusto veritatis officia qui et. Voluptatum placeat aperiam dicta est hic accusamus. Voluptate officiis reiciendis est reprehenderit.',44,1,1,319,'2007-09-20 09:37:56','1980-04-17 23:07:39'),(2,84,3,'rerum','Accusamus laudantium qui voluptas earum et. In ut et est quam.',27,1,1,945,'1990-09-30 01:02:02','2010-12-19 15:06:19'),(3,88,4,'amet','Dolorum sit exercitationem sed illum recusandae ut id mollitia. Animi ab quis et et perspiciatis veritatis et.',40,0,0,128,'2013-08-21 21:51:11','2020-07-07 11:25:08'),(4,65,3,'autem','Placeat id labore voluptas veritatis odit. Adipisci autem est rerum maxime et voluptatem. Occaecati laudantium accusantium iusto repellat sequi.',46,0,1,463,'1981-03-04 14:55:15','1987-07-01 19:04:44'),(5,57,9,'nostrum','Voluptas deserunt optio quos hic sunt unde molestias. Similique pariatur itaque nemo quaerat et blanditiis omnis. Deserunt quis quis et nihil esse dolorem ut nihil.',64,0,0,815,'2009-08-27 06:10:25','2020-07-07 11:25:08'),(6,76,3,'quam','Possimus esse consequatur voluptas est. Adipisci minima sunt commodi rerum consequuntur voluptatibus hic. Numquam rerum ea repudiandae quia enim.',84,0,1,825,'1991-01-02 12:21:39','2020-07-07 11:25:08'),(7,39,6,'rem','Distinctio nemo maxime molestiae earum quam consequatur. Eius minus non nihil officiis ad possimus corporis. Architecto expedita repellendus officia qui at quo vitae.',79,1,0,573,'1996-10-17 21:58:38','2020-07-07 11:25:08'),(8,58,2,'omnis','Voluptatibus maiores ipsa explicabo commodi sunt provident. Fugit vel aut repellat laborum sint omnis. Officiis sint veniam omnis suscipit est. Harum aut eius nobis non aut quia.',78,1,0,347,'2002-05-10 16:47:59','2020-07-07 11:25:08'),(9,13,8,'excepturi','Voluptatem quo iste sed aut. Ex voluptatum odio mollitia. Incidunt eveniet magni maiores quae dolores.',39,1,0,16,'1998-02-06 07:30:20','2015-04-27 20:16:48'),(10,32,9,'doloremque','Dicta enim et deleniti officia recusandae architecto. Voluptas itaque natus modi sint esse. Quasi recusandae autem facilis quasi ullam.',95,1,1,39,'1981-07-16 10:02:20','2000-11-18 11:57:38'),(11,54,9,'est','Ipsa perspiciatis illum et quam. Voluptatum est dolorum soluta qui voluptatem. Voluptatibus unde est enim et qui dolore laborum.',83,1,1,468,'2007-02-18 16:57:47','2020-07-07 11:25:08'),(12,44,1,'itaque','Expedita non ab quas dolore. Et et dolor beatae quos velit. Ipsa nam mollitia iure aperiam excepturi totam. Quia similique aliquam molestias sunt eum.',76,0,0,180,'1980-10-26 14:49:34','2020-07-07 11:25:08'),(13,75,9,'error','Dolorem vel sed vel animi. Quis voluptatem consequatur quas modi deserunt. Minima exercitationem aut facere laborum repellat consectetur voluptas.',34,0,1,603,'2011-09-26 01:37:37','2020-07-07 11:25:08'),(14,24,8,'consequatur','Nulla aut in ea iusto eos autem omnis. Perferendis est ea neque voluptates. Id ex ipsam ea odit ad expedita.',64,1,1,280,'2009-09-24 12:54:12','2020-07-07 11:25:08'),(15,90,4,'tempora','Ex reiciendis perspiciatis ipsam excepturi. Doloremque non saepe porro rerum facilis rerum. Inventore numquam cupiditate dolorem fuga laborum.',81,1,1,816,'1976-05-26 15:43:10','2020-07-07 11:25:08'),(16,8,5,'tempora','Ut sit beatae in. Fuga quidem sint autem officia voluptas. Optio vero atque nulla excepturi ex et numquam. Dolores praesentium ipsa excepturi doloremque est.',64,1,1,826,'1974-07-17 19:54:30','2020-07-07 11:25:08'),(17,45,2,'temporibus','Aut reiciendis dignissimos rerum et dignissimos. Corrupti eos qui non quo cum eos ipsam. Architecto quos dignissimos eos dolores. Aut adipisci debitis rem in omnis qui.',9,0,1,404,'2015-04-03 20:47:35','2020-07-07 11:25:08'),(18,53,7,'vel','Qui in est iste veniam. Nobis soluta quo quia nemo odio. Temporibus ea libero cumque illum. Eligendi consequatur magni cumque.',97,1,0,550,'1988-02-07 08:06:02','2020-07-07 11:25:08'),(19,59,6,'quibusdam','Quam illum dolor incidunt repudiandae animi magni. Ea cupiditate porro et aut. Eaque dignissimos facilis nisi. Quisquam veniam velit veritatis delectus et sunt omnis.',87,1,1,896,'1985-06-06 14:02:48','2020-07-07 11:25:08'),(20,75,8,'officiis','Dignissimos impedit laudantium nihil accusantium aut quo. Dolor ipsum exercitationem quidem.',6,0,0,290,'2020-04-09 07:04:15','2020-07-07 11:25:08'),(21,18,2,'enim','Quae sequi fugiat eos error velit vitae. Ut natus veritatis perferendis aspernatur ratione qui fuga. Quia delectus autem ut laborum. Autem id sit aut iure corporis voluptatem ipsum accusamus.',35,0,0,862,'1977-01-04 07:22:59','2020-07-07 11:25:08'),(22,87,5,'architecto','Deleniti magni dolore suscipit qui aut deleniti sit. Esse sunt aliquam repudiandae aut qui consectetur velit. Cupiditate dolorem eos omnis. Est ut ab exercitationem quisquam.',66,0,1,629,'1981-08-29 06:20:33','2020-07-07 11:25:08'),(23,60,1,'assumenda','Dicta qui autem rem velit et. Ex vel dolorem et porro sed quae. Quam ipsum necessitatibus fugit laudantium non hic aut. Esse est quo rerum sed pariatur voluptatem pariatur.',22,0,0,676,'2007-06-13 10:54:46','2020-07-07 11:25:08'),(24,97,7,'voluptas','Non eum harum odio ex deleniti omnis. Accusamus facilis dolores est pariatur dolorum cum consequatur. Quia culpa aut et reprehenderit. Repudiandae ipsa quibusdam architecto ut nobis ea velit.',35,0,0,186,'1996-09-20 08:41:53','2020-07-07 11:25:08'),(25,51,2,'quis','Impedit pariatur id error. Laudantium quis et quisquam placeat. Itaque impedit distinctio quia temporibus provident eos eius.',99,1,1,822,'2013-07-31 10:58:15','2020-07-07 11:25:08'),(26,47,6,'non','Fuga ipsam eos consequatur voluptate ut mollitia harum. Id assumenda dicta saepe animi est. Sed et fugiat voluptatem hic ducimus alias aperiam eos.',87,0,1,473,'1980-02-06 04:14:19','2016-11-13 13:01:51'),(27,58,7,'dolorem','Et et nam dolores modi reiciendis. Ducimus consequatur libero nesciunt earum omnis veritatis. Accusamus esse dolore perferendis eum.',85,0,1,783,'1989-09-17 16:30:25','2020-07-07 11:25:08'),(28,72,1,'laborum','Esse quae nihil sed porro. Ipsum consequatur dignissimos dicta exercitationem. Qui distinctio corporis sint voluptates rerum est ipsa minima.',15,0,1,136,'2014-08-10 12:12:45','2020-07-07 11:25:08'),(29,64,4,'nesciunt','Quisquam quo quia voluptatem libero ratione rerum eveniet. Alias et ut provident voluptate deleniti. Est nihil et animi consequatur accusantium.',21,1,0,891,'1974-03-14 09:52:46','2020-07-07 11:25:08'),(30,60,6,'consequatur','Dicta non dignissimos aut iste id sed eos. Quasi et sapiente quidem dolorem autem vel. Consequatur sed rerum ipsam sunt aut dolores ratione.',32,1,1,3,'1982-06-14 07:02:45','2020-07-07 11:25:08'),(31,59,7,'eum','Sit ea voluptates esse velit ipsam dolores quam. Non nobis aut id minus officiis illo iure et. Dolores vitae iure inventore. Incidunt est qui ut dolore odit occaecati tempore.',84,1,1,139,'2017-12-25 00:00:11','2020-07-07 11:25:08'),(32,30,6,'ex','Ut porro nisi optio ipsum ex neque. Ipsa minus ratione nostrum error qui. Et assumenda et dolorem ad qui est.',17,1,1,348,'1992-01-29 13:31:24','2020-07-07 11:25:08'),(33,71,8,'optio','Reiciendis voluptatem debitis voluptatibus repellat voluptate expedita. Doloribus hic nostrum sed sit. Sunt officiis impedit unde quis non aut quas.',72,0,1,856,'2006-09-02 04:01:18','2020-07-07 11:25:08'),(34,44,6,'amet','Molestiae quas ut quo dolorem dolores. Consequatur ullam eum totam nihil. Ut et at dolores numquam atque omnis quisquam. Labore et rerum atque deserunt eos eius earum.',84,1,0,41,'1980-03-19 04:47:57','1975-10-07 12:19:11'),(35,25,1,'in','Recusandae ut corrupti quam nihil id nisi. Sapiente veniam in dolores voluptatum ut. Deserunt fugiat non saepe dignissimos nisi est ut.',95,1,1,715,'1993-05-31 08:03:14','2020-07-07 11:25:08'),(36,1,1,'temporibus','Necessitatibus ut est dolor aut aspernatur qui. Autem illum pariatur culpa quis occaecati odio molestiae dolorem.',50,0,1,350,'1992-09-18 01:46:07','2020-07-07 11:25:08'),(37,70,10,'in','Fugit atque quaerat doloremque expedita veniam fugiat temporibus. Qui quidem dicta voluptatem voluptates assumenda.\nMagni rerum consectetur est quia et. Est vel aut quia non et rerum.',34,1,0,405,'2019-10-29 06:31:31','2020-07-07 11:25:08'),(38,30,6,'eaque','Quasi iste dolores odit aliquam vitae. Odio temporibus molestiae aliquid. Voluptates atque illum iure velit.',83,0,0,685,'2013-01-17 10:06:35','2020-07-07 11:25:08'),(39,94,10,'soluta','Molestias id et harum dolores laboriosam est omnis. Corporis voluptate iusto odit omnis qui sunt. Quis voluptatem quasi id exercitationem.',11,0,1,307,'1970-03-06 06:18:29','2020-07-07 11:25:08'),(40,26,3,'est','Architecto occaecati nulla corporis provident tempore. Et consequatur vel earum ut inventore minus. Doloremque repellendus voluptatem quibusdam aliquid eius. Qui tempora eos officiis eveniet.',32,0,0,431,'2017-09-05 14:16:51','2020-07-07 11:25:08'),(41,16,4,'nobis','Molestiae aliquid odit beatae incidunt iste. Architecto consequuntur amet ea eaque. Consequatur quam cupiditate eum reprehenderit illo quam ut.',96,0,1,387,'1985-08-19 14:02:32','2020-07-07 11:25:08'),(42,43,9,'adipisci','Dolores eos omnis aut reiciendis aliquam reiciendis. Maiores assumenda in sit qui sint ut. Error cumque quia quod commodi voluptatem.',65,1,1,745,'2016-09-14 03:28:56','2020-07-07 11:25:08'),(43,87,4,'ex','Blanditiis qui qui et id aut vel qui. Odit animi sapiente ut voluptatem. A dolore dolore fugiat ut totam non deleniti aspernatur. Ipsam ut suscipit dolorem itaque.',42,0,0,938,'2000-06-29 20:59:43','2020-07-07 11:25:08'),(44,64,1,'omnis','Corrupti quos natus ea recusandae maiores. Et voluptatem eligendi et quia sint aliquam. Reprehenderit voluptatem qui quam perferendis inventore. Odit similique voluptatem qui iste.',92,0,0,510,'1999-07-12 04:40:54','2020-07-07 11:25:08'),(45,96,3,'molestias','Repellat consequatur quis aut fugit eaque hic ullam. Aut blanditiis nihil possimus quisquam. Fugiat aut aspernatur ad autem.',37,0,1,352,'2005-08-30 21:41:20','2020-07-07 11:25:08'),(46,5,1,'repellendus','Nisi minima quasi dolor magni. Consectetur qui labore sit eius. Velit quos velit ut reprehenderit consectetur odio laudantium.',80,1,1,109,'1990-08-29 19:54:35','2020-07-07 11:25:08'),(47,34,6,'nesciunt','Magnam consequatur facilis sapiente nihil. Enim dolor sit dolorem excepturi eum aut commodi. Omnis excepturi vitae illum adipisci commodi. Est velit facere nulla ut qui reiciendis.',47,1,0,801,'2015-05-21 14:11:48','2020-07-07 11:25:08'),(48,2,6,'qui','Maxime et nobis voluptatibus consequatur. Aperiam ducimus nobis omnis est corporis molestias. A nostrum in minus nesciunt. Magnam nihil doloremque perspiciatis nihil veniam aspernatur dolor.',74,0,0,287,'1976-06-05 04:08:01','2020-07-07 11:25:08'),(49,15,3,'a','Enim at corporis veniam vel vitae. Alias expedita labore eligendi. Cumque expedita velit magni unde eum earum. Doloribus vel quidem quia. Aut sint placeat nihil ad aut facere.',69,1,1,124,'1973-03-27 18:52:59','2020-07-07 11:25:08'),(50,48,4,'consequatur','Qui voluptatem et officiis ut eius. Et deleniti enim deserunt numquam excepturi necessitatibus quibusdam. Asperiores eum blanditiis sit veritatis velit est.',39,0,1,903,'1986-11-27 06:00:52','2020-07-07 11:25:08'),(51,39,9,'deserunt','Dolore fugiat sit praesentium iusto. Adipisci modi iste fugit placeat voluptas omnis ut. Minima cupiditate iure eligendi autem.',42,0,0,852,'2011-02-20 08:39:14','1996-12-07 02:27:42'),(52,44,2,'officiis','Sed est consectetur numquam harum. Reiciendis dolor quis adipisci voluptatem ullam incidunt facere. Ad qui veritatis voluptatem incidunt accusantium.',57,0,0,613,'1986-01-06 23:09:04','2020-07-07 11:25:08'),(53,44,9,'est','Similique sit numquam in. Nobis culpa sed nihil voluptatum aut. Corrupti sit debitis illo inventore commodi voluptas.',20,1,1,411,'2018-10-03 11:02:00','2020-07-07 11:25:08'),(54,29,6,'fuga','Aspernatur ut est cum laborum id. Sit consectetur ut illum magnam suscipit consectetur aliquid.',24,0,1,985,'1982-10-19 00:33:19','2020-07-07 11:25:08'),(55,67,1,'nihil','Corporis distinctio est velit qui. Eius sit et voluptatem officiis. Iure non eum qui sed sapiente perferendis quod perferendis.',41,0,0,999,'2012-06-17 01:06:21','2020-07-07 11:25:08'),(56,93,10,'ut','Aut explicabo qui officiis distinctio maxime. Iusto tempora vero et tempore voluptas sint. Vero rerum est nam delectus nemo omnis in. Dolorem vel tempore molestiae ut quo quibusdam.',71,0,1,127,'1979-07-25 13:24:10','2020-07-07 11:25:08'),(57,97,6,'rerum','Consequatur pariatur ad non nemo ut. Quisquam nisi exercitationem vel doloribus illum praesentium eos dolorem. Voluptatem nam dolore ut quasi quis qui eaque. Inventore vitae aut id officiis numquam.',99,0,0,244,'1995-05-11 02:54:59','2020-07-07 11:25:08'),(58,42,8,'eos','Nulla voluptate placeat odio nisi hic natus. Repellat id harum inventore maxime eveniet dolores facilis autem. Aut voluptas sunt unde fugit quod voluptatem unde.',90,1,0,510,'1998-01-09 21:04:21','2020-07-07 11:25:08'),(59,4,3,'ex','Et omnis quae voluptas ab maxime sit. Consequuntur molestias optio rerum. Explicabo nobis nam fugiat in saepe quam voluptatem omnis.',43,1,0,561,'1989-10-19 23:08:40','1973-04-28 15:15:18'),(60,28,10,'quo','Quia qui sed ratione eius. Voluptatem in neque perferendis eos commodi ducimus commodi. Et corporis in optio est eos possimus occaecati deleniti.',55,1,0,25,'2015-07-09 17:54:35','2020-07-07 11:25:08'),(61,99,8,'et','Voluptatum quaerat nemo eveniet repellat. Harum iure omnis labore nemo ipsa dolor consequatur iste. Assumenda suscipit quibusdam libero.',24,0,1,838,'1988-01-06 23:43:40','2020-07-07 11:25:08'),(62,82,9,'aut','Amet aperiam in doloribus eligendi qui. Voluptatem cum fugit quod. Qui molestias pariatur molestiae debitis sed.',6,0,0,568,'1998-02-24 18:44:39','2020-07-07 11:25:08'),(63,44,8,'labore','Aperiam ut expedita modi saepe illo. Eum placeat aut sint et dignissimos. Et aut quam quasi deleniti non rem sequi fuga. Officia nihil occaecati neque dolore aut nemo magnam.',47,1,1,511,'2017-12-24 06:07:09','2020-07-07 11:25:08'),(64,95,6,'et','Voluptatem qui rem in omnis fugit officia. Natus quia laudantium fuga. Aut aut error non recusandae animi laudantium occaecati. Omnis amet eum aut possimus odit odit.',59,1,0,324,'1992-03-02 10:34:25','2020-07-07 11:25:08'),(65,30,5,'libero','Quam sint est corrupti tenetur a labore quibusdam. Facere aliquam assumenda sapiente quis iste. Iste est saepe autem quas.',38,1,0,822,'1978-01-21 03:38:32','2020-07-07 11:25:08'),(66,57,6,'voluptate','Vel facere aliquam maiores temporibus. Officiis qui ex ut quae dolor distinctio debitis. Voluptatum molestiae nobis maiores nihil delectus. Vitae eum adipisci hic consequatur dolorum eveniet et.',4,0,0,584,'2019-08-04 14:33:20','2020-07-07 11:25:08'),(67,69,5,'sit','Reiciendis asperiores dolorem officia deleniti nam et suscipit et. Est nobis velit omnis non sint. Vel at blanditiis repellat sit culpa aspernatur quae quibusdam.',19,1,0,665,'1997-02-21 11:38:51','2020-07-07 11:25:08'),(68,82,7,'soluta','Consequatur et asperiores nihil dolor placeat sit ducimus. Illo fugit aut a facilis et quis nostrum. Adipisci molestias illo voluptatem aut ex consequatur.',46,1,0,418,'2008-01-31 01:13:46','2020-07-07 11:25:08'),(69,25,9,'aut','Rerum expedita commodi vel. Quia earum dolore optio. Nemo est necessitatibus ducimus eum dolores enim culpa vero. Sapiente neque delectus corporis nisi aliquam. Illum et qui ex libero culpa amet.',52,0,1,532,'1973-04-06 22:40:44','2020-07-07 11:25:08'),(70,64,5,'assumenda','Qui quia eius asperiores minima. Dolorem sapiente sed sunt dolore ipsa omnis incidunt. Animi quia ut nobis officiis illum et maiores. Quia iusto aut error voluptatem eum exercitationem.',26,1,0,628,'2018-09-23 05:04:13','2020-07-07 11:25:08'),(71,66,8,'ipsum','Aut nesciunt velit ut occaecati. Est et architecto aliquid consequatur. Tenetur veritatis cum laboriosam iusto.',11,1,1,185,'1998-03-03 06:34:28','2020-07-07 11:25:08'),(72,66,3,'culpa','Quis ut quia eum culpa sed voluptate voluptatem. Laudantium incidunt animi autem sint aspernatur. Eveniet et modi inventore expedita in sapiente aut. Facilis aut et id ut. Modi vero nostrum sed nemo.',22,1,0,2,'2014-04-25 15:43:21','2020-07-07 11:25:08'),(73,96,1,'cum','Eos explicabo aut cumque accusamus et. Consequatur repellendus beatae ea dolorum ut nostrum omnis quas. Est eos molestiae occaecati praesentium.',14,1,1,765,'1999-07-03 22:58:36','2010-12-14 09:20:27'),(74,41,2,'quasi','Quisquam ea et velit molestias. Et eius est ea cumque. Vitae quia voluptas cum et et fugit recusandae.',55,0,1,159,'1988-09-11 13:55:00','2020-07-07 11:25:08'),(75,64,10,'similique','Sit qui odit sint et rem totam enim. Suscipit consequatur minima velit debitis officiis consequatur eaque.',8,1,0,855,'1977-07-31 19:22:09','2020-07-07 11:25:08'),(76,5,5,'minima','Dolorem consequuntur quia dolor harum numquam nobis iste. Ut minus unde nisi et doloribus nobis laborum. Odio quam modi tenetur eligendi ad magnam.',67,1,1,987,'1979-08-01 23:02:49','2020-07-07 11:25:08'),(77,4,4,'libero','Labore sit maxime illum totam blanditiis alias est cumque. Magnam voluptatem eius repudiandae fugiat.',38,1,1,237,'1983-11-20 18:42:11','2020-07-07 11:25:08'),(78,75,4,'voluptas','Excepturi dolor sit esse illum. Nisi alias nihil voluptatem quis voluptas quod quo rerum. Quidem sint quisquam est et sint. Id est facilis eligendi iusto.',24,1,1,703,'1974-04-10 06:04:20','2020-07-07 11:25:08'),(79,24,1,'atque','Ut est sint non iusto. Voluptatum possimus assumenda facere. Recusandae omnis et est.',74,0,0,657,'2016-09-07 03:46:58','1990-02-24 13:17:08'),(80,7,8,'aspernatur','Ullam aut officia dolores iusto asperiores sed qui. Nihil dicta architecto ut praesentium tenetur eaque ipsum distinctio. Aliquid ut soluta quibusdam illum. Velit odio temporibus aperiam rerum culpa.',36,0,1,287,'2011-10-28 09:26:36','2020-07-07 11:25:08'),(81,25,8,'eos','Dignissimos occaecati earum ut laborum. Vel voluptatem deleniti ut velit ipsa. Quisquam odio sed inventore enim omnis quae.',2,0,0,939,'1972-12-09 23:57:43','2020-07-07 11:25:08'),(82,69,3,'odio','Aut voluptas amet labore cum hic quas repellendus quae. Voluptatum maiores neque quia quo esse maxime. Iste voluptatem aperiam minima eos voluptatem fugiat sit quo.',26,1,1,479,'1979-01-29 10:07:36','2020-07-07 11:25:08'),(83,13,1,'excepturi','Quas eius eos vel rerum corporis quas distinctio. Culpa nulla consequatur sed qui dolore. Quis omnis sit itaque maxime non qui.',89,0,1,472,'2005-07-27 03:35:20','2020-07-07 11:25:08'),(84,94,6,'at','Nulla et recusandae aliquid rerum. Eum quia molestiae veniam quia enim laboriosam blanditiis.',44,0,0,149,'2016-02-14 10:41:49','2020-07-07 11:25:08'),(85,58,8,'rerum','Cumque est ut ducimus necessitatibus explicabo. Impedit maxime et ut dignissimos dolores quibusdam pariatur. Laudantium ex in eius repellat ea voluptas aut. Aliquid in et fugiat suscipit esse.',67,1,1,894,'2006-02-19 19:39:33','2020-07-07 11:25:08'),(86,71,10,'quaerat','Voluptas iure molestiae ea hic. Numquam harum quia quis. Tenetur optio repellendus quaerat debitis.',25,0,1,320,'2018-06-20 13:37:26','2020-07-07 11:25:08'),(87,68,2,'asperiores','Laudantium optio et ratione blanditiis dolor consequatur. Harum eum repellat temporibus eveniet maxime. Et nostrum ad dolore est dolor non id. Consequatur ut cupiditate aut inventore aut ab.',55,1,0,401,'1998-01-18 02:50:04','2009-06-10 06:44:33'),(88,64,6,'et','Rem voluptas eos velit tenetur omnis eos. Iusto sapiente quidem voluptas excepturi error. Nulla dolor ut corrupti consequatur at ut ipsum. Et numquam ut qui quo soluta temporibus.',64,0,1,299,'1977-05-01 22:10:11','2020-07-07 11:25:08'),(89,28,1,'ut','Sed beatae exercitationem praesentium explicabo. A aut aliquid fugiat quod rerum aut in. Ea perspiciatis aut aliquam ut.',99,0,0,256,'2016-08-26 12:32:42','2020-07-07 11:25:08'),(90,92,3,'laborum','Ipsum dolor odio molestiae minima ratione dolore. Voluptate sunt at et omnis cupiditate sed consequatur. Praesentium autem dolorem cupiditate accusamus et vero. Eum sint dolores eaque qui magni non.',66,0,1,177,'1997-09-05 12:39:48','2020-07-07 11:25:08'),(91,51,5,'occaecati','Facere totam possimus soluta molestiae. Sed qui dignissimos ex repudiandae occaecati. Modi modi reprehenderit occaecati. Nihil magnam id aliquid consequatur.',97,0,0,175,'2020-04-12 17:00:55','2020-07-07 11:25:08'),(92,41,5,'eos','Optio numquam omnis repudiandae consequatur itaque odio. Omnis molestiae necessitatibus qui facilis. Quia ex voluptatibus facilis quia at explicabo praesentium. Quam doloribus quis officia.',31,1,1,149,'1971-05-07 15:37:26','1971-11-10 22:18:48'),(93,52,4,'quod','Enim cumque aspernatur quidem quia. Hic dolorem labore iure pariatur.',55,0,0,893,'1976-07-07 17:30:13','2020-07-07 11:25:08'),(94,81,6,'quod','Vel ab maiores ut aliquam. Fuga architecto dolore consectetur ullam a. Sunt cumque dolores et cupiditate ex delectus minus.',57,0,1,291,'1990-04-20 16:18:54','2020-07-07 11:25:08'),(95,76,8,'accusantium','Ex est consequuntur rerum aut quia. Vitae doloremque omnis eveniet magni eos molestiae eius. Sint sequi voluptas et ratione quo non.',40,1,0,141,'2003-08-07 07:12:30','2020-07-07 11:25:08'),(96,77,10,'qui','Porro animi consequatur similique illo iste. Perspiciatis esse nulla iste quod fugit est. Officia inventore accusamus enim assumenda.',74,0,0,227,'1990-03-28 08:54:16','2020-07-07 11:25:08'),(97,57,7,'eveniet','Ut temporibus aliquid ullam ratione aliquam. Eos tenetur nesciunt nihil nisi cupiditate. Voluptas velit id aliquam praesentium quis. Esse nihil error et molestiae officia.',52,1,1,130,'2019-04-21 09:28:31','2020-07-07 11:25:08'),(98,36,2,'earum','Officia possimus voluptatem quia at rerum. Sed voluptatem commodi aspernatur. Exercitationem accusamus sed adipisci sapiente incidunt.',47,1,1,194,'1978-10-01 03:57:07','2020-07-07 11:25:08'),(99,51,9,'laboriosam','Incidunt dolor nemo rerum enim ut. Autem aliquid laborum porro. Deserunt non quia libero omnis totam hic culpa.',70,0,0,583,'2009-12-26 18:18:38','1983-07-29 15:06:21'),(100,18,1,'dolor','Enim sit et nam. Quis et voluptatem est ut voluptas possimus inventore. Non omnis maiores quia voluptas quidem amet. Quis quod dolor totam ea dolorem.',73,0,0,870,'1983-03-07 21:39:02','2020-07-07 11:25:08'),(101,15,5,'omnis','Consequatur est quisquam laudantium esse. Reprehenderit nihil voluptas aut ex molestias. A maxime facilis vitae in.',71,1,0,320,'2008-10-28 10:13:07','2014-01-04 02:04:26'),(102,76,8,'architecto','In accusantium harum qui voluptate voluptate molestias. Ut facere ut enim repellendus. Laborum corporis corporis ut id a laboriosam.',34,0,1,343,'2004-07-01 14:17:50','2020-07-07 11:25:08'),(103,5,8,'qui','Nam voluptates placeat iste pariatur quisquam perferendis est. Aperiam et debitis animi reiciendis eligendi facilis. Iusto nemo non facilis eum velit cumque. Quia sapiente maxime soluta aut minima.',69,0,0,608,'1972-01-26 07:26:50','2020-07-07 11:25:08'),(104,100,2,'distinctio','Accusantium debitis sint explicabo. Odio praesentium ducimus sit consequatur facere ipsa. At sapiente atque consequuntur nesciunt voluptatem.',4,0,0,368,'1983-12-13 01:24:56','2020-07-07 11:25:08'),(105,95,7,'iusto','Praesentium dolores nulla ad illum est veniam sunt. Odio sint dolor non non error pariatur ratione. Molestias tenetur itaque dignissimos ab soluta voluptas qui aut. Et vitae qui et consequuntur unde.',63,0,1,729,'1977-03-12 21:56:10','1987-07-09 22:04:02'),(106,78,8,'quos','Adipisci eos quae sint sed modi in. Voluptatem ea alias temporibus asperiores error ut. Dolores eos ut eaque atque.',39,1,1,705,'2020-02-28 15:12:04','2020-07-07 11:25:08'),(107,76,3,'maxime','Exercitationem quis sit exercitationem libero dolores aut quibusdam. Odit non reiciendis sed iusto animi. Perspiciatis voluptas ut reiciendis quo qui quibusdam ut omnis.',36,1,1,560,'2006-10-02 05:14:12','2020-07-07 11:25:08'),(108,3,9,'non','A sed dolores assumenda nihil aut qui. Est necessitatibus quis doloremque dicta et qui veritatis magni. Omnis quasi delectus eveniet.',79,1,1,341,'1972-12-12 21:52:22','2020-07-07 11:25:08'),(109,64,8,'ut','Veritatis consequatur vel ipsum quas. Quasi libero et distinctio fuga nemo. Officia vero sed accusantium molestiae. Cum dolorem nihil voluptates optio commodi qui asperiores.',17,0,1,379,'1999-10-07 01:57:24','2020-07-07 11:25:08'),(110,32,10,'aut','Qui natus nesciunt nobis necessitatibus architecto reiciendis laboriosam. Voluptatem provident amet animi voluptatibus. Magni officia cupiditate corporis. Et iure sed consequatur dolores.',97,1,0,264,'1994-11-08 18:11:13','2020-07-07 11:25:08'),(111,92,7,'quidem','Omnis ut consequuntur minima earum veritatis. Qui similique at harum sequi. Velit sit velit rerum. Tempora facilis neque quis aut.',33,0,0,539,'2017-07-07 05:30:48','2020-07-07 11:25:08'),(112,96,3,'quibusdam','Ut impedit et at non. Voluptatem expedita id delectus temporibus. Eius fugit ullam est pariatur aut quas. Facere velit adipisci praesentium maiores in facere rerum.',24,0,0,839,'1977-04-09 21:11:28','2020-07-07 11:25:08'),(113,37,4,'et','Laborum asperiores dicta et dicta ullam et magnam. Quo voluptas vel quae. Vero eos et officiis qui distinctio quo error. Maxime autem illum corporis voluptatem.',15,0,1,432,'1982-06-30 06:21:47','2020-07-07 11:25:08'),(114,4,1,'non','Asperiores ea exercitationem natus accusantium delectus ea. Dolores inventore temporibus autem. Ut quaerat voluptate numquam a sunt sint.',98,0,1,735,'1982-05-03 00:08:23','2012-08-08 18:41:06'),(115,19,3,'accusamus','Sapiente adipisci iusto est dolor illo dolor velit. Iusto consectetur illo sed esse. Sit recusandae ipsum at. Doloribus a hic delectus voluptatem delectus et.',46,1,0,286,'1974-06-03 20:57:53','2020-07-07 11:25:08'),(116,97,9,'perferendis','Repellat ut est laboriosam aliquid quaerat est. Ipsa blanditiis amet error aliquid voluptatum a aut et. Laborum corrupti dolores corporis blanditiis magni non deserunt.',94,1,0,170,'1985-01-02 22:43:40','2020-07-07 11:25:08'),(117,87,7,'veniam','Nemo velit quibusdam nisi omnis fugit suscipit. Architecto suscipit vero et quisquam accusamus repellendus assumenda. Ab dignissimos rerum qui qui aut.',78,1,1,491,'2018-07-11 07:32:32','2020-07-07 11:25:08'),(118,14,7,'cumque','Numquam quod harum quia autem quisquam consectetur. Quisquam pariatur eum fuga aut. Et nisi quidem eligendi delectus amet. Temporibus molestiae corrupti molestiae ipsam sed.',94,1,1,605,'1987-04-20 12:29:02','2020-07-07 11:25:08'),(119,45,5,'voluptas','Harum recusandae rerum sequi tenetur inventore eos blanditiis. Quia quo mollitia odit qui autem nisi quo ducimus. Inventore corrupti quia sint vel.',89,0,1,301,'1981-03-10 17:40:27','2020-07-07 11:25:08'),(120,55,2,'quod','Quia accusamus consequuntur voluptas adipisci. Autem possimus ullam quasi sunt omnis non enim. Amet quia doloribus voluptatem officiis veritatis deserunt. Excepturi nulla et quae itaque natus ab.',99,0,0,211,'2017-06-14 03:08:57','2020-07-07 11:25:08'),(121,33,5,'consequatur','Voluptatem odio sed id. Voluptas rerum voluptatibus sunt nam sit odit. Ad sed odio repellendus reiciendis sed quaerat.',95,0,1,859,'1974-03-27 02:31:38','2020-07-07 11:25:08'),(122,57,10,'corporis','Voluptatibus incidunt possimus laboriosam mollitia placeat eum. Molestiae sunt eos quam blanditiis. Libero atque consequatur nesciunt.',97,1,0,441,'2013-01-16 17:16:34','2020-07-07 11:25:08'),(123,67,3,'qui','Maxime expedita voluptatem nemo voluptatum nisi et quidem autem. Sunt neque qui doloribus deleniti facere. Corrupti nisi quidem saepe quidem delectus.',92,0,0,905,'2000-07-27 01:16:02','2020-07-07 11:25:08'),(124,23,3,'molestiae','Incidunt error ut voluptatibus et. Omnis pariatur sed deleniti eveniet magnam pariatur rerum. Molestias cum in delectus. Quam magnam quia consectetur dignissimos consequatur aliquam.',41,0,0,69,'2019-10-06 07:05:06','2020-07-07 11:25:08'),(125,55,7,'distinctio','Totam rerum pariatur ut aut. Omnis adipisci dolor voluptas ipsa nam officiis ut at. Recusandae consequatur sint voluptate non at et aut. Quibusdam aut in beatae quia veritatis corrupti.',92,0,1,135,'1993-02-16 20:56:59','2020-07-07 11:25:08'),(126,21,6,'sunt','Cum atque qui aut doloremque est officiis est. Excepturi nobis magnam est. Totam accusamus occaecati temporibus qui porro. Beatae non ipsum libero quisquam rerum consequatur minus.',68,1,1,700,'2001-12-01 10:00:09','2020-07-07 11:25:08'),(127,29,10,'exercitationem','Neque eum vel ut excepturi. Maxime quia est quis totam. Autem voluptatem et porro doloremque. Rerum soluta quia quia sunt cupiditate magnam dolor aliquid.',48,0,0,186,'1991-09-26 21:17:40','2020-07-07 11:25:08'),(128,40,8,'officiis','Quo voluptas error corporis pariatur libero delectus. Tempore ducimus fuga qui velit ullam id. Voluptatum unde fugiat aut. Provident reiciendis deleniti aliquid sed fugit.',8,0,1,254,'1972-10-01 00:28:06','2020-07-07 11:25:08'),(129,33,2,'temporibus','Voluptatem nobis rerum sequi dolorem et. Numquam dolore velit autem. Magni excepturi quidem blanditiis necessitatibus.',42,1,0,831,'2009-06-23 05:13:00','2020-07-07 11:25:08'),(130,54,5,'omnis','Fugit deleniti ea facere incidunt. Et dolorem minima laborum ab autem quas fugit quo. Dolorum provident eveniet mollitia.',87,0,1,714,'2020-01-21 06:25:10','2020-07-07 11:25:08'),(131,46,10,'iusto','Aut assumenda et unde quibusdam. Cum provident aut vel qui asperiores eligendi provident. Ullam repellendus perferendis omnis provident. Sapiente non sed nisi suscipit et sed nam voluptates.',3,0,1,253,'2019-09-20 11:51:37','2020-07-07 11:25:08'),(132,98,5,'aperiam','Reprehenderit magnam qui impedit error. Nemo saepe quos aut cumque. Laudantium ipsa non aut velit eius qui recusandae.',5,1,1,10,'1994-08-27 03:24:47','2020-07-07 11:25:08'),(133,53,3,'commodi','Molestiae voluptates aperiam in maxime ut. Consequatur ipsa dolor accusantium sit hic consectetur in.',4,0,1,189,'1984-08-06 13:45:13','2020-07-07 11:25:08'),(134,24,2,'hic','Non ut id dignissimos nihil sunt. Et rerum occaecati ratione tenetur eos optio blanditiis. Aut voluptatum odio non in nostrum.',67,0,1,947,'1998-09-07 20:06:17','2014-06-04 15:43:35'),(135,68,2,'et','Nemo veritatis ducimus velit vel assumenda. Voluptatem cupiditate aperiam eum quaerat. Labore illum sit et ut et.\nEst ex voluptatum blanditiis. Ut qui accusamus ea et. Est ut aut sint et.',56,0,1,298,'2016-10-07 19:54:42','2020-07-07 11:25:08'),(136,51,8,'quasi','Eum omnis rem fuga temporibus voluptatibus aspernatur. Quisquam in quam voluptatibus.\nNecessitatibus omnis voluptates quae. Exercitationem porro sunt fuga maiores voluptas eligendi.',50,0,1,62,'2013-05-06 10:40:47','2020-07-07 11:25:08'),(137,62,6,'accusantium','Et fugiat fuga ut enim expedita sit ut autem. Officia labore est sed doloremque dolorem vitae. Cumque voluptate saepe impedit odit qui.',83,1,0,674,'1981-07-11 15:25:58','2020-07-07 11:25:08'),(138,35,3,'quia','Est voluptatem reprehenderit rerum expedita et. Eum numquam in id voluptatem. Vel ducimus vero dolor.',63,0,1,777,'2010-10-24 16:56:18','2020-07-07 11:25:08'),(139,99,6,'voluptatem','Autem officiis architecto iste a. Totam voluptas eius iste et. Consequatur minus ut aliquam. Nobis architecto ut incidunt autem.',25,1,1,705,'2020-04-17 08:35:42','2020-07-07 11:25:08'),(140,60,2,'et','Tempora ipsum ipsum adipisci velit placeat. Vero facilis et quia explicabo. Laborum omnis natus aut expedita. Et consequuntur at ut qui vel quod.',53,1,1,225,'1971-01-15 17:38:17','2020-07-07 11:25:08'),(141,68,10,'odio','Ea a qui consequatur. Officia explicabo consequuntur atque velit ipsam cum. Nihil accusamus cumque quia harum aut hic nostrum et. Molestiae ipsum veniam quisquam adipisci.',34,1,1,438,'1994-04-11 19:50:17','2020-07-07 11:25:08'),(142,14,3,'recusandae','At dolor natus ea. Itaque voluptates dolor aut voluptatibus non consequatur.',99,0,1,114,'1994-07-25 07:41:44','2020-07-07 11:25:08'),(143,27,5,'possimus','Rerum excepturi quaerat dolorem ea sint excepturi consequatur. Eligendi eligendi ut temporibus ut. Dolorum numquam aperiam ipsum.',97,0,0,25,'1992-08-03 04:52:06','2020-07-07 11:25:08'),(144,64,4,'quam','Nostrum dignissimos aliquid sit nostrum aut libero reiciendis. Reiciendis quibusdam quo et ut necessitatibus.',78,1,1,751,'1994-05-30 12:12:19','2020-07-07 11:25:08'),(145,13,6,'pariatur','Et corrupti repellendus assumenda commodi qui veritatis deserunt. Architecto cum et odio aut quis laboriosam nemo. Molestiae vel libero sint.',73,0,1,1,'1985-04-08 17:26:23','2020-07-07 11:25:08'),(146,11,9,'autem','Molestiae est voluptas ut quasi possimus. Non placeat occaecati cupiditate officiis. Quis veritatis voluptatem tenetur et eum ipsam laborum.',84,0,0,262,'1976-02-05 07:14:05','2020-07-07 11:25:08'),(147,54,3,'dolores','Quod ducimus omnis perferendis quia. Reiciendis nemo rem facere ullam. Voluptatem et autem alias accusamus qui voluptatem officia.',68,1,1,616,'1971-10-07 14:12:35','2020-07-07 11:25:08'),(148,79,1,'aut','Officia molestiae qui laudantium delectus et possimus nihil. Eos illum magni ipsam non molestiae. Delectus voluptas sed culpa iste.',9,1,1,875,'2008-11-11 08:18:10','2020-07-07 11:25:08'),(149,39,2,'sint','Esse deserunt provident explicabo animi. Ratione rerum ad eveniet quibusdam. Aliquam sunt consequatur et numquam doloremque ipsa dolor. Labore in qui vitae et autem nemo quam.',80,1,0,320,'1973-04-11 22:46:40','2020-07-07 11:25:08'),(150,96,9,'nihil','Suscipit est esse excepturi molestiae quia reprehenderit molestiae. Sunt nostrum ipsa earum in non. Est iusto repellendus sapiente eligendi ad impedit et.',37,1,1,952,'2003-05-27 19:32:16','2020-07-07 11:25:08'),(151,55,10,'repellendus','Aut debitis sequi qui. Nihil ad omnis minima quis placeat. Doloremque repellat iste placeat nihil aperiam aut rerum. Saepe quae occaecati magnam blanditiis quis ipsa.',30,1,1,451,'1996-01-15 07:52:27','2020-07-07 11:25:08'),(152,11,10,'sunt','Fuga tenetur et vel nihil voluptatibus. Asperiores voluptatem consectetur sequi ipsum ea atque. Accusantium necessitatibus quo officia laboriosam totam.',5,1,0,102,'1982-12-01 07:48:28','2020-07-07 11:25:08'),(153,48,10,'pariatur','Minima non dolores est aut at. Inventore cum iste eum doloribus quisquam voluptatem hic. Aut explicabo ut incidunt veritatis. Quia impedit nobis eos et. Vero odit vero facere blanditiis ducimus.',57,1,0,101,'1980-08-10 17:40:20','2020-07-07 11:25:08'),(154,27,4,'fuga','Sit accusantium dolorem et eum nihil eius. Autem est necessitatibus cupiditate omnis et eum.',55,0,1,560,'1971-06-05 09:37:48','1974-05-28 07:18:21'),(155,40,1,'ut','Sunt culpa distinctio dolorem accusantium placeat asperiores. A voluptatem et sed fugit fugiat at. Molestias vero quia quis a. Enim et quae quibusdam mollitia.',10,1,1,685,'2005-01-23 18:59:34','2020-07-07 11:25:08'),(156,89,5,'dolore','Non ducimus vitae et sint labore possimus eveniet. In odit repellendus error sed corporis mollitia aut. Recusandae qui et qui itaque consequatur nihil facere. Enim sunt vero ut qui.',44,1,1,855,'1977-02-26 13:35:25','2020-07-07 11:25:08'),(157,23,1,'quidem','Sunt delectus assumenda ea amet esse. Nostrum sit aut quia alias aut. Nihil cupiditate dolorem modi et. Inventore itaque distinctio eos accusamus rerum consequatur neque.',96,0,1,451,'2002-08-20 17:05:33','2020-07-07 11:25:08'),(158,11,9,'aspernatur','Ea quas nostrum eum quia magni officiis. Exercitationem optio et dolores ex repudiandae ut. Quis sed expedita consectetur maiores enim. Omnis in voluptatem cum omnis officia.',53,0,1,814,'1970-06-11 00:52:46','2020-07-07 11:25:08'),(159,89,10,'ea','Quia minima numquam aliquam possimus rerum non. Impedit corporis sunt consequuntur. Consequatur aspernatur ducimus officia facilis porro. Qui animi quos eaque.',29,1,1,725,'1988-10-03 07:51:53','2020-07-07 11:25:08'),(160,61,4,'quaerat','Neque cum impedit velit molestiae et necessitatibus suscipit earum. Optio nam ab ut quo aperiam qui et omnis. Id modi asperiores est repudiandae labore.',33,1,0,572,'1975-05-06 05:06:05','2020-07-07 11:25:08'),(161,3,9,'minima','Nesciunt explicabo aut facere vero quo. Temporibus rerum cumque minima accusantium saepe ut sunt. Dolor ex magni ex qui odit. Reprehenderit assumenda enim quis sint minima quia nulla.',50,1,1,181,'2004-09-12 11:04:52','2020-07-07 11:25:08'),(162,89,2,'voluptatem','Occaecati qui dolorem fuga aperiam ea hic molestiae quisquam. Saepe fugiat sapiente ullam aliquam quasi magni laborum. Delectus et qui eum corporis.',17,0,0,649,'2015-01-16 15:13:00','2020-07-07 11:25:08'),(163,79,2,'ullam','Ut sed alias porro quasi aperiam vel delectus eaque. Atque rem accusantium non totam. Omnis pariatur dolore dolor. Iste non quibusdam ut ut laboriosam.',25,0,1,375,'2011-01-17 05:39:48','2020-07-07 11:25:08'),(164,53,6,'accusamus','Debitis consectetur debitis et animi a ut aut. Commodi et sit dolorem dolor. Ipsam autem voluptas atque ipsa aperiam.',87,0,0,236,'1985-10-01 06:27:50','2020-07-07 11:25:08'),(165,11,2,'saepe','Quae voluptas corrupti nemo nihil necessitatibus omnis non. Ipsum amet veniam non quos. Nihil omnis quas autem. Consequatur nihil consectetur numquam veritatis occaecati vel sed.',83,0,0,516,'1986-06-15 18:39:05','2020-07-07 11:25:08'),(166,62,10,'enim','Fugiat maxime unde occaecati recusandae. Dolorem cum repudiandae provident nostrum ut corporis.',37,0,1,761,'1989-01-06 07:07:29','2020-07-07 11:25:08'),(167,84,4,'voluptates','Rerum delectus nesciunt veniam doloremque sed ea ipsa. Ipsam quia dolores facilis quia. Numquam quod eos et animi dignissimos voluptate corrupti.',96,1,1,356,'1976-01-20 13:00:35','2020-07-07 11:25:08'),(168,22,9,'vero','Esse iusto qui dolore atque unde distinctio perferendis. Voluptatem recusandae amet dolores ab voluptas. Beatae eum et dolorem autem aut atque.',20,0,0,506,'1996-11-20 17:34:57','2020-07-07 11:25:08'),(169,32,3,'cupiditate','Consectetur vero ipsam est natus. Et et distinctio voluptatem temporibus est. Quia ad dolor inventore laborum.',85,1,1,562,'2018-08-29 10:34:03','2020-07-07 11:25:08'),(170,87,7,'saepe','Aperiam ut quia repudiandae provident in praesentium. Perspiciatis provident nesciunt non autem veritatis. Totam eos adipisci eos incidunt voluptatum dolores sint.',40,1,1,928,'1974-06-21 22:36:41','2020-07-07 11:25:08'),(171,8,5,'repudiandae','Vel sequi ipsum ut aut quo odit. Neque vel est veniam. Rerum quia porro at.',12,0,1,827,'1979-09-05 11:11:01','2020-07-07 11:25:08'),(172,97,4,'impedit','Consequatur vel expedita necessitatibus hic eum. Qui labore culpa sunt dicta. Sed odit iste vel culpa ex voluptas. Quia vitae suscipit autem deleniti sed qui dolorem.',9,1,0,309,'2007-06-23 06:12:32','2020-02-03 10:24:08'),(173,11,6,'optio','Incidunt atque provident consequuntur aut necessitatibus. Fugiat modi rem perferendis. Eos ea eos iure explicabo explicabo et. Vitae et ut voluptatem. Quas dicta non repellat nisi deleniti magni.',13,1,1,814,'2006-10-29 14:02:55','2020-07-07 11:25:08'),(174,22,1,'qui','Velit autem est deserunt asperiores aliquam voluptatum enim. Vel amet cupiditate voluptatum quaerat. Cumque ipsa quia unde quasi quis tempora.',55,0,0,852,'1970-05-16 22:39:04','2020-07-07 11:25:08'),(175,68,9,'culpa','Vel quia quia tempore error tempora voluptas in. Provident ab voluptate id rerum et praesentium dolor. Voluptates quis enim neque rerum distinctio quaerat eveniet tempore.',51,1,1,630,'1993-02-03 19:37:54','2020-07-07 11:25:08'),(176,6,2,'necessitatibus','Temporibus et iusto itaque non cupiditate. Dolor natus aliquid et alias cupiditate delectus corrupti tempore. Eius hic voluptatem et maxime eum porro vel.',100,1,0,142,'2004-03-22 08:06:43','2020-07-07 11:25:08'),(177,98,3,'molestiae','Libero nulla consequatur voluptas. Et in minima cum praesentium. Saepe voluptatem voluptatum quaerat architecto maiores. Sapiente quas aliquam rerum.',26,1,1,391,'2006-10-24 13:09:40','2020-07-07 11:25:08'),(178,12,9,'magni','Repellat praesentium et aliquid officiis. Placeat totam et aperiam nemo. Doloribus rerum at sit est voluptas.',75,0,0,360,'1992-10-20 21:29:28','2020-07-07 11:25:08'),(179,29,5,'aliquam','Alias provident totam voluptate quibusdam et vel itaque. Quis non accusamus optio porro mollitia. Porro et dolores voluptatem dolor.',17,1,1,899,'1979-08-13 08:16:17','2020-07-07 11:25:08'),(180,59,9,'delectus','Ut necessitatibus voluptatem hic a. At ipsam reprehenderit voluptatem et quasi magni maiores. Rerum eum quo eos velit dolor voluptas. Sequi libero dolor ut nostrum.',42,1,0,69,'1999-07-30 14:43:30','2020-07-07 11:25:08'),(181,70,9,'in','Vero occaecati rerum saepe ut error nihil nisi. Quia itaque iste aut optio soluta odit.',10,0,1,781,'2015-08-19 15:57:49','2020-07-07 11:25:08'),(182,97,4,'neque','Aut ullam omnis tempora sed fugiat sunt quam porro. Quod nihil eligendi et distinctio. Mollitia cum deserunt aut minima labore illum aut.',19,1,0,654,'2005-06-10 19:33:41','2020-03-29 20:21:18'),(183,100,8,'et','Et voluptates praesentium est sit. Earum quisquam sit sunt aut cum in. Voluptatem autem ex nihil minima veniam adipisci eius. Corporis est sunt explicabo ex quaerat hic.',90,1,1,531,'1983-11-20 12:53:53','1983-11-22 23:31:34'),(184,91,7,'dolor','Est et non consequatur et tenetur error. Facere ducimus numquam occaecati vel quod quasi quia. Enim dicta commodi ex.',2,1,1,966,'1999-06-26 16:15:38','2003-09-26 16:49:35'),(185,30,5,'eligendi','Tenetur qui consequatur est quaerat quo. Aperiam qui et eligendi reiciendis doloremque. Voluptatibus officia voluptatem alias ea quia.',81,1,1,590,'2003-06-30 09:43:54','2020-07-07 11:25:08'),(186,78,8,'laborum','Animi reprehenderit et explicabo rem rerum. Reiciendis consequatur quia aspernatur quia est doloribus beatae ea. Quo nobis nobis odio omnis. Accusamus distinctio non amet repellendus.',21,0,0,68,'2004-12-21 18:16:35','2020-07-07 11:25:08'),(187,43,10,'magnam','Nulla et ea illum ipsam. Qui qui dolorem rerum velit dicta ea. Iste beatae sit quae quaerat sequi velit ut. Porro adipisci sunt iste tempore adipisci qui sunt.',59,0,1,558,'1973-04-02 03:22:57','1976-10-03 15:36:32'),(188,1,6,'ea','Eum aut possimus minus inventore dolor tenetur amet. Nisi autem fugiat officiis deserunt. Error ad totam non harum ullam dignissimos. Nostrum ut earum et ut qui.',41,0,1,494,'1985-05-19 23:57:38','2020-07-07 11:25:08'),(189,70,3,'aliquam','Aut eos illum provident. Ea alias possimus consequatur quasi fugiat eaque illo deleniti. Aliquam voluptates maxime ea autem esse molestias tenetur temporibus.',40,1,1,644,'2013-10-24 17:25:37','2020-07-07 11:25:08'),(190,29,7,'sed','Iusto non facilis eligendi maiores quibusdam. Aut sequi voluptate sunt doloribus velit vel qui dolorum.',91,0,1,527,'2014-10-30 20:36:06','2020-07-07 11:25:08'),(191,69,7,'consectetur','Pariatur eum laudantium voluptates voluptatibus illum. Veniam sit et perspiciatis soluta voluptates consequatur atque. Ut molestiae sunt est dolor.',88,1,1,872,'1997-05-28 21:11:02','2020-07-07 11:25:08'),(192,47,4,'dolorem','Dolores dolores rerum magnam velit fugiat et velit a. Blanditiis earum eius a omnis. Magnam totam ipsum facilis velit voluptatem. Est ab repellendus officiis quibusdam tempore.',58,0,0,276,'1970-12-24 14:08:54','2020-07-07 11:25:08'),(193,22,8,'ut','Occaecati iusto dolores aliquam officia. Temporibus incidunt deleniti numquam ea odit voluptatem nam sit. Fugiat ducimus ex molestiae ad ipsa in sint. Voluptas ipsam sunt optio.',98,1,0,270,'1990-08-23 17:53:02','2020-07-07 11:25:08'),(194,50,7,'atque','Quibusdam omnis aut est. Omnis aut qui et id delectus. Dolorem dolores est ut mollitia.',25,1,0,74,'1979-01-17 21:13:21','2020-07-07 11:25:08'),(195,58,10,'ex','Omnis autem rerum sit. Placeat aut consequatur quisquam quia aut nostrum. Sint qui quia reiciendis esse. Eaque consequatur quia voluptate rerum voluptas odit ex.',60,1,0,222,'1984-02-28 17:22:45','2020-07-07 11:25:08'),(196,97,10,'quasi','Rerum odio est voluptatem neque. Est recusandae excepturi quia sed. Quaerat in corporis facilis nulla blanditiis. Repudiandae inventore voluptas nemo qui voluptatem sed consequuntur iure.',100,0,0,227,'2005-05-06 09:32:59','2020-07-07 11:25:08'),(197,32,8,'voluptatem','Fuga minus ut eligendi illum soluta sed tempora. Qui deserunt adipisci iure aut repellendus. Et ad ut consequuntur aut harum odit. Quidem perferendis et qui aut.',71,0,1,736,'2005-08-09 01:26:10','2003-08-30 18:34:32'),(198,39,10,'quo','Est sunt dolores reiciendis in vel. Repellat animi iure inventore officiis vel.',69,1,1,184,'2006-11-16 16:09:01','2020-07-07 11:25:08'),(199,2,1,'exercitationem','Cumque doloremque delectus doloribus deserunt et. Magni nihil sit omnis ea et modi cum. Eius et unde quae. Et eos unde dolore fugit veniam quaerat minus.',27,0,0,355,'2011-10-06 15:23:28','2020-07-07 11:25:08'),(200,99,1,'qui','Velit ipsa amet laudantium sed saepe rem quia. Corrupti provident quo distinctio nesciunt. Eos omnis quaerat dolores ducimus.',54,1,1,235,'2000-11-10 22:25:56','2020-07-07 11:25:08');
/*!40000 ALTER TABLE `posts` ENABLE KEYS */;
UNLOCK TABLES;

--
-- Table structure for table `profiles`
--

DROP TABLE IF EXISTS `profiles`;
/*!40101 SET @saved_cs_client     = @@character_set_client */;
/*!50503 SET character_set_client = utf8mb4 */;
CREATE TABLE `profiles` (
  `user_id` int unsigned NOT NULL COMMENT 'Ссылка на пользователя',
  `gender` char(1) CHARACTER SET utf8 COLLATE utf8_unicode_ci NOT NULL COMMENT 'Пол',
  `birthday` date DEFAULT NULL COMMENT 'Дата рождения',
  `photo_id` int unsigned DEFAULT NULL COMMENT 'Ссылка на основную фотографию пользователя',
  `city` varchar(130) CHARACTER SET utf8 COLLATE utf8_unicode_ci DEFAULT NULL COMMENT 'Город проживания',
  `country` varchar(130) CHARACTER SET utf8 COLLATE utf8_unicode_ci DEFAULT NULL COMMENT 'Страна проживания',
  `created_at` datetime DEFAULT CURRENT_TIMESTAMP COMMENT 'Время создания строки',
  `updated_at` datetime DEFAULT CURRENT_TIMESTAMP ON UPDATE CURRENT_TIMESTAMP COMMENT 'Время обновления строки',
  PRIMARY KEY (`user_id`),
  KEY `profiles_photo_id_fk` (`photo_id`),
  CONSTRAINT `profiles_photo_id_fk` FOREIGN KEY (`photo_id`) REFERENCES `media` (`id`) ON DELETE SET NULL,
  CONSTRAINT `profiles_user_id_fk` FOREIGN KEY (`user_id`) REFERENCES `users` (`id`) ON DELETE CASCADE
) ENGINE=InnoDB DEFAULT CHARSET=utf8 COLLATE=utf8_unicode_ci COMMENT='Профили';
/*!40101 SET character_set_client = @saved_cs_client */;

--
-- Dumping data for table `profiles`
--

LOCK TABLES `profiles` WRITE;
/*!40000 ALTER TABLE `profiles` DISABLE KEYS */;
INSERT INTO `profiles` VALUES (1,'f','1987-12-22',49,'West Pinkie','Central African Republic','1987-12-22 00:00:00','2020-06-26 13:23:00'),(2,'m','2006-07-22',14,'North Jevonberg','Poland','2006-07-22 00:00:00','2020-06-26 13:23:00'),(3,'m','1993-05-01',56,'New Trinity','Christmas Island','2006-10-18 10:24:34','2015-01-09 21:57:33'),(4,'f','2007-07-02',4,'North Darrion','Liberia','2013-08-07 19:16:04','2020-06-26 13:20:43'),(5,'f','1974-08-29',45,'Nienowland','Saint Barthelemy','1998-04-07 22:24:17','1998-06-21 03:17:40'),(6,'m','2008-01-03',83,'Lake Jayneville','Belize','2008-01-03 00:00:00','2020-06-26 13:23:00'),(7,'m','2006-05-22',55,'Sethton','Panama','2006-05-22 00:00:00','2020-06-26 13:23:00'),(8,'f','1982-08-23',79,'West Rosendoborough','Eritrea','1989-06-26 23:32:31','1996-05-07 17:06:41'),(9,'m','1991-11-19',55,'Lednerchester','Svalbard & Jan Mayen Islands','1991-11-19 00:00:00','2020-06-26 13:23:00'),(10,'f','1992-11-25',1,'New Abbey','Reunion','1992-11-25 00:00:00','2020-06-26 13:23:00'),(11,'m','1975-11-26',16,'East Mia','Turkey','1975-11-26 00:00:00','2020-06-26 13:23:00'),(12,'m','2000-04-29',15,'Leschmouth','Liberia','2004-10-25 08:38:37','2020-06-26 13:20:43'),(13,'m','1970-04-17',9,'Schinnerside','Australia','2004-10-26 13:53:35','2020-06-26 13:20:43'),(14,'m','2007-05-12',83,'Mallieburgh','Madagascar','2009-04-05 06:00:58','2020-06-26 13:20:43'),(15,'f','1992-04-08',88,'South Tyshawn','Kenya','1993-07-03 02:00:40','2020-06-26 13:20:43'),(16,'m','1985-06-12',38,'West Glenda','Guadeloupe','1985-06-12 00:00:00','2020-06-26 13:23:00'),(17,'f','1990-08-01',68,'Ricoberg','Panama','1990-08-01 00:00:00','2020-06-26 13:23:00'),(18,'f','2003-10-06',5,'Considinetown','Uzbekistan','2003-10-06 00:00:00','2020-06-26 13:23:00'),(19,'m','2014-07-02',63,'Saulton','Belize','2014-07-02 00:00:00','2020-06-26 13:23:00'),(20,'m','1988-11-14',19,'Elijahview','Aruba','1989-07-08 00:14:02','2002-03-05 21:00:04'),(21,'f','2006-11-26',3,'Lake Macie','Egypt','2006-11-26 00:00:00','2020-06-26 13:23:00'),(22,'m','2004-08-19',13,'Dickinsonhaven','Anguilla','2004-08-19 00:00:00','2020-06-26 13:23:00'),(23,'m','2009-07-30',60,'Robbieton','Cape Verde','2009-07-30 00:00:00','2020-06-26 13:23:00'),(24,'m','1973-05-22',74,'Kenyonshire','Timor-Leste','1987-07-04 21:04:23','2004-09-28 06:32:25'),(25,'m','1986-02-09',40,'East Augustine','Egypt','2010-03-22 11:55:07','2020-06-26 13:20:43'),(26,'f','1970-08-07',2,'West Sasha','Bulgaria','2009-06-05 09:31:31','2020-06-26 13:20:43'),(27,'m','1972-08-08',76,'South Jaylintown','United States Minor Outlying Islands','1987-08-05 16:38:20','1991-08-20 15:18:20'),(28,'m','1971-10-20',39,'North Mason','Northern Mariana Islands','1984-11-07 23:38:07','2019-01-22 16:56:17'),(29,'m','2005-10-12',38,'New Herta','Liechtenstein','2018-09-06 23:04:43','2020-06-26 13:20:43'),(30,'f','2005-07-09',49,'Manteland','Isle of Man','2005-07-09 00:00:00','2020-06-26 13:23:00'),(31,'m','1982-08-12',16,'Coltshire','Argentina','1990-01-26 21:35:52','2020-06-26 13:20:43'),(32,'m','1971-02-14',47,'Roscoefurt','Sao Tome and Principe','1985-04-18 06:46:22','2015-10-09 18:51:00'),(33,'f','2001-01-18',28,'Marjolaineshire','Lesotho','2009-03-27 16:29:40','2020-06-26 13:20:43'),(34,'f','1992-01-02',83,'Cruickshanktown','Ethiopia','1992-01-02 00:00:00','2020-06-26 13:23:00'),(35,'f','2014-06-12',63,'Deckowview','Guinea-Bissau','2014-06-12 00:00:00','2020-06-26 13:23:00'),(36,'m','2003-07-27',67,'Goyetteborough','Sri Lanka','2003-07-27 00:00:00','2020-06-26 13:23:00'),(37,'f','1989-07-19',66,'North Keaganstad','Vanuatu','2015-03-08 03:13:22','2020-06-26 13:20:43'),(38,'f','1979-04-19',55,'New Rickie','Saint Martin','1986-06-24 23:49:58','2014-09-23 00:02:43'),(39,'m','1998-02-01',85,'Aricmouth','Guyana','1998-02-01 00:00:00','2020-06-26 13:23:00'),(40,'m','1978-12-31',35,'Gerholdtown','Kyrgyz Republic','1978-12-31 00:00:00','2020-06-26 13:23:00'),(41,'m','1977-03-17',79,'North May','Qatar','2018-09-30 21:31:43','2020-06-26 13:20:43'),(42,'m','1974-10-08',32,'South Adolfoville','Korea','1986-04-18 06:25:06','2020-06-26 13:20:43'),(43,'f','1988-10-22',73,'Port Greta','Norway','1988-10-22 00:00:00','2020-06-26 13:23:00'),(44,'f','2002-09-12',20,'South Ledafort','Latvia','2002-09-12 00:00:00','2020-06-26 13:23:00'),(45,'m','1981-03-06',95,'Strackeborough','French Polynesia','2016-02-22 12:44:09','2020-06-26 13:20:43'),(46,'m','2011-12-27',26,'New Fannie','Kyrgyz Republic','2011-12-27 00:00:00','2020-06-26 13:23:00'),(47,'f','1981-05-11',56,'New Vella','Cote d\'Ivoire','1991-09-01 07:22:42','2020-06-26 13:20:43'),(48,'f','1986-10-06',72,'Hipolitochester','Lesotho','2011-03-03 07:30:24','2020-06-26 13:20:43'),(49,'m','2008-10-25',46,'Haleymouth','Guadeloupe','2008-10-25 00:00:00','2020-06-26 13:23:00'),(50,'m','2014-01-09',5,'Micaelaton','Saint Vincent and the Grenadines','2014-01-09 00:00:00','2020-06-26 13:23:00'),(51,'m','1974-12-12',14,'Lake Kaylaburgh','Uganda','1976-07-04 15:48:34','2003-11-19 21:45:46'),(52,'f','1982-10-03',95,'East Emmanuelville','Korea','2003-04-15 00:23:48','2020-06-26 13:20:43'),(53,'m','2003-02-08',38,'New Obie','Lithuania','2019-06-17 21:18:39','2020-06-26 13:20:43'),(54,'f','1990-05-13',5,'North Rubyeview','Cambodia','2010-01-17 20:39:12','2020-06-26 13:20:43'),(55,'m','1979-03-14',27,'Keiraport','Cayman Islands','1990-09-10 09:17:55','1999-11-15 23:00:16'),(56,'m','1980-11-07',5,'East Mustafa','Sierra Leone','2013-01-15 10:04:10','2020-06-26 13:20:43'),(57,'m','1978-11-01',95,'West Geovannychester','Poland','1994-08-14 15:36:54','2020-06-26 13:20:43'),(58,'m','2001-12-16',23,'Lowellfurt','Bosnia and Herzegovina','2001-12-16 00:00:00','2020-06-26 13:23:00'),(59,'f','1970-09-14',50,'Bradtkebury','Myanmar','2006-10-28 23:19:55','2020-06-26 13:20:43'),(60,'m','2006-04-09',52,'Daretown','Antarctica (the territory South of 60 deg S)','2006-04-09 00:00:00','2020-06-26 13:23:00'),(61,'f','1972-02-01',90,'West Shyann','Croatia','1978-03-02 21:39:40','1990-07-17 16:04:32'),(62,'m','1999-05-21',72,'Allisonfort','Maldives','1999-05-21 00:00:00','2020-06-26 13:23:00'),(63,'m','1995-08-27',6,'Douglasport','Niue','2013-04-20 13:38:02','2020-06-26 13:20:43'),(64,'m','1983-02-19',82,'Ondrickaside','Montenegro','2002-08-31 18:39:31','2020-06-26 13:20:43'),(65,'f','1974-01-02',83,'South Heloise','Finland','2017-08-28 18:11:18','2020-06-26 13:20:43'),(66,'m','1997-10-09',73,'Mattside','Jordan','2000-10-05 11:43:16','2020-06-26 13:20:43'),(67,'f','2004-12-13',16,'Stoltenbergshire','Solomon Islands','2014-08-07 18:23:06','2020-06-26 13:20:43'),(68,'f','1994-06-03',30,'Lake Eudoraside','Romania','1994-06-03 00:00:00','2020-06-26 13:23:00'),(69,'m','1995-08-22',79,'Port Pasqualeton','Costa Rica','1996-05-26 23:55:49','2000-07-02 20:23:37'),(70,'f','1992-04-16',3,'South Chazport','Fiji','1992-04-16 00:00:00','2020-06-26 13:23:00'),(71,'m','1990-09-19',56,'Maeside','Hungary','1990-09-19 00:00:00','2020-06-26 13:23:00'),(72,'f','1977-01-28',64,'Viviennehaven','Mongolia','1993-10-26 05:54:04','2020-06-26 13:20:43'),(73,'f','2011-08-26',34,'Port Nicolette','Isle of Man','2011-08-26 00:00:00','2020-06-26 13:23:00'),(74,'m','2006-06-24',76,'Schmelermouth','Sudan','2006-07-06 07:18:11','2009-06-21 18:25:29'),(75,'m','1994-10-16',6,'New Mathew','Cocos (Keeling) Islands','1994-10-16 00:00:00','2020-06-26 13:23:00'),(76,'m','1992-03-26',50,'Port Douglasville','Mongolia','2003-11-14 20:30:34','2020-06-26 13:20:43'),(77,'f','1977-10-03',32,'South Kristianmouth','Finland','1977-10-03 00:00:00','2020-06-26 13:23:00'),(78,'m','1976-05-19',54,'Port Angelomouth','Panama','1993-07-27 21:17:31','1996-01-09 17:50:26'),(79,'f','1972-06-10',21,'West Francescomouth','Nauru','2014-02-08 14:30:27','2020-06-26 13:20:43'),(80,'m','1978-04-19',7,'East Melissa','Bermuda','1989-10-17 22:03:14','2014-02-14 07:57:11'),(81,'m','2018-10-04',66,'Howeport','Haiti','2018-10-04 00:00:00','2020-06-26 13:23:00'),(82,'f','1972-06-28',100,'Diannachester','Cook Islands','1979-04-29 22:13:48','2017-07-26 07:39:14'),(83,'m','2009-05-14',33,'Aliatown','Gibraltar','2009-05-14 00:00:00','2020-06-26 13:23:00'),(84,'f','1997-06-13',10,'Gilbertton','Luxembourg','1997-06-13 00:00:00','2020-06-26 13:23:00'),(85,'f','1974-04-01',37,'Ziemeview','Northern Mariana Islands','2003-01-18 00:12:42','2020-06-26 13:20:43'),(86,'m','1973-09-22',53,'New Danyka','Myanmar','2018-06-18 10:42:28','2019-07-02 09:54:55'),(87,'m','2019-06-10',49,'East Everthaven','Cameroon','2019-06-10 00:00:00','2020-06-26 13:23:00'),(88,'m','2014-11-09',91,'Lake German','British Indian Ocean Territory (Chagos Archipelago)','2014-11-09 00:00:00','2020-06-26 13:23:00'),(89,'m','1989-03-01',84,'Port Nat','Germany','1989-03-01 00:00:00','2020-06-26 13:23:00'),(90,'f','1996-03-14',73,'Casperfort','French Guiana','1996-03-14 00:00:00','2020-06-26 13:23:00'),(91,'f','1980-04-16',65,'New Lisa','Libyan Arab Jamahiriya','1999-08-27 05:46:00','2020-06-26 13:20:43'),(92,'f','2001-12-21',100,'South Bettestad','Iran','2010-10-10 15:25:06','2016-03-22 12:05:13'),(93,'m','1988-09-03',77,'New Jeradview','Guinea','1988-09-03 00:00:00','2020-06-26 13:23:00'),(94,'m','1982-05-03',72,'Port Lucy','Tajikistan','1982-05-03 00:00:00','2020-06-26 13:23:00'),(95,'m','1971-12-28',56,'New Rebachester','Comoros','1996-05-06 07:04:39','2020-06-26 13:20:43'),(96,'m','1978-03-07',38,'Stephenland','Singapore','1985-06-23 02:34:01','1987-04-04 04:28:20'),(97,'m','1971-07-06',31,'North Wallaceview','Venezuela','2005-01-21 00:19:42','2020-06-26 13:20:43'),(98,'m','1983-11-20',54,'Amayastad','Iraq','1990-11-27 21:22:48','2020-06-26 13:20:43'),(99,'f','1976-10-31',53,'West Fay','China','2003-04-25 04:01:06','2020-06-26 13:20:43'),(100,'f','2005-01-19',25,'Willmsburgh','Ghana','2005-01-19 00:00:00','2020-06-26 13:23:00');
/*!40000 ALTER TABLE `profiles` ENABLE KEYS */;
UNLOCK TABLES;

--
-- Table structure for table `target_types`
--

DROP TABLE IF EXISTS `target_types`;
/*!40101 SET @saved_cs_client     = @@character_set_client */;
/*!50503 SET character_set_client = utf8mb4 */;
CREATE TABLE `target_types` (
  `id` int unsigned NOT NULL AUTO_INCREMENT,
  `name` varchar(255) NOT NULL,
  `created_at` datetime DEFAULT CURRENT_TIMESTAMP,
  PRIMARY KEY (`id`),
  UNIQUE KEY `name` (`name`)
) ENGINE=InnoDB AUTO_INCREMENT=5 DEFAULT CHARSET=utf8mb4 COLLATE=utf8mb4_0900_ai_ci;
/*!40101 SET character_set_client = @saved_cs_client */;

--
-- Dumping data for table `target_types`
--

LOCK TABLES `target_types` WRITE;
/*!40000 ALTER TABLE `target_types` DISABLE KEYS */;
INSERT INTO `target_types` VALUES (1,'messages','2020-07-06 21:16:47'),(2,'users','2020-07-06 21:16:47'),(3,'media','2020-07-06 21:16:47'),(4,'posts','2020-07-06 21:16:47');
/*!40000 ALTER TABLE `target_types` ENABLE KEYS */;
UNLOCK TABLES;

--
-- Table structure for table `users`
--

DROP TABLE IF EXISTS `users`;
/*!40101 SET @saved_cs_client     = @@character_set_client */;
/*!50503 SET character_set_client = utf8mb4 */;
CREATE TABLE `users` (
  `id` int unsigned NOT NULL AUTO_INCREMENT COMMENT 'Идентификатор строки',
  `first_name` varchar(100) CHARACTER SET utf8 COLLATE utf8_unicode_ci NOT NULL COMMENT 'Имя пользователя',
  `last_name` varchar(100) CHARACTER SET utf8 COLLATE utf8_unicode_ci NOT NULL COMMENT 'Фамилия пользователя',
  `email` varchar(100) CHARACTER SET utf8 COLLATE utf8_unicode_ci NOT NULL COMMENT 'Почта',
  `phone` varchar(100) CHARACTER SET utf8 COLLATE utf8_unicode_ci NOT NULL COMMENT 'Телефон',
  `created_at` datetime DEFAULT CURRENT_TIMESTAMP COMMENT 'Время создания строки',
  `updated_at` datetime DEFAULT CURRENT_TIMESTAMP ON UPDATE CURRENT_TIMESTAMP COMMENT 'Время обновления строки',
  PRIMARY KEY (`id`),
  UNIQUE KEY `email` (`email`),
  UNIQUE KEY `phone` (`phone`)
) ENGINE=InnoDB AUTO_INCREMENT=101 DEFAULT CHARSET=utf8 COLLATE=utf8_unicode_ci COMMENT='Пользователи';
/*!40101 SET character_set_client = @saved_cs_client */;

--
-- Dumping data for table `users`
--

LOCK TABLES `users` WRITE;
/*!40000 ALTER TABLE `users` DISABLE KEYS */;
INSERT INTO `users` VALUES (1,'Eldridge','Koelpin','samanta46@example.com','357.650.5746x39811','1981-11-14 00:18:53','1988-12-10 00:15:51'),(2,'Dixie','Pfeffer','jquitzon@example.org','149-661-5130x51084','1998-10-24 21:38:23','2020-06-26 13:13:46'),(3,'Sadye','Streich','jayson40@example.net','255-512-3844','2017-06-05 06:19:30','2020-06-26 13:13:46'),(4,'Amie','Robel','windler.cory@example.com','(140)817-8129x12097','1970-12-30 17:45:09','2012-02-26 01:53:18'),(5,'Abner','McLaughlin','jhayes@example.net','145.393.3981x136','1990-11-18 12:41:02','2020-06-26 13:13:46'),(6,'Alfonso','Rice','cormier.rosalind@example.org','326-634-0729x94128','2006-05-24 16:14:49','2016-12-26 09:19:22'),(7,'Ursula','Feil','kali25@example.com','170.386.0521x4458','2016-02-26 14:25:05','2020-06-26 13:13:46'),(8,'Bill','Wuckert','jade37@example.com','1-463-242-7234x840','1983-12-02 03:15:29','1991-12-01 12:44:53'),(9,'Selina','Wiza','trace35@example.com','+94(7)5965866047','2014-11-03 02:40:13','2020-06-26 13:13:46'),(10,'Camille','Ernser','ruecker.xzavier@example.org','925.636.6229','1988-02-05 08:20:36','2020-06-26 13:13:46'),(11,'Julia','Yost','vbashirian@example.net','546.275.0282x67919','1990-09-02 01:41:12','1994-09-22 10:37:43'),(12,'Darren','Ebert','mckenzie.mohammed@example.org','541-301-6899','2005-05-24 14:23:42','2020-06-26 13:13:46'),(13,'Jazmyn','Koelpin','mueller.jeremy@example.net','1-920-537-7965x95685','1998-07-05 06:04:18','2020-06-26 13:13:46'),(14,'Anastasia','Barton','kdeckow@example.org','821.618.9906x35414','1991-08-07 03:34:04','2020-06-26 13:13:46'),(15,'Rogelio','Lehner','fabian66@example.net','(479)139-0341','1988-06-13 20:37:07','2020-06-26 13:13:46'),(16,'Veronica','McLaughlin','udickinson@example.net','(820)087-2188','1980-02-17 10:26:46','1997-12-21 14:45:16'),(17,'Jodie','Sipes','willy.hessel@example.org','807-493-4597','2002-11-02 19:52:17','2011-03-24 17:32:48'),(18,'Alvah','Torp','lueilwitz.bruce@example.org','05182196080','1976-03-16 11:50:14','2013-07-14 13:40:29'),(19,'Claud','Strosin','kirsten96@example.org','375-748-9458x1329','2017-01-29 05:34:54','2020-06-26 13:13:46'),(20,'Nora','Ryan','kkemmer@example.net','(662)841-0573','2006-03-02 10:45:36','2020-06-26 13:13:46'),(21,'Natalia','Harvey','tania.sauer@example.com','05947679989','2016-09-26 18:02:58','2020-06-26 13:13:46'),(22,'Gabrielle','Armstrong','coralie31@example.com','179-623-1522x626','2008-06-13 15:23:59','2014-05-11 17:22:08'),(23,'Ella','Pacocha','fyundt@example.com','00638049189','1974-12-07 09:40:44','2020-06-26 13:13:46'),(24,'Elisa','D\'Amore','gzulauf@example.org','166.988.5768x958','1996-09-01 09:35:55','2004-08-01 20:53:08'),(25,'Colten','Denesik','yfarrell@example.org','095-721-1262','1980-06-24 18:15:45','1987-04-29 11:50:13'),(26,'Kelly','Dooley','bria.reichert@example.net','1-618-553-9971x688','2009-07-05 03:19:51','2020-06-26 13:13:46'),(27,'Pedro','Goyette','cedrick.corkery@example.org','(266)143-9155x9401','2005-11-18 14:52:52','2019-10-02 09:07:02'),(28,'Christophe','Crona','leon53@example.com','(779)303-7050','1975-06-11 02:50:04','2002-01-31 16:06:53'),(29,'Mike','Stark','ella.mcclure@example.org','804-504-3396','1975-07-20 05:07:17','2005-07-07 17:49:24'),(30,'Josianne','Baumbach','bstroman@example.com','1-320-586-8775x141','1976-09-02 11:17:47','2020-06-26 13:13:46'),(31,'Lesly','Spencer','stoltenberg.alena@example.net','139-749-8022','1972-10-18 21:55:45','1989-06-21 05:36:30'),(32,'Woodrow','Towne','kaylee56@example.org','260.931.9506x0468','2003-06-08 02:53:59','2007-11-18 11:50:17'),(33,'Maria','Hayes','else56@example.net','839.660.1609x12975','1991-07-23 17:30:29','2020-06-26 13:13:46'),(34,'Malinda','Predovic','piper.welch@example.net','1-925-123-8604x798','1996-06-27 07:54:38','2020-06-26 13:13:46'),(35,'Paris','Kassulke','rippin.melany@example.org','1-867-219-0411x1551','2004-09-11 04:12:31','2008-06-21 02:04:24'),(36,'Theresia','King','cicero56@example.com','753.011.9535x06397','1983-06-02 19:20:44','1990-04-03 08:51:34'),(37,'Layla','Sipes','fsporer@example.net','682-274-3607x98014','1981-12-18 07:00:24','2020-06-26 13:13:46'),(38,'Cindy','Weissnat','carley45@example.com','(354)669-3767','1970-09-19 15:16:24','1995-06-02 14:43:05'),(39,'Don','Goldner','annette.little@example.net','02372073415','2005-09-20 03:30:36','2020-06-26 13:13:46'),(40,'Jaren','Swaniawski','vharvey@example.org','161-124-4106','1975-12-16 16:45:16','2020-06-26 13:13:46'),(41,'Saul','Labadie','rkihn@example.org','1-593-866-3547x681','1982-02-21 21:31:29','1984-07-20 18:12:32'),(42,'Sadye','Little','xfarrell@example.org','(561)998-3481','2005-01-19 00:08:52','2020-06-26 13:13:46'),(43,'Trent','Nader','ltremblay@example.net','835.763.7931x68288','2012-10-23 16:35:57','2020-06-26 13:13:46'),(44,'Misty','Orn','ezequiel.ebert@example.org','(594)688-0273','1992-12-14 02:25:33','1999-12-05 03:27:20'),(45,'Sean','Maggio','becker.tyson@example.net','(592)415-0469','2009-11-24 17:02:47','2018-04-07 13:09:33'),(46,'Selmer','Hagenes','zena.treutel@example.com','+42(5)5160403332','1973-03-13 12:12:02','1988-04-21 11:07:40'),(47,'Martina','Mayer','yprohaska@example.com','+58(3)2997895810','1976-06-09 16:15:35','2020-06-26 13:13:46'),(48,'Arlene','Considine','omari59@example.net','(630)071-7147x37942','1977-03-03 15:36:54','2003-06-08 19:17:53'),(49,'Anabel','Kessler','ignatius.runolfsdottir@example.com','1-446-819-2406x9864','2020-04-20 05:36:29','2020-06-26 13:13:46'),(50,'Deshaun','Hagenes','tromp.anibal@example.com','1-622-338-6688x3614','1987-01-11 13:02:37','2001-10-10 20:12:03'),(51,'Linwood','Corkery','dexter37@example.org','(722)586-6495x126','1980-03-01 22:15:31','1983-05-25 05:23:45'),(52,'Abraham','Konopelski','daija02@example.org','(933)818-4113x6623','2013-09-02 03:41:36','2020-06-26 13:13:46'),(53,'Guy','Kuhlman','ccronin@example.net','1-153-869-3588x1551','1984-12-20 17:59:29','1992-07-01 08:02:19'),(54,'Lily','Harber','mwilkinson@example.com','521.973.5554x1369','1970-03-09 01:12:34','1981-09-11 01:51:06'),(55,'Ozella','Kris','swift.ella@example.net','112.078.5579x10913','2015-08-04 22:31:19','2020-06-26 13:13:46'),(56,'Maggie','Raynor','simonis.kaycee@example.com','801-961-9494x63917','1983-11-26 23:55:37','1989-03-28 20:43:56'),(57,'Gregoria','Hamill','chane@example.net','(846)900-3485x05529','1991-03-23 14:09:33','2020-06-26 13:13:46'),(58,'Ayana','Willms','vernon.hodkiewicz@example.org','1-110-549-8347x3144','2006-10-24 22:28:44','2006-11-21 03:44:50'),(59,'Amy','Hansen','lpfannerstill@example.org','890.851.6861','2009-12-09 06:38:56','2014-11-11 21:52:23'),(60,'Miller','Kohler','walker.littel@example.org','134-396-7201x75593','2019-09-09 01:58:34','2020-06-26 13:13:46'),(61,'Cooper','Walker','kali.mcclure@example.net','1-251-769-9598','1982-02-05 15:10:06','2003-07-26 04:34:34'),(62,'Alfredo','Okuneva','rosalee.runte@example.org','1-463-995-4174x170','1977-04-18 00:07:35','1981-05-28 05:07:19'),(63,'Ernest','Gulgowski','cbartell@example.org','+04(8)1847993549','2003-09-30 01:21:07','2005-05-03 23:10:06'),(64,'Derrick','Kunde','nathanael20@example.net','791-552-1403','1995-06-07 23:58:06','2020-06-26 13:13:46'),(65,'Roxanne','Smith','hbrekke@example.net','1-304-358-2198x8857','2010-04-14 18:35:09','2020-06-26 13:13:46'),(66,'Antonette','Marks','reichert.wilber@example.org','539-448-1290','1980-07-10 14:46:43','1989-12-02 13:12:31'),(67,'Mark','Dietrich','cali.koepp@example.org','(524)756-2603','1983-02-11 17:12:56','1989-11-16 22:33:32'),(68,'Malachi','Mann','znitzsche@example.net','657.987.7708x158','1976-01-13 11:40:35','1998-07-29 05:50:26'),(69,'Myra','Dooley','keshawn.beier@example.net','727.684.8788x13131','1998-09-28 00:15:06','2003-12-18 02:12:20'),(70,'Burley','Thiel','barney.hilpert@example.com','1-401-407-3924x97063','1977-01-17 16:10:30','1989-05-21 18:28:38'),(71,'Eloise','Hackett','boyd.baumbach@example.net','1-509-727-4182','1985-10-12 15:27:41','1992-03-18 14:14:06'),(72,'Jaleel','Conroy','gutmann.meghan@example.com','1-498-273-8289','2010-12-08 19:56:06','2020-06-26 13:13:46'),(73,'Keagan','Pfeffer','reichert.melba@example.net','1-114-861-9632x0219','2000-12-10 16:19:40','2020-06-26 13:13:46'),(74,'Juliana','Jenkins','elise53@example.net','601-046-0813','1980-05-01 21:16:05','1986-04-14 00:15:22'),(75,'Jayme','Predovic','mccullough.janie@example.org','752.180.4414x917','2011-06-25 04:41:35','2020-06-26 13:13:46'),(76,'Linwood','Pagac','carlie89@example.com','662.957.6890x3133','2004-02-26 19:57:10','2020-06-26 13:13:46'),(77,'Anibal','Murray','katelynn85@example.org','045.222.7603','1994-01-18 23:15:43','2020-06-26 13:13:46'),(78,'Fay','Emmerich','alycia.bernier@example.org','(433)260-2014x1399','2005-05-28 11:08:34','2020-06-26 13:13:46'),(79,'Tremayne','Runolfsson','zthiel@example.org','03465881658','2008-10-30 06:34:39','2020-06-26 13:13:46'),(80,'Oswaldo','Dickens','glover.macy@example.net','093.583.6091x11436','2000-09-21 17:03:20','2020-06-26 13:13:46'),(81,'Bridget','Larson','audie.huels@example.com','(321)092-3747','1988-07-06 07:43:18','2020-06-26 13:13:46'),(82,'Uriel','Gerlach','kaley24@example.net','476-866-1199','1985-06-14 22:53:51','2019-07-22 16:19:50'),(83,'Joaquin','Wisoky','hthompson@example.com','1-225-502-5685x77811','1981-03-16 17:22:55','1994-07-12 09:52:23'),(84,'Magali','Hand','iva.bahringer@example.com','(472)802-9405x670','1993-05-11 13:43:49','2014-04-22 02:53:59'),(85,'Millie','Heathcote','briana30@example.com','806.706.3290x2477','1995-01-10 08:30:20','1996-12-19 00:33:57'),(86,'Emily','Bergnaum','hirthe.cesar@example.com','(294)282-6799x8179','2006-10-26 18:28:42','2018-12-12 07:52:44'),(87,'Madelyn','Turcotte','william71@example.net','+14(3)2401983340','2012-06-11 23:15:11','2014-08-21 18:08:41'),(88,'Effie','Bins','bosco.allie@example.org','377-006-3777x652','1999-07-05 14:22:07','2020-06-26 13:13:46'),(89,'Cassidy','Beier','arnaldo23@example.net','+33(8)6260589065','1987-12-15 03:12:59','2020-06-26 13:13:46'),(90,'Nat','Price','treutel.karianne@example.org','(306)171-5885x23487','1974-08-02 00:23:04','2000-03-11 07:53:16'),(91,'Rasheed','Schowalter','qfarrell@example.net','679-609-3212x537','1996-03-18 09:47:35','2020-06-26 13:13:46'),(92,'Emmanuelle','Fahey','lavern95@example.org','(088)809-7246','2015-08-20 08:08:03','2020-06-26 13:13:46'),(93,'Miracle','Swift','ileuschke@example.org','473-386-8692','2015-02-25 05:27:26','2020-06-26 13:13:46'),(94,'Rowland','Wiegand','lon.kerluke@example.net','1-551-663-9284x50956','2014-01-06 11:57:03','2020-06-26 13:13:46'),(95,'Meaghan','Kozey','america.carroll@example.net','(379)689-9416x415','1983-03-31 21:09:01','1995-06-26 16:45:21'),(96,'Berenice','Kassulke','alexzander61@example.org','(481)365-1082','1980-12-07 18:35:02','2020-06-26 13:13:46'),(97,'William','Brown','fglover@example.org','1-624-982-8038','1996-07-21 16:26:44','2020-06-26 13:13:46'),(98,'Nichole','Harber','isac94@example.com','920.020.2649x058','1995-03-06 20:19:37','2008-06-08 19:43:17'),(99,'Clyde','Bednar','kenyatta83@example.org','1-950-323-7126','1990-10-06 22:31:22','2020-06-26 13:13:46'),(100,'Osbaldo','Balistreri','delores.lesch@example.org','05165907685','2002-12-03 01:59:48','2020-06-26 13:13:46');
/*!40000 ALTER TABLE `users` ENABLE KEYS */;
UNLOCK TABLES;
/*!40103 SET TIME_ZONE=@OLD_TIME_ZONE */;

/*!40101 SET SQL_MODE=@OLD_SQL_MODE */;
/*!40014 SET FOREIGN_KEY_CHECKS=@OLD_FOREIGN_KEY_CHECKS */;
/*!40014 SET UNIQUE_CHECKS=@OLD_UNIQUE_CHECKS */;
/*!40101 SET CHARACTER_SET_CLIENT=@OLD_CHARACTER_SET_CLIENT */;
/*!40101 SET CHARACTER_SET_RESULTS=@OLD_CHARACTER_SET_RESULTS */;
/*!40101 SET COLLATION_CONNECTION=@OLD_COLLATION_CONNECTION */;
/*!40111 SET SQL_NOTES=@OLD_SQL_NOTES */;

-- Dump completed on 2020-07-07 23:44:01
