-- MySQL dump 10.13  Distrib 8.0.20, for Linux (x86_64)
--
-- Host: localhost    Database: vk
-- ------------------------------------------------------
-- Server version	8.0.20-0ubuntu0.20.04.1

/*!40101 SET @OLD_CHARACTER_SET_CLIENT=@@CHARACTER_SET_CLIENT */;
/*!40101 SET @OLD_CHARACTER_SET_RESULTS=@@CHARACTER_SET_RESULTS */;
/*!40101 SET @OLD_COLLATION_CONNECTION=@@COLLATION_CONNECTION */;
/*!50503 SET NAMES utf8mb4 */;
/*!40103 SET @OLD_TIME_ZONE=@@TIME_ZONE */;
/*!40103 SET TIME_ZONE='+00:00' */;
/*!40014 SET @OLD_UNIQUE_CHECKS=@@UNIQUE_CHECKS, UNIQUE_CHECKS=0 */;
/*!40014 SET @OLD_FOREIGN_KEY_CHECKS=@@FOREIGN_KEY_CHECKS, FOREIGN_KEY_CHECKS=0 */;
/*!40101 SET @OLD_SQL_MODE=@@SQL_MODE, SQL_MODE='NO_AUTO_VALUE_ON_ZERO' */;
/*!40111 SET @OLD_SQL_NOTES=@@SQL_NOTES, SQL_NOTES=0 */;

--
-- Table structure for table `communities`
--

DROP TABLE IF EXISTS `communities`;
/*!40101 SET @saved_cs_client     = @@character_set_client */;
/*!50503 SET character_set_client = utf8mb4 */;
CREATE TABLE `communities` (
  `id` int unsigned NOT NULL AUTO_INCREMENT COMMENT 'Идентификатор сроки',
  `name` varchar(150) CHARACTER SET utf8 COLLATE utf8_unicode_ci NOT NULL COMMENT 'Название группы',
  `created_at` datetime DEFAULT CURRENT_TIMESTAMP COMMENT 'Время создания строки',
  `updated_at` datetime DEFAULT CURRENT_TIMESTAMP ON UPDATE CURRENT_TIMESTAMP COMMENT 'Время обновления строки',
  PRIMARY KEY (`id`),
  UNIQUE KEY `name` (`name`)
) ENGINE=InnoDB AUTO_INCREMENT=11 DEFAULT CHARSET=utf8 COLLATE=utf8_unicode_ci COMMENT='Группы';
/*!40101 SET character_set_client = @saved_cs_client */;

--
-- Dumping data for table `communities`
--

LOCK TABLES `communities` WRITE;
/*!40000 ALTER TABLE `communities` DISABLE KEYS */;
INSERT INTO `communities` VALUES (1,'quo','2018-05-19 21:17:23','2020-06-26 18:58:22'),(2,'perspiciatis','1991-07-26 09:30:26','1999-02-24 22:53:40'),(3,'eveniet','2015-06-25 23:12:43','2020-06-26 18:58:22'),(4,'aut','2003-08-29 06:00:37','2020-06-26 18:58:22'),(5,'eum','2013-06-23 03:56:04','2020-06-26 18:58:22'),(6,'magni','1970-06-20 13:33:15','2016-05-31 15:19:03'),(7,'vel','1995-10-10 01:53:45','2002-06-28 01:05:43'),(8,'ducimus','1989-11-24 13:13:28','1995-01-27 15:49:56'),(9,'libero','1972-11-15 05:03:00','1979-04-07 12:41:16'),(10,'qui','1972-01-14 09:39:34','2011-03-16 11:48:48');
/*!40000 ALTER TABLE `communities` ENABLE KEYS */;
UNLOCK TABLES;

--
-- Table structure for table `communities_users`
--

DROP TABLE IF EXISTS `communities_users`;
/*!40101 SET @saved_cs_client     = @@character_set_client */;
/*!50503 SET character_set_client = utf8mb4 */;
CREATE TABLE `communities_users` (
  `community_id` int unsigned NOT NULL COMMENT 'Ссылка на группу',
  `user_id` int unsigned NOT NULL COMMENT 'Ссылка на пользователя',
  `created_at` datetime DEFAULT CURRENT_TIMESTAMP COMMENT 'Время создания строки',
  PRIMARY KEY (`community_id`,`user_id`) COMMENT 'Составной первичный ключ'
) ENGINE=InnoDB DEFAULT CHARSET=utf8 COLLATE=utf8_unicode_ci COMMENT='Участники групп, связь между пользователями и группами';
/*!40101 SET character_set_client = @saved_cs_client */;

--
-- Dumping data for table `communities_users`
--

LOCK TABLES `communities_users` WRITE;
/*!40000 ALTER TABLE `communities_users` DISABLE KEYS */;
INSERT INTO `communities_users` VALUES (1,1,'2003-08-25 21:11:44'),(1,11,'2014-06-25 02:48:30'),(1,21,'1981-09-21 01:46:18'),(1,31,'1997-04-18 09:16:18'),(1,41,'1975-09-09 03:20:34'),(1,51,'1982-03-23 20:50:17'),(1,61,'1993-08-28 04:07:09'),(1,71,'1995-06-16 07:29:00'),(1,81,'1996-02-25 08:12:15'),(1,91,'2011-04-06 23:56:52'),(2,2,'2000-03-06 11:27:22'),(2,12,'1975-07-29 08:00:41'),(2,22,'1981-06-21 10:36:31'),(2,32,'2000-09-30 00:42:45'),(2,42,'1997-03-12 23:50:21'),(2,52,'2013-03-21 02:48:03'),(2,62,'2000-10-19 20:00:16'),(2,72,'2003-07-10 02:53:03'),(2,82,'1972-12-28 05:12:08'),(2,92,'1985-07-13 09:47:54'),(3,3,'1981-10-19 23:34:44'),(3,13,'2018-12-13 16:33:02'),(3,23,'1972-11-28 22:41:23'),(3,33,'1986-02-28 18:32:01'),(3,43,'1972-09-26 17:51:50'),(3,53,'2013-09-15 03:56:07'),(3,63,'1977-01-28 08:35:32'),(3,73,'2018-01-01 03:29:04'),(3,83,'1971-03-30 00:22:47'),(3,93,'1988-05-29 02:07:23'),(4,4,'1975-05-27 05:58:59'),(4,14,'1994-05-31 15:10:35'),(4,24,'1986-02-16 09:01:19'),(4,34,'1970-01-16 21:13:11'),(4,44,'1994-10-20 22:03:26'),(4,54,'1971-10-22 08:04:50'),(4,64,'1976-02-25 00:21:04'),(4,74,'2000-10-01 14:00:06'),(4,84,'2017-02-23 21:03:04'),(4,94,'2011-05-06 07:34:52'),(5,5,'2016-06-12 17:54:06'),(5,15,'1986-05-07 00:57:39'),(5,25,'1989-08-01 09:15:52'),(5,35,'2002-10-10 21:17:28'),(5,45,'1979-05-24 09:04:24'),(5,55,'1987-05-12 10:33:37'),(5,65,'1976-01-22 11:52:02'),(5,75,'1993-09-23 10:15:40'),(5,85,'1991-02-19 17:28:23'),(5,95,'1981-06-11 14:33:11'),(6,6,'1973-09-19 16:04:45'),(6,16,'2012-10-12 05:10:57'),(6,26,'1971-07-09 17:11:09'),(6,36,'1983-03-08 22:17:32'),(6,46,'1986-12-04 03:30:46'),(6,56,'1994-06-15 22:10:09'),(6,66,'1991-05-04 07:33:42'),(6,76,'2016-03-22 01:04:55'),(6,86,'1995-08-21 08:40:28'),(6,96,'2007-03-18 12:55:27'),(7,7,'2002-11-03 17:05:59'),(7,17,'1989-10-28 01:58:32'),(7,27,'2015-12-03 15:35:22'),(7,37,'2018-06-16 05:49:30'),(7,47,'1984-11-11 10:25:01'),(7,57,'2003-03-25 06:38:05'),(7,67,'2004-02-15 22:48:32'),(7,77,'1987-10-31 05:31:52'),(7,87,'1970-01-04 22:45:39'),(7,97,'1998-04-15 18:19:55'),(8,8,'1979-09-09 05:21:30'),(8,18,'1995-10-11 15:31:46'),(8,28,'2010-12-18 10:40:47'),(8,38,'2005-05-24 00:26:56'),(8,48,'2017-10-16 17:06:46'),(8,58,'1975-08-04 02:42:54'),(8,68,'1982-08-17 17:21:14'),(8,78,'2014-01-07 07:50:17'),(8,88,'1984-04-10 11:57:34'),(8,98,'1979-08-17 11:20:28'),(9,9,'1979-06-15 09:45:53'),(9,19,'2012-03-28 23:39:41'),(9,29,'1976-03-13 09:44:48'),(9,39,'2018-08-19 20:48:18'),(9,49,'1991-08-13 19:35:55'),(9,59,'1973-08-13 12:33:41'),(9,69,'1995-02-21 06:17:44'),(9,79,'2003-06-02 01:19:13'),(9,89,'1999-09-26 09:39:34'),(9,99,'1972-06-16 03:00:24'),(10,10,'2019-05-03 12:17:22'),(10,20,'1990-10-12 00:44:52'),(10,30,'1991-06-03 03:58:18'),(10,40,'2012-04-03 19:49:23'),(10,50,'1970-07-19 12:07:12'),(10,60,'2000-12-06 04:59:41'),(10,70,'2007-12-08 16:12:07'),(10,80,'1988-04-15 13:56:30'),(10,90,'1981-11-09 00:44:56'),(10,100,'1974-01-09 06:42:10');
/*!40000 ALTER TABLE `communities_users` ENABLE KEYS */;
UNLOCK TABLES;

--
-- Table structure for table `documents`
--

DROP TABLE IF EXISTS `documents`;
/*!40101 SET @saved_cs_client     = @@character_set_client */;
/*!50503 SET character_set_client = utf8mb4 */;
CREATE TABLE `documents` (
  `id` int unsigned NOT NULL AUTO_INCREMENT COMMENT 'Идентификатор строки',
  `user_id` int unsigned NOT NULL COMMENT 'Ссылка на пользователя, который загрузил файл',
  `filename` varchar(255) COLLATE utf8_unicode_ci NOT NULL,
  `created_at` datetime DEFAULT CURRENT_TIMESTAMP COMMENT 'Время создания строки',
  `updated_at` datetime DEFAULT CURRENT_TIMESTAMP ON UPDATE CURRENT_TIMESTAMP COMMENT 'Время обновления строки',
  PRIMARY KEY (`id`)
) ENGINE=InnoDB AUTO_INCREMENT=101 DEFAULT CHARSET=utf8 COLLATE=utf8_unicode_ci COMMENT='Файлы';
/*!40101 SET character_set_client = @saved_cs_client */;

--
-- Dumping data for table `documents`
--

LOCK TABLES `documents` WRITE;
/*!40000 ALTER TABLE `documents` DISABLE KEYS */;
INSERT INTO `documents` VALUES (1,30,'https://dropbox.com/vk/non.xls','1991-11-18 15:13:08','2020-06-26 19:18:10'),(2,25,'https://dropbox.com/vk/et.doc','2006-01-29 05:46:11','2020-06-26 19:18:10'),(3,57,'https://dropbox.com/vk/optio.djvu','1986-01-11 05:36:44','2020-06-26 19:18:10'),(4,56,'https://dropbox.com/vk/illo.djvu','1970-01-08 09:10:10','2020-06-26 19:18:10'),(5,28,'https://dropbox.com/vk/voluptas.djvu','1990-01-23 05:22:26','2020-06-26 19:18:10'),(6,13,'https://dropbox.com/vk/ut.pdf','1997-08-06 07:52:44','2020-06-26 19:18:10'),(7,37,'https://dropbox.com/vk/sed.doc','1987-10-14 09:58:56','2020-06-26 19:18:10'),(8,19,'https://dropbox.com/vk/quidem.odt','1974-04-08 16:54:33','2020-06-26 19:18:10'),(9,24,'https://dropbox.com/vk/illum.odt','2011-01-07 06:51:23','2020-06-26 19:18:10'),(10,79,'https://dropbox.com/vk/inventore.odt','2009-12-31 00:26:51','2020-06-26 19:18:10'),(11,34,'https://dropbox.com/vk/tenetur.xlsx','1982-11-26 01:52:53','2020-06-26 19:18:10'),(12,29,'https://dropbox.com/vk/possimus.xls','2013-09-27 03:20:04','2020-06-26 19:18:10'),(13,65,'https://dropbox.com/vk/odio.xlsx','1976-10-03 23:12:41','2020-06-26 19:18:10'),(14,44,'https://dropbox.com/vk/libero.xls','1971-06-14 17:00:14','2020-06-26 19:18:10'),(15,64,'https://dropbox.com/vk/exercitationem.odt','1999-12-24 00:27:22','2020-06-26 19:18:10'),(16,77,'https://dropbox.com/vk/eligendi.xls','2003-09-25 23:44:42','2020-06-26 19:18:10'),(17,76,'https://dropbox.com/vk/laboriosam.djvu','2018-08-15 10:01:15','2020-06-26 19:18:10'),(18,46,'https://dropbox.com/vk/earum.odt','2004-04-14 23:10:37','2020-06-26 19:18:10'),(19,87,'https://dropbox.com/vk/accusamus.djvu','1982-08-23 07:59:40','2020-06-26 19:18:10'),(20,53,'https://dropbox.com/vk/velit.djvu','1970-04-09 14:40:22','2020-06-26 19:18:10'),(21,10,'https://dropbox.com/vk/nostrum.doc','1978-01-22 16:58:45','2020-06-26 19:18:10'),(22,9,'https://dropbox.com/vk/dicta.docx','1990-03-28 03:06:28','2020-06-26 19:18:10'),(23,75,'https://dropbox.com/vk/quibusdam.odt','1995-02-18 16:44:58','2020-06-26 19:18:10'),(24,27,'https://dropbox.com/vk/doloribus.docx','1971-05-18 17:16:10','2020-06-26 19:18:10'),(25,5,'https://dropbox.com/vk/hic.doc','1986-06-30 12:57:51','2020-06-26 19:18:10'),(26,15,'https://dropbox.com/vk/neque.odt','1977-05-30 12:00:12','2020-06-26 19:18:10'),(27,62,'https://dropbox.com/vk/rerum.docx','2004-12-18 17:26:43','2020-06-26 19:18:10'),(28,88,'https://dropbox.com/vk/natus.doc','1993-10-28 16:34:20','2020-06-26 19:18:10'),(29,90,'https://dropbox.com/vk/placeat.xlsx','1997-01-12 08:18:37','2020-06-26 19:18:10'),(30,94,'https://dropbox.com/vk/quam.doc','2003-04-13 20:17:03','2020-06-26 19:18:10'),(31,55,'https://dropbox.com/vk/dolor.pdf','2013-10-27 05:26:18','2020-06-26 19:18:10'),(32,7,'https://dropbox.com/vk/consequatur.doc','1986-08-06 14:32:45','2020-06-26 19:18:10'),(33,26,'https://dropbox.com/vk/in.docx','2017-06-06 09:11:13','2020-06-26 19:18:10'),(34,92,'https://dropbox.com/vk/iusto.docx','1997-08-16 20:37:26','2020-06-26 19:18:10'),(35,39,'https://dropbox.com/vk/id.djvu','2007-02-19 12:24:49','2020-06-26 19:18:10'),(36,84,'https://dropbox.com/vk/sint.xls','1985-01-05 11:16:39','2020-06-26 19:18:10'),(37,68,'https://dropbox.com/vk/aliquid.docx','1995-04-21 11:45:01','2020-06-26 19:18:10'),(38,83,'https://dropbox.com/vk/amet.doc','1999-10-09 13:54:51','2020-06-26 19:18:10'),(39,86,'https://dropbox.com/vk/autem.xlsx','1986-08-27 13:32:29','2020-06-26 19:18:10'),(40,8,'https://dropbox.com/vk/aut.odt','2008-05-21 14:25:45','2020-06-26 19:18:10'),(41,91,'https://dropbox.com/vk/dolores.pdf','1971-08-09 13:43:48','2020-06-26 19:18:10'),(42,32,'https://dropbox.com/vk/quos.djvu','1995-10-29 10:20:04','2020-06-26 19:18:10'),(43,52,'https://dropbox.com/vk/ad.doc','1987-11-19 10:05:11','2020-06-26 19:18:10'),(44,4,'https://dropbox.com/vk/quia.odt','1982-11-14 10:19:42','2020-06-26 19:18:10'),(45,45,'https://dropbox.com/vk/sunt.docx','1973-02-15 12:36:34','2020-06-26 19:18:10'),(46,66,'https://dropbox.com/vk/ipsum.djvu','2004-08-24 04:27:52','2020-06-26 19:18:10'),(47,50,'https://dropbox.com/vk/beatae.pdf','1998-02-07 10:01:44','2020-06-26 19:18:10'),(48,97,'https://dropbox.com/vk/nihil.xls','1970-12-06 15:35:02','2020-06-26 19:18:10'),(49,51,'https://dropbox.com/vk/excepturi.doc','1998-10-22 04:56:42','2020-06-26 19:18:10'),(50,47,'https://dropbox.com/vk/nam.odt','1985-09-09 06:08:03','2020-06-26 19:18:10'),(51,59,'https://dropbox.com/vk/ea.odt','1971-10-01 04:13:03','2020-06-26 19:18:10'),(52,67,'https://dropbox.com/vk/fugit.pdf','1996-11-11 03:24:23','2020-06-26 19:18:10'),(53,23,'https://dropbox.com/vk/eos.xls','2013-06-21 17:36:53','2020-06-26 19:18:10'),(54,31,'https://dropbox.com/vk/nisi.odt','1972-05-03 18:38:15','2020-06-26 19:18:10'),(55,58,'https://dropbox.com/vk/quis.xls','1984-09-28 17:57:07','2020-06-26 19:18:10'),(56,85,'https://dropbox.com/vk/at.xlsx','1995-08-03 13:47:30','2020-06-26 19:18:10'),(57,20,'https://dropbox.com/vk/saepe.doc','1999-09-19 14:41:54','2020-06-26 19:18:10'),(58,33,'https://dropbox.com/vk/error.docx','1973-08-26 08:53:15','2020-06-26 19:18:10'),(59,69,'https://dropbox.com/vk/laudantium.djvu','1989-11-28 15:31:08','2020-06-26 19:18:10'),(60,100,'https://dropbox.com/vk/omnis.pdf','1992-08-05 07:14:27','2020-06-26 19:18:10'),(61,16,'https://dropbox.com/vk/debitis.xlsx','1989-01-01 09:03:39','2020-06-26 19:18:10'),(62,3,'https://dropbox.com/vk/facere.djvu','1975-07-29 00:15:32','2020-06-26 19:18:10'),(63,80,'https://dropbox.com/vk/suscipit.pdf','1971-09-27 16:54:01','2020-06-26 19:18:10'),(64,82,'https://dropbox.com/vk/corporis.pdf','2012-12-07 10:05:13','2020-06-26 19:18:10'),(65,21,'https://dropbox.com/vk/labore.doc','2005-10-27 23:08:02','2020-06-26 19:18:10'),(66,61,'https://dropbox.com/vk/molestias.odt','2002-03-08 11:36:06','2020-06-26 19:18:10'),(67,2,'https://dropbox.com/vk/doloremque.doc','1978-02-08 17:41:21','2020-06-26 19:18:10'),(68,11,'https://dropbox.com/vk/modi.doc','2002-07-30 16:54:18','2020-06-26 19:18:10'),(69,71,'https://dropbox.com/vk/sit.pdf','2017-02-06 08:59:14','2020-06-26 19:18:10'),(70,99,'https://dropbox.com/vk/repellendus.doc','1976-10-21 05:55:16','2020-06-26 19:18:10'),(71,41,'https://dropbox.com/vk/expedita.xlsx','1974-11-19 23:13:23','2020-06-26 19:18:10'),(72,12,'https://dropbox.com/vk/consequuntur.doc','1992-07-01 06:40:44','2020-06-26 19:18:10'),(73,48,'https://dropbox.com/vk/minima.djvu','1972-06-09 10:52:50','2020-06-26 19:18:10'),(74,70,'https://dropbox.com/vk/maiores.pdf','1985-05-21 08:55:06','2020-06-26 19:18:10'),(75,98,'https://dropbox.com/vk/repudiandae.doc','2011-03-23 17:42:28','2020-06-26 19:18:10'),(76,40,'https://dropbox.com/vk/explicabo.doc','1985-08-22 11:28:28','2020-06-26 19:18:10'),(77,89,'https://dropbox.com/vk/perspiciatis.odt','1992-05-17 02:01:25','2020-06-26 19:18:10'),(78,18,'https://dropbox.com/vk/ratione.docx','1975-03-02 11:02:18','2020-06-26 19:18:10'),(79,6,'https://dropbox.com/vk/unde.odt','2015-12-13 05:32:10','2020-06-26 19:18:10'),(80,93,'https://dropbox.com/vk/vel.odt','2012-05-08 22:31:01','2020-06-26 19:18:10'),(81,63,'https://dropbox.com/vk/eum.pdf','1998-05-06 13:01:00','2020-06-26 19:18:10'),(82,81,'https://dropbox.com/vk/voluptatem.djvu','1993-08-23 07:35:12','2020-06-26 19:18:10'),(83,36,'https://dropbox.com/vk/nulla.docx','2000-09-02 21:12:51','2020-06-26 19:18:10'),(84,73,'https://dropbox.com/vk/sapiente.docx','1978-03-21 03:45:46','2020-06-26 19:18:10'),(85,42,'https://dropbox.com/vk/dignissimos.pdf','2005-09-24 16:23:08','2020-06-26 19:18:10'),(86,60,'https://dropbox.com/vk/aliquam.xlsx','1970-05-31 11:08:43','2020-06-26 19:18:10'),(87,78,'https://dropbox.com/vk/enim.doc','2003-10-07 17:44:19','2020-06-26 19:18:10'),(88,96,'https://dropbox.com/vk/reiciendis.doc','1995-10-22 17:15:10','2020-06-26 19:18:10'),(89,49,'https://dropbox.com/vk/molestiae.doc','1987-12-05 11:29:48','2020-06-26 19:18:10'),(90,17,'https://dropbox.com/vk/cupiditate.djvu','1994-01-20 07:43:59','2020-06-26 19:18:10'),(91,14,'https://dropbox.com/vk/delectus.djvu','1980-04-14 21:30:08','2020-06-26 19:18:10'),(92,22,'https://dropbox.com/vk/eius.xlsx','1987-12-22 18:11:13','2020-06-26 19:18:10'),(93,72,'https://dropbox.com/vk/quo.djvu','2010-08-08 22:27:15','2020-06-26 19:18:10'),(94,74,'https://dropbox.com/vk/nemo.djvu','2008-08-20 01:47:32','2020-06-26 19:18:10'),(95,38,'https://dropbox.com/vk/mollitia.odt','2007-10-03 15:23:08','2020-06-26 19:18:10'),(96,35,'https://dropbox.com/vk/nesciunt.xlsx','1988-10-06 07:39:40','2020-06-26 19:18:10'),(97,1,'https://dropbox.com/vk/impedit.xlsx','1983-02-09 20:12:29','2020-06-26 19:18:10'),(98,43,'https://dropbox.com/vk/perferendis.docx','2011-05-12 03:08:17','2020-06-26 19:18:10'),(99,54,'https://dropbox.com/vk/ducimus.djvu','1973-05-22 22:15:19','2020-06-26 19:18:10'),(100,95,'https://dropbox.com/vk/sequi.docx','1995-12-30 07:28:21','2020-06-26 19:18:10');
/*!40000 ALTER TABLE `documents` ENABLE KEYS */;
UNLOCK TABLES;

--
-- Table structure for table `friendship`
--

DROP TABLE IF EXISTS `friendship`;
/*!40101 SET @saved_cs_client     = @@character_set_client */;
/*!50503 SET character_set_client = utf8mb4 */;
CREATE TABLE `friendship` (
  `user_id` int unsigned NOT NULL COMMENT 'Ссылка на инициатора дружеских отношений',
  `friend_id` int unsigned NOT NULL COMMENT 'Ссылка на получателя приглашения дружить',
  `status_id` int unsigned NOT NULL COMMENT 'Ссылка на статус (текущее состояние) отношений',
  `confirmed_at` datetime DEFAULT NULL COMMENT 'Время подтверждения приглашения',
  `created_at` datetime DEFAULT CURRENT_TIMESTAMP COMMENT 'Время создания строки',
  `updated_at` datetime DEFAULT CURRENT_TIMESTAMP ON UPDATE CURRENT_TIMESTAMP COMMENT 'Время обновления строки',
  PRIMARY KEY (`user_id`,`friend_id`) COMMENT 'Составной первичный ключ'
) ENGINE=InnoDB DEFAULT CHARSET=utf8 COLLATE=utf8_unicode_ci COMMENT='Таблица дружбы';
/*!40101 SET character_set_client = @saved_cs_client */;

--
-- Dumping data for table `friendship`
--

LOCK TABLES `friendship` WRITE;
/*!40000 ALTER TABLE `friendship` DISABLE KEYS */;
INSERT INTO `friendship` VALUES (1,22,2,'2020-06-26 18:41:57','2000-01-18 00:25:40','2020-06-26 18:55:32'),(1,58,1,'1993-02-04 08:28:07','1983-04-09 12:55:43','2020-06-26 18:47:07'),(2,73,3,'2020-06-26 18:41:57','1992-05-02 19:50:41','2020-06-26 18:55:32'),(2,95,2,'1989-12-03 18:25:39','1982-09-25 10:27:14','2020-06-26 18:55:32'),(3,69,3,'2020-06-26 18:41:57','2003-02-17 18:26:53','2020-06-26 18:55:32'),(3,88,3,'2000-05-10 06:21:07','1985-02-21 04:50:32','2020-06-26 18:55:32'),(5,22,1,'2014-09-04 21:12:30','1982-10-20 11:47:09','2020-06-26 18:55:32'),(5,44,1,'2020-06-26 18:41:57','2005-06-18 04:32:23','2020-06-26 18:47:07'),(5,91,1,'2013-02-15 09:01:45','2012-07-08 04:20:41','2020-06-26 18:55:32'),(6,4,1,'1987-09-22 04:52:21','1976-07-27 11:35:40','2020-06-26 18:55:32'),(6,64,3,'2020-06-26 18:41:57','2015-09-23 18:27:45','2020-06-26 18:55:32'),(7,15,3,'2020-06-26 18:41:57','2018-11-02 23:16:55','2020-06-26 18:55:32'),(8,39,2,'2020-06-26 18:41:57','2015-08-08 20:37:01','2020-06-26 18:55:32'),(8,90,2,'2017-04-14 08:14:37','1995-02-28 20:39:22','2020-06-26 18:55:32'),(9,51,1,'2015-10-22 18:17:38','1997-12-06 20:59:12','2020-06-26 18:47:07'),(10,18,1,'1993-10-08 23:11:57','1978-11-10 14:05:44','2020-06-26 18:55:32'),(12,78,1,'2020-06-26 18:41:57','2008-05-20 05:40:26','2020-06-26 18:55:32'),(15,29,3,'2013-02-14 02:15:55','1995-02-14 13:19:32','2020-06-26 18:55:32'),(15,76,2,'2020-06-26 18:41:57','1979-09-17 19:49:50','2020-06-26 18:47:07'),(17,48,1,'2020-06-26 18:41:57','1991-01-14 04:06:16','2020-06-26 18:47:07'),(18,79,2,'2000-03-06 09:31:02','1971-05-06 18:38:59','2020-06-26 18:47:07'),(19,15,1,'2020-06-26 18:41:57','2003-01-03 14:30:50','2020-06-26 18:55:32'),(20,93,3,'2020-06-26 18:41:57','1997-06-09 11:46:09','2020-06-26 18:55:32'),(21,13,1,'2020-06-26 18:41:57','2014-01-14 06:47:38','2020-06-26 18:47:07'),(21,60,1,'1994-04-08 06:09:44','1989-05-25 02:10:09','2020-06-26 18:55:32'),(21,64,1,'1989-05-24 08:30:20','1979-02-12 15:22:26','2020-06-26 18:55:32'),(22,2,3,'1980-01-31 11:28:51','1979-12-26 07:22:54','2020-06-26 18:55:32'),(23,12,3,'2020-06-26 18:41:57','1993-04-09 14:02:52','2020-06-26 18:55:32'),(23,32,1,'2020-06-26 18:41:57','2018-03-26 07:12:33','2020-06-26 18:47:07'),(25,31,1,'1997-09-26 14:08:45','1974-03-11 13:32:56','2020-06-26 18:55:32'),(26,14,3,'2000-11-26 23:52:28','1986-11-20 22:41:06','2020-06-26 18:55:32'),(26,61,3,'2009-10-28 07:52:47','1971-10-20 10:53:58','2020-06-26 18:55:32'),(27,63,3,'2002-06-12 09:37:28','1999-12-29 23:18:29','2020-06-26 18:55:32'),(28,87,3,'2020-06-26 18:41:57','1995-04-12 18:01:05','2020-06-26 18:55:32'),(29,82,3,'1984-05-31 03:27:11','1976-03-11 16:36:17','2020-06-26 18:55:32'),(32,84,1,'1986-01-11 18:26:08','1975-10-02 22:31:49','2020-06-26 18:47:07'),(33,77,2,'2020-04-30 16:54:16','2002-02-01 13:45:36','2020-06-26 18:55:32'),(34,42,2,'2020-06-26 18:41:57','1991-05-14 07:09:03','2020-06-26 18:55:32'),(35,95,1,'2020-06-26 18:41:57','2005-12-14 17:17:57','2020-06-26 18:47:07'),(36,38,3,'2020-06-26 18:41:57','2000-12-12 06:20:59','2020-06-26 18:55:32'),(37,46,3,'2020-06-26 18:41:57','1996-10-18 07:11:10','2020-06-26 18:55:32'),(37,77,2,'2020-06-26 18:41:57','1976-08-28 19:12:35','2020-06-26 18:55:32'),(38,79,1,'2018-11-29 13:54:04','1998-10-26 12:51:32','2020-06-26 18:55:32'),(39,100,3,'2009-04-15 21:50:36','1989-01-06 15:53:51','2020-06-26 18:55:32'),(41,67,1,'2013-09-14 22:45:25','1984-05-26 20:23:13','2020-06-26 18:47:07'),(41,69,2,'2017-04-14 02:23:22','2003-10-30 13:59:29','2020-06-26 18:47:07'),(42,5,1,'2020-06-26 18:41:57','1999-01-21 01:56:41','2020-06-26 18:55:32'),(42,92,1,'2020-06-26 18:41:57','1993-01-28 12:44:54','2020-06-26 18:47:07'),(43,14,2,'2020-06-26 18:41:57','2003-09-21 01:48:42','2020-06-26 18:47:07'),(43,38,2,'1998-02-07 11:52:42','1976-10-11 22:21:06','2020-06-26 18:47:07'),(45,68,2,'2020-06-26 18:41:57','2014-09-30 13:21:36','2020-06-26 18:55:32'),(47,38,3,'2020-06-26 18:41:57','2006-03-27 21:30:40','2020-06-26 18:55:32'),(48,13,3,'2017-09-03 21:42:11','1997-07-08 21:09:50','2020-06-26 18:55:32'),(49,23,2,'1994-10-12 18:29:21','1991-09-13 02:11:33','2020-06-26 18:55:32'),(49,32,1,'2020-06-26 18:41:57','2003-04-13 18:51:08','2020-06-26 18:55:32'),(50,7,2,'1993-09-14 14:17:12','1979-06-10 21:28:58','2020-06-26 18:55:32'),(51,39,1,'2005-01-26 02:00:41','2004-01-29 21:45:06','2020-06-26 18:47:07'),(51,93,1,'2020-06-26 18:41:57','2016-12-14 06:38:45','2020-06-26 18:55:32'),(54,38,2,'2020-06-26 18:41:57','2019-09-01 17:12:54','2020-06-26 18:47:07'),(54,74,3,'1988-05-03 09:32:19','1971-06-15 19:00:25','2020-06-26 18:55:32'),(56,90,2,'2020-06-26 18:41:57','1994-05-07 20:44:30','2020-06-26 18:55:32'),(57,65,2,'2020-06-26 18:41:57','2019-06-14 09:32:31','2020-06-26 18:47:07'),(57,76,3,'2020-06-26 18:41:57','1997-12-08 23:29:20','2020-06-26 18:55:32'),(58,20,1,'2020-06-26 18:41:57','2015-07-18 07:53:03','2020-06-26 18:47:07'),(62,32,3,'2020-06-26 18:41:57','2007-07-09 09:54:57','2020-06-26 18:55:32'),(62,53,3,'2020-06-26 18:41:57','2010-12-20 23:09:51','2020-06-26 18:55:32'),(64,3,1,'1987-05-18 06:21:57','1971-11-03 06:08:13','2020-06-26 18:55:32'),(70,78,3,'2020-06-26 18:41:57','2007-01-28 22:14:25','2020-06-26 18:55:32'),(71,91,2,'2010-03-16 03:39:00','1991-10-19 21:16:49','2020-06-26 18:51:02'),(72,40,2,'2020-06-26 18:41:57','1998-08-24 05:25:10','2020-06-26 18:55:32'),(72,52,1,'2020-06-26 18:41:57','1997-10-26 06:10:06','2020-06-26 18:55:32'),(72,67,3,'2020-06-26 18:41:57','1991-03-19 18:47:05','2020-06-26 18:55:32'),(72,73,1,'2020-06-26 18:41:57','2012-01-12 03:47:41','2020-06-26 18:55:32'),(75,42,1,'2020-06-26 18:41:57','1987-02-05 16:18:03','2020-06-26 18:47:07'),(79,2,3,'2020-06-04 22:26:12','1977-12-29 19:42:13','2020-06-26 18:55:32'),(79,84,1,'2019-09-09 04:28:36','2013-05-23 04:14:46','2020-06-26 18:47:07'),(80,28,2,'2003-05-23 23:28:59','1996-05-10 17:46:59','2020-06-26 18:55:32'),(80,50,2,'2020-06-26 18:41:57','2012-06-17 14:18:20','2020-06-26 18:55:32'),(80,64,1,'2017-07-27 17:27:21','1984-07-03 09:13:29','2020-06-26 18:55:32'),(80,87,1,'2020-06-26 18:41:57','2009-02-07 15:50:31','2020-06-26 18:55:32'),(81,46,2,'2013-10-06 11:03:06','1974-10-27 23:27:35','2020-06-26 18:47:07'),(81,68,3,'2020-06-26 18:41:57','2001-06-16 08:34:38','2020-06-26 18:55:32'),(83,94,3,'2009-08-10 12:24:44','1998-05-18 17:33:56','2020-06-26 18:55:32'),(84,98,2,'2020-06-26 18:41:57','2011-08-12 15:01:40','2020-06-26 18:55:32'),(85,23,1,'2020-06-26 18:41:57','2015-02-27 14:55:50','2020-06-26 18:47:07'),(86,3,3,'2010-01-14 02:04:12','2009-07-02 17:01:06','2020-06-26 18:55:32'),(86,57,1,'2017-11-13 18:00:01','1974-07-12 15:06:47','2020-06-26 18:55:32'),(86,85,3,'2020-06-26 18:41:57','1997-12-31 07:48:56','2020-06-26 18:55:32'),(87,1,2,'2005-06-15 03:04:22','1988-11-20 16:59:30','2020-06-26 18:47:07'),(87,97,1,'2007-09-26 23:50:59','1992-06-01 20:14:55','2020-06-26 18:47:07'),(90,15,2,'2003-01-27 02:15:48','1996-10-05 17:54:09','2020-06-26 18:47:07'),(91,15,1,'2020-06-26 18:41:57','1997-11-05 02:54:22','2020-06-26 18:47:07'),(92,65,3,'1996-07-25 12:32:22','1990-03-23 22:59:07','2020-06-26 18:55:32'),(93,1,2,'2020-06-26 18:41:57','2020-01-08 00:29:23','2020-06-26 18:55:32'),(96,18,2,'2017-03-22 03:48:08','1974-03-06 07:29:40','2020-06-26 18:47:07'),(99,3,2,'1987-03-13 08:21:26','1983-12-25 00:00:14','2020-06-26 18:47:07'),(99,9,2,'2020-06-26 18:41:57','1984-06-10 23:43:40','2020-06-26 18:47:07'),(99,80,3,'1994-03-21 07:43:10','1991-09-12 17:37:07','2020-06-26 18:55:32'),(100,48,3,'1987-02-15 14:50:40','1972-03-06 22:42:26','2020-06-26 18:55:32'),(100,92,3,'2002-06-24 22:42:11','1989-02-19 07:57:57','2020-06-26 18:55:32');
/*!40000 ALTER TABLE `friendship` ENABLE KEYS */;
UNLOCK TABLES;

--
-- Table structure for table `friendship_statuses`
--

DROP TABLE IF EXISTS `friendship_statuses`;
/*!40101 SET @saved_cs_client     = @@character_set_client */;
/*!50503 SET character_set_client = utf8mb4 */;
CREATE TABLE `friendship_statuses` (
  `id` int unsigned NOT NULL AUTO_INCREMENT COMMENT 'Идентификатор строки',
  `name` varchar(150) CHARACTER SET utf8 COLLATE utf8_unicode_ci NOT NULL COMMENT 'Название статуса',
  `created_at` datetime DEFAULT CURRENT_TIMESTAMP COMMENT 'Время создания строки',
  `updated_at` datetime DEFAULT CURRENT_TIMESTAMP ON UPDATE CURRENT_TIMESTAMP COMMENT 'Время обновления строки',
  PRIMARY KEY (`id`),
  UNIQUE KEY `name` (`name`)
) ENGINE=InnoDB AUTO_INCREMENT=4 DEFAULT CHARSET=utf8 COLLATE=utf8_unicode_ci COMMENT='Статусы дружбы';
/*!40101 SET character_set_client = @saved_cs_client */;

--
-- Dumping data for table `friendship_statuses`
--

LOCK TABLES `friendship_statuses` WRITE;
/*!40000 ALTER TABLE `friendship_statuses` DISABLE KEYS */;
INSERT INTO `friendship_statuses` VALUES (1,'Requested','1997-03-21 07:15:46','2020-06-26 18:54:30'),(2,'Confirmed','2002-07-03 23:21:34','2020-06-26 18:54:46'),(3,'Rejected','2020-06-26 18:53:38','2020-06-26 18:53:38');
/*!40000 ALTER TABLE `friendship_statuses` ENABLE KEYS */;
UNLOCK TABLES;

--
-- Table structure for table `media`
--

DROP TABLE IF EXISTS `media`;
/*!40101 SET @saved_cs_client     = @@character_set_client */;
/*!50503 SET character_set_client = utf8mb4 */;
CREATE TABLE `media` (
  `id` int unsigned NOT NULL AUTO_INCREMENT COMMENT 'Идентификатор строки',
  `user_id` int unsigned NOT NULL COMMENT 'Ссылка на пользователя, который загрузил файл',
  `filename` varchar(255) CHARACTER SET utf8 COLLATE utf8_unicode_ci NOT NULL COMMENT 'Путь к файлу',
  `size` int NOT NULL COMMENT 'Размер файла',
  `metadata` json DEFAULT NULL,
  `media_type_id` int unsigned NOT NULL COMMENT 'Ссылка на тип контента',
  `created_at` datetime DEFAULT CURRENT_TIMESTAMP COMMENT 'Время создания строки',
  `updated_at` datetime DEFAULT CURRENT_TIMESTAMP ON UPDATE CURRENT_TIMESTAMP COMMENT 'Время обновления строки',
  PRIMARY KEY (`id`),
  CONSTRAINT `media_chk_1` CHECK (json_valid(`metadata`))
) ENGINE=InnoDB AUTO_INCREMENT=101 DEFAULT CHARSET=utf8 COLLATE=utf8_unicode_ci COMMENT='Медиафайлы';
/*!40101 SET character_set_client = @saved_cs_client */;

--
-- Dumping data for table `media`
--

LOCK TABLES `media` WRITE;
/*!40000 ALTER TABLE `media` DISABLE KEYS */;
INSERT INTO `media` VALUES (1,21,'https://dropbox.com/vk/numquam.avi',6203215,'{\"owner\": \"Natalia Harvey\"}',2,'1999-09-03 02:14:15','2020-06-26 18:38:47'),(2,85,'https://dropbox.com/vk/atque.mp4',5675401,'{\"owner\": \"Millie Heathcote\"}',1,'2018-10-06 18:06:05','2020-06-26 18:38:47'),(3,60,'https://dropbox.com/vk/error.mp4',9757363,'{\"owner\": \"Miller Kohler\"}',1,'1976-02-28 20:38:54','2020-06-26 18:26:49'),(4,47,'https://dropbox.com/vk/laborum.mp4',1750610,'{\"owner\": \"Martina Mayer\"}',1,'1994-07-30 23:57:21','2020-06-26 18:38:47'),(5,56,'https://dropbox.com/vk/vel.mp3',9470965,'{\"owner\": \"Maggie Raynor\"}',1,'2016-12-09 08:56:37','2020-06-26 18:26:49'),(6,36,'https://dropbox.com/vk/non.avi',2092993,'{\"owner\": \"Theresia King\"}',1,'1983-09-29 02:34:31','2020-06-26 18:38:47'),(7,10,'https://dropbox.com/vk/sapiente.mp3',2042073,'{\"owner\": \"Camille Ernser\"}',1,'2014-02-13 12:22:47','2020-06-26 18:26:49'),(8,44,'https://dropbox.com/vk/et.jpeg',3921385,'{\"owner\": \"Misty Orn\"}',2,'2000-03-14 23:40:29','2020-06-26 18:26:49'),(9,90,'https://dropbox.com/vk/quisquam.gif',3470709,'{\"owner\": \"Nat Price\"}',3,'1984-09-23 13:10:53','2020-06-26 18:38:47'),(10,18,'https://dropbox.com/vk/veritatis.mp4',5579388,'{\"owner\": \"Alvah Torp\"}',1,'2004-02-20 22:23:49','2020-06-26 18:38:47'),(11,21,'https://dropbox.com/vk/voluptas.mp4',7474817,'{\"owner\": \"Natalia Harvey\"}',2,'1970-03-30 08:05:52','2020-06-26 18:38:47'),(12,47,'https://dropbox.com/vk/quae.png',625921,'{\"owner\": \"Martina Mayer\"}',1,'1977-07-21 02:31:36','2020-06-26 18:38:47'),(13,71,'https://dropbox.com/vk/numquam.mp4',695156,'{\"owner\": \"Eloise Hackett\"}',2,'1998-05-02 04:19:59','2020-06-26 18:38:47'),(14,17,'https://dropbox.com/vk/commodi.avi',1588015,'{\"owner\": \"Jodie Sipes\"}',1,'1975-01-30 14:39:12','2020-06-26 18:38:47'),(15,69,'https://dropbox.com/vk/sed.jpeg',5844608,'{\"owner\": \"Myra Dooley\"}',2,'2008-01-02 07:10:07','2020-06-26 18:38:47'),(16,92,'https://dropbox.com/vk/minima.mp3',4448995,'{\"owner\": \"Emmanuelle Fahey\"}',2,'2016-07-12 02:47:06','2020-06-26 18:26:49'),(17,55,'https://dropbox.com/vk/non.mp3',4701155,'{\"owner\": \"Ozella Kris\"}',3,'1984-02-14 14:04:36','2020-06-26 18:38:47'),(18,96,'https://dropbox.com/vk/cupiditate.gif',148789,'{\"owner\": \"Berenice Kassulke\"}',1,'1984-06-03 13:41:58','2020-06-26 18:38:47'),(19,17,'https://dropbox.com/vk/quaerat.jpeg',6630481,'{\"owner\": \"Jodie Sipes\"}',3,'2004-05-10 10:53:08','2020-06-26 18:38:47'),(20,96,'https://dropbox.com/vk/ipsa.mp4',2696037,'{\"owner\": \"Berenice Kassulke\"}',1,'2020-03-23 12:56:57','2020-06-26 18:38:47'),(21,29,'https://dropbox.com/vk/debitis.mp4',3578743,'{\"owner\": \"Mike Stark\"}',3,'1983-10-31 22:43:14','2020-06-26 18:38:47'),(22,54,'https://dropbox.com/vk/non.avi',9795604,'{\"owner\": \"Lily Harber\"}',1,'2019-02-21 18:53:37','2020-06-26 18:38:47'),(23,85,'https://dropbox.com/vk/corrupti.mp3',8231794,'{\"owner\": \"Millie Heathcote\"}',1,'1995-09-16 00:03:47','2020-06-26 18:26:49'),(24,64,'https://dropbox.com/vk/deserunt.gif',1762159,'{\"owner\": \"Derrick Kunde\"}',2,'2016-04-29 22:16:02','2020-06-26 18:26:49'),(25,62,'https://dropbox.com/vk/sequi.avi',4105413,'{\"owner\": \"Alfredo Okuneva\"}',2,'1993-04-30 17:12:47','2020-06-26 18:38:47'),(26,16,'https://dropbox.com/vk/debitis.mp3',5230591,'{\"owner\": \"Veronica McLaughlin\"}',3,'1971-04-30 12:00:13','2020-06-26 18:38:47'),(27,96,'https://dropbox.com/vk/corporis.gif',3826714,'{\"owner\": \"Berenice Kassulke\"}',2,'2017-03-15 22:13:38','2020-06-26 18:38:47'),(28,29,'https://dropbox.com/vk/mollitia.gif',3431797,'{\"owner\": \"Mike Stark\"}',3,'2003-11-13 00:31:31','2020-06-26 18:38:47'),(29,58,'https://dropbox.com/vk/voluptatem.png',5668845,'{\"owner\": \"Ayana Willms\"}',3,'1987-07-12 02:53:01','2020-06-26 18:38:47'),(30,3,'https://dropbox.com/vk/sed.avi',8038836,'{\"owner\": \"Sadye Streich\"}',1,'2019-05-04 15:19:26','2020-06-26 18:38:47'),(31,41,'https://dropbox.com/vk/numquam.mp4',3177644,'{\"owner\": \"Saul Labadie\"}',3,'2017-04-29 20:21:25','2020-06-26 18:38:47'),(32,96,'https://dropbox.com/vk/dolore.png',1761712,'{\"owner\": \"Berenice Kassulke\"}',1,'1971-03-23 21:35:33','2020-06-26 18:38:47'),(33,57,'https://dropbox.com/vk/omnis.jpeg',9265630,'{\"owner\": \"Gregoria Hamill\"}',2,'1974-11-10 01:41:39','2020-06-26 18:38:47'),(34,98,'https://dropbox.com/vk/qui.mp3',1033015,'{\"owner\": \"Nichole Harber\"}',3,'1983-05-21 00:59:31','2020-06-26 18:38:47'),(35,15,'https://dropbox.com/vk/totam.mp3',7358186,'{\"owner\": \"Rogelio Lehner\"}',1,'2009-09-15 08:40:43','2020-06-26 18:26:49'),(36,83,'https://dropbox.com/vk/ea.gif',3681885,'{\"owner\": \"Joaquin Wisoky\"}',1,'2001-10-09 14:06:54','2020-06-26 18:38:47'),(37,69,'https://dropbox.com/vk/voluptas.jpeg',6324866,'{\"owner\": \"Myra Dooley\"}',1,'1981-10-20 17:16:57','2020-06-26 18:26:49'),(38,95,'https://dropbox.com/vk/ut.jpeg',568678,'{\"owner\": \"Meaghan Kozey\"}',2,'1972-03-27 17:22:54','2020-06-26 18:26:49'),(39,67,'https://dropbox.com/vk/et.jpeg',3858793,'{\"owner\": \"Mark Dietrich\"}',1,'1976-04-29 02:26:18','2020-06-26 18:26:49'),(40,50,'https://dropbox.com/vk/sit.mp4',7577930,'{\"owner\": \"Deshaun Hagenes\"}',1,'1986-05-21 17:23:55','2020-06-26 18:38:47'),(41,49,'https://dropbox.com/vk/qui.avi',6303271,'{\"owner\": \"Anabel Kessler\"}',2,'1995-06-17 13:35:48','2020-06-26 18:38:47'),(42,96,'https://dropbox.com/vk/iure.gif',8772565,'{\"owner\": \"Berenice Kassulke\"}',3,'2016-05-17 11:05:32','2020-06-26 18:38:47'),(43,30,'https://dropbox.com/vk/et.mp3',4943016,'{\"owner\": \"Josianne Baumbach\"}',3,'1981-10-21 21:43:13','2020-06-26 18:38:47'),(44,61,'https://dropbox.com/vk/libero.gif',8387384,'{\"owner\": \"Cooper Walker\"}',3,'1994-08-10 05:49:50','2020-06-26 18:38:47'),(45,15,'https://dropbox.com/vk/corrupti.png',7097872,'{\"owner\": \"Rogelio Lehner\"}',3,'1979-12-24 16:16:29','2020-06-26 18:38:47'),(46,91,'https://dropbox.com/vk/aut.mp3',317210,'{\"owner\": \"Rasheed Schowalter\"}',2,'1988-01-15 05:53:06','2020-06-26 18:26:49'),(47,9,'https://dropbox.com/vk/sit.gif',282433,'{\"owner\": \"Selina Wiza\"}',2,'1985-07-24 23:03:40','2020-06-26 18:38:47'),(48,72,'https://dropbox.com/vk/ullam.jpeg',450539,'{\"owner\": \"Jaleel Conroy\"}',3,'1981-01-09 10:03:23','2020-06-26 18:38:47'),(49,34,'https://dropbox.com/vk/reprehenderit.jpeg',1395393,'{\"owner\": \"Malinda Predovic\"}',2,'2004-01-03 20:16:19','2020-06-26 18:38:47'),(50,51,'https://dropbox.com/vk/beatae.mp3',5615352,'{\"owner\": \"Linwood Corkery\"}',3,'2018-06-29 10:18:08','2020-06-26 18:38:47'),(51,55,'https://dropbox.com/vk/ducimus.gif',3880583,'{\"owner\": \"Ozella Kris\"}',1,'1997-06-17 20:45:11','2020-06-26 18:26:49'),(52,22,'https://dropbox.com/vk/dolorem.png',2546857,'{\"owner\": \"Gabrielle Armstrong\"}',1,'2017-02-13 22:02:19','2020-06-26 18:38:47'),(53,44,'https://dropbox.com/vk/dolores.mp3',1082538,'{\"owner\": \"Misty Orn\"}',2,'1989-09-23 08:24:22','2020-06-26 18:38:47'),(54,54,'https://dropbox.com/vk/et.png',7762121,'{\"owner\": \"Lily Harber\"}',3,'1995-09-16 02:17:02','2020-06-26 18:38:47'),(55,37,'https://dropbox.com/vk/autem.jpeg',5552991,'{\"owner\": \"Layla Sipes\"}',1,'1992-08-26 21:51:37','2020-06-26 18:26:49'),(56,24,'https://dropbox.com/vk/reprehenderit.jpeg',4468593,'{\"owner\": \"Elisa D\'Amore\"}',2,'1998-06-25 10:12:07','2020-06-26 18:26:49'),(57,8,'https://dropbox.com/vk/pariatur.avi',5673993,'{\"owner\": \"Bill Wuckert\"}',3,'2012-07-23 12:39:57','2020-06-26 18:38:47'),(58,68,'https://dropbox.com/vk/voluptatem.png',4954188,'{\"owner\": \"Malachi Mann\"}',1,'1993-05-31 01:01:34','2020-06-26 18:38:47'),(59,15,'https://dropbox.com/vk/sed.jpeg',7738963,'{\"owner\": \"Rogelio Lehner\"}',3,'1994-04-29 08:12:10','2020-06-26 18:38:47'),(60,69,'https://dropbox.com/vk/et.gif',3822249,'{\"owner\": \"Myra Dooley\"}',3,'1971-03-17 11:04:50','2020-06-26 18:38:47'),(61,2,'https://dropbox.com/vk/eos.jpeg',5884358,'{\"owner\": \"Dixie Pfeffer\"}',3,'1984-05-21 03:23:45','2020-06-26 18:38:47'),(62,1,'https://dropbox.com/vk/eos.mp3',7945043,'{\"owner\": \"Eldridge Koelpin\"}',3,'1994-06-26 07:07:10','2020-06-26 18:38:47'),(63,97,'https://dropbox.com/vk/delectus.mp4',2062143,'{\"owner\": \"William Brown\"}',2,'1986-09-11 00:10:55','2020-06-26 18:38:47'),(64,84,'https://dropbox.com/vk/delectus.png',6465588,'{\"owner\": \"Magali Hand\"}',2,'1981-12-08 11:47:03','2020-06-26 18:26:49'),(65,26,'https://dropbox.com/vk/velit.jpeg',6131511,'{\"owner\": \"Kelly Dooley\"}',1,'2009-12-27 07:57:23','2020-06-26 18:26:49'),(66,79,'https://dropbox.com/vk/optio.mp3',1250793,'{\"owner\": \"Tremayne Runolfsson\"}',1,'2001-10-22 14:31:39','2020-06-26 18:38:47'),(67,15,'https://dropbox.com/vk/asperiores.png',7849432,'{\"owner\": \"Rogelio Lehner\"}',1,'1970-05-22 14:57:30','2020-06-26 18:26:49'),(68,39,'https://dropbox.com/vk/sint.mp4',5484780,'{\"owner\": \"Don Goldner\"}',3,'1992-02-10 19:06:47','2020-06-26 18:38:47'),(69,50,'https://dropbox.com/vk/quod.mp3',3865607,'{\"owner\": \"Deshaun Hagenes\"}',2,'2009-05-29 23:21:28','2020-06-26 18:38:47'),(70,31,'https://dropbox.com/vk/excepturi.mp4',2863696,'{\"owner\": \"Lesly Spencer\"}',1,'1992-08-07 18:35:33','2020-06-26 18:38:47'),(71,6,'https://dropbox.com/vk/fugiat.gif',2711658,'{\"owner\": \"Alfonso Rice\"}',1,'1981-03-22 07:16:08','2020-06-26 18:26:49'),(72,36,'https://dropbox.com/vk/aut.mp3',4957203,'{\"owner\": \"Theresia King\"}',1,'1972-04-05 23:13:11','2020-06-26 18:38:47'),(73,63,'https://dropbox.com/vk/ut.mp3',6641043,'{\"owner\": \"Ernest Gulgowski\"}',3,'2005-11-23 14:24:26','2020-06-26 18:38:47'),(74,6,'https://dropbox.com/vk/officia.jpeg',8323605,'{\"owner\": \"Alfonso Rice\"}',3,'2015-03-25 13:09:41','2020-06-26 18:38:47'),(75,38,'https://dropbox.com/vk/cumque.mp3',1684896,'{\"owner\": \"Cindy Weissnat\"}',3,'2017-11-17 05:38:18','2020-06-26 18:38:47'),(76,74,'https://dropbox.com/vk/quidem.gif',3443668,'{\"owner\": \"Juliana Jenkins\"}',1,'1996-10-17 02:45:55','2020-06-26 18:38:47'),(77,53,'https://dropbox.com/vk/libero.mp3',2153651,'{\"owner\": \"Guy Kuhlman\"}',1,'1991-05-16 23:53:14','2020-06-26 18:26:49'),(78,44,'https://dropbox.com/vk/ab.jpeg',427254,'{\"owner\": \"Misty Orn\"}',1,'1980-09-02 18:14:56','2020-06-26 18:38:47'),(79,60,'https://dropbox.com/vk/voluptas.mp3',5665317,'{\"owner\": \"Miller Kohler\"}',3,'1993-11-23 16:30:25','2020-06-26 18:38:47'),(80,70,'https://dropbox.com/vk/voluptas.png',7034826,'{\"owner\": \"Burley Thiel\"}',2,'1970-11-21 21:24:02','2020-06-26 18:26:49'),(81,67,'https://dropbox.com/vk/voluptas.mp3',8168176,'{\"owner\": \"Mark Dietrich\"}',3,'1997-02-06 00:08:58','2020-06-26 18:38:47'),(82,25,'https://dropbox.com/vk/voluptas.gif',9726405,'{\"owner\": \"Colten Denesik\"}',1,'2002-10-02 10:43:23','2020-06-26 18:38:47'),(83,23,'https://dropbox.com/vk/molestiae.gif',4117496,'{\"owner\": \"Ella Pacocha\"}',2,'1996-07-12 20:35:07','2020-06-26 18:38:47'),(84,41,'https://dropbox.com/vk/aliquid.png',1398268,'{\"owner\": \"Saul Labadie\"}',3,'1987-04-30 02:03:57','2020-06-26 18:38:47'),(85,36,'https://dropbox.com/vk/saepe.avi',4628851,'{\"owner\": \"Theresia King\"}',2,'1996-04-27 03:42:58','2020-06-26 18:38:47'),(86,57,'https://dropbox.com/vk/eos.avi',8939452,'{\"owner\": \"Gregoria Hamill\"}',1,'2000-12-05 12:58:06','2020-06-26 18:38:47'),(87,76,'https://dropbox.com/vk/excepturi.mp3',800710,'{\"owner\": \"Linwood Pagac\"}',2,'2016-11-11 11:26:12','2020-06-26 18:38:47'),(88,10,'https://dropbox.com/vk/suscipit.avi',7175195,'{\"owner\": \"Camille Ernser\"}',2,'2015-07-21 12:03:20','2020-06-26 18:26:49'),(89,19,'https://dropbox.com/vk/dolore.mp3',3463843,'{\"owner\": \"Claud Strosin\"}',2,'1989-06-25 07:57:40','2020-06-26 18:38:47'),(90,66,'https://dropbox.com/vk/quasi.png',5783633,'{\"owner\": \"Antonette Marks\"}',3,'2003-09-30 09:54:56','2020-06-26 18:38:47'),(91,72,'https://dropbox.com/vk/id.mp4',8516637,'{\"owner\": \"Jaleel Conroy\"}',2,'2012-02-13 01:48:22','2020-06-26 18:38:47'),(92,61,'https://dropbox.com/vk/officiis.gif',5222284,'{\"owner\": \"Cooper Walker\"}',1,'2010-08-01 15:50:43','2020-06-26 18:38:47'),(93,90,'https://dropbox.com/vk/quia.gif',551512,'{\"owner\": \"Nat Price\"}',1,'2004-04-13 08:29:46','2020-06-26 18:26:49'),(94,65,'https://dropbox.com/vk/qui.png',7080709,'{\"owner\": \"Roxanne Smith\"}',2,'2008-02-13 11:04:04','2020-06-26 18:26:49'),(95,55,'https://dropbox.com/vk/laudantium.mp4',3739011,'{\"owner\": \"Ozella Kris\"}',1,'1972-01-17 04:40:43','2020-06-26 18:26:49'),(96,78,'https://dropbox.com/vk/minima.mp3',7442929,'{\"owner\": \"Fay Emmerich\"}',1,'1999-07-30 00:27:52','2020-06-26 18:38:47'),(97,25,'https://dropbox.com/vk/voluptas.mp4',5987614,'{\"owner\": \"Colten Denesik\"}',3,'1973-07-28 12:45:16','2020-06-26 18:38:47'),(98,91,'https://dropbox.com/vk/iste.gif',7599281,'{\"owner\": \"Rasheed Schowalter\"}',3,'2012-06-13 09:33:25','2020-06-26 18:38:47'),(99,79,'https://dropbox.com/vk/velit.mp3',23563,'{\"owner\": \"Tremayne Runolfsson\"}',2,'1991-03-31 03:20:28','2020-06-26 18:38:47'),(100,22,'https://dropbox.com/vk/dolorem.gif',7309973,'{\"owner\": \"Gabrielle Armstrong\"}',3,'1974-11-17 17:25:51','2020-06-26 18:38:47');
/*!40000 ALTER TABLE `media` ENABLE KEYS */;
UNLOCK TABLES;

--
-- Table structure for table `media_types`
--

DROP TABLE IF EXISTS `media_types`;
/*!40101 SET @saved_cs_client     = @@character_set_client */;
/*!50503 SET character_set_client = utf8mb4 */;
CREATE TABLE `media_types` (
  `id` int unsigned NOT NULL AUTO_INCREMENT COMMENT 'Идентификатор строки',
  `name` varchar(255) CHARACTER SET utf8 COLLATE utf8_unicode_ci NOT NULL COMMENT 'Название типа',
  `created_at` datetime DEFAULT CURRENT_TIMESTAMP COMMENT 'Время создания строки',
  `updated_at` datetime DEFAULT CURRENT_TIMESTAMP ON UPDATE CURRENT_TIMESTAMP COMMENT 'Время обновления строки',
  PRIMARY KEY (`id`),
  UNIQUE KEY `name` (`name`)
) ENGINE=InnoDB AUTO_INCREMENT=4 DEFAULT CHARSET=utf8 COLLATE=utf8_unicode_ci COMMENT='Типы медиафайлов';
/*!40101 SET character_set_client = @saved_cs_client */;

--
-- Dumping data for table `media_types`
--

LOCK TABLES `media_types` WRITE;
/*!40000 ALTER TABLE `media_types` DISABLE KEYS */;
INSERT INTO `media_types` VALUES (1,'Music','1989-11-18 10:45:30','2020-06-26 17:58:52'),(2,'Video','1986-07-09 08:29:03','2005-01-12 04:42:42'),(3,'Photo','2020-06-26 18:02:59','2020-06-26 18:02:59');
/*!40000 ALTER TABLE `media_types` ENABLE KEYS */;
UNLOCK TABLES;

--
-- Table structure for table `messages`
--

DROP TABLE IF EXISTS `messages`;
/*!40101 SET @saved_cs_client     = @@character_set_client */;
/*!50503 SET character_set_client = utf8mb4 */;
CREATE TABLE `messages` (
  `id` int unsigned NOT NULL AUTO_INCREMENT COMMENT 'Идентификатор строки',
  `from_user_id` int unsigned NOT NULL COMMENT 'Ссылка на отправителя сообщения',
  `to_user_id` int unsigned NOT NULL COMMENT 'Ссылка на получателя сообщения',
  `body` text CHARACTER SET utf8 COLLATE utf8_unicode_ci NOT NULL COMMENT 'Текст сообщения',
  `is_important` tinyint(1) DEFAULT NULL COMMENT 'Признак важности',
  `is_delivered` tinyint(1) DEFAULT NULL COMMENT 'Признак доставки',
  `created_at` datetime DEFAULT CURRENT_TIMESTAMP COMMENT 'Время создания строки',
  `updated_at` datetime DEFAULT CURRENT_TIMESTAMP ON UPDATE CURRENT_TIMESTAMP COMMENT 'Время обновления строки',
  PRIMARY KEY (`id`)
) ENGINE=InnoDB AUTO_INCREMENT=101 DEFAULT CHARSET=utf8 COLLATE=utf8_unicode_ci COMMENT='Сообщения';
/*!40101 SET character_set_client = @saved_cs_client */;

--
-- Dumping data for table `messages`
--

LOCK TABLES `messages` WRITE;
/*!40000 ALTER TABLE `messages` DISABLE KEYS */;
INSERT INTO `messages` VALUES (1,35,26,'Qui laboriosam quae sed ex quia est iste. Ut aspernatur et corporis ut aut et. Culpa ea vitae praesentium quod incidunt.',1,1,'2020-01-04 19:47:36','2020-06-26 15:27:13'),(2,80,28,'Iste est rerum ut mollitia. Sunt pariatur quia adipisci id iste fugiat consectetur. Saepe quia at neque ipsum aut magni accusantium. Quo mollitia accusantium voluptatem distinctio nam porro.',1,1,'2000-06-10 13:40:21','2020-06-26 15:27:13'),(3,44,60,'Incidunt voluptatem aut provident molestias dignissimos sunt. Porro at ipsum amet delectus. Id repudiandae laudantium perferendis illo qui eum.',1,0,'1993-10-03 05:09:59','2020-06-26 15:27:13'),(4,43,15,'Eius iure in aliquid sunt nihil. Dolores temporibus enim dolores fugit corrupti. Omnis error repudiandae voluptatem neque. Reprehenderit corrupti ut inventore quisquam amet officia.',1,1,'1974-04-17 22:46:35','2020-06-26 15:27:13'),(5,6,97,'Nihil nisi ipsa nesciunt qui eos magnam alias est. Sit unde eveniet accusantium voluptates voluptates sunt in aut. Aut sed ducimus accusantium ex. Atque et sunt explicabo quae explicabo ducimus.',1,1,'1981-03-30 16:43:51','2020-06-26 15:27:13'),(6,38,36,'Excepturi magnam maxime rerum veniam perferendis. Ex quia corporis voluptates quo. Debitis et atque aspernatur occaecati at cum. Dolore voluptatem similique aspernatur eos consequuntur quis.',0,0,'2017-03-11 19:01:10','2020-06-26 15:27:13'),(7,63,92,'Ipsum quibusdam nihil quisquam quia qui et harum. Eum corrupti ipsa repellendus. Nulla earum ipsum aut nulla omnis itaque dicta. Laborum beatae fugit quaerat repellendus. Quas harum veniam rerum illum laboriosam recusandae.',1,1,'1982-07-29 06:17:44','2020-06-26 15:27:13'),(8,7,50,'Rerum ut modi in cumque quis. Sed voluptates at et quod itaque qui. Tenetur perferendis rem eum est adipisci ut corporis est. Non occaecati vitae qui ut.',1,0,'2007-03-04 20:20:40','2020-06-26 15:27:13'),(9,30,74,'Tenetur accusamus quo esse libero. Voluptatem distinctio atque quia sed. Quam beatae nostrum non odit.',0,1,'2012-08-31 04:31:14','2020-06-26 15:27:13'),(10,91,19,'Nostrum perferendis nemo consectetur aut tempora earum. Nihil aut aliquam ducimus nobis. Et cupiditate consequatur ad et quam voluptatum qui.',0,0,'1975-10-21 13:31:51','2020-06-26 15:27:13'),(11,82,73,'Est porro distinctio odio repellendus minus dolores beatae ratione. Velit accusamus voluptas ipsum. Quia optio perspiciatis quia distinctio consequatur atque nam laboriosam.',1,1,'2000-11-08 09:59:43','2020-06-26 15:27:13'),(12,72,7,'Omnis quod delectus perferendis blanditiis ipsa distinctio quia. Alias quo minima dolores neque et repellat et. Beatae qui fugiat voluptas doloremque.',0,1,'2019-07-24 10:54:05','2020-06-26 15:27:13'),(13,89,15,'Aut sint voluptatem unde velit eveniet repellendus minus. Eius eos aspernatur eos quisquam voluptatem non. Veniam voluptatem consequatur quia aut quo minus. Molestiae est itaque adipisci alias voluptas explicabo.',0,0,'1971-06-12 23:37:16','2020-06-26 15:27:13'),(14,82,52,'Accusamus eligendi nobis ducimus est dolore recusandae molestias qui. Qui exercitationem asperiores dolor at qui. Ullam aspernatur aut et sint. Omnis dolor quae aliquam vero.',0,1,'2017-02-03 20:18:46','2020-06-26 15:27:13'),(15,81,16,'Vel et ut laudantium reprehenderit omnis suscipit consectetur. Ipsa sunt ipsam cum ut tempore. Possimus et molestias sunt et dignissimos veritatis repellendus ut.',0,1,'1973-09-15 02:24:31','2020-06-26 15:27:13'),(16,80,23,'Nam aut in voluptas sit. Doloremque vitae ut libero iusto. Non et qui repellat nihil cumque quos totam. Libero quisquam eos deserunt mollitia voluptatum sint omnis.',0,0,'1979-07-16 03:18:56','2020-06-26 15:27:13'),(17,98,68,'Sunt magnam at voluptas laborum consectetur eaque est. Et ullam aut totam aut porro. Assumenda libero ipsa nobis consectetur molestiae culpa exercitationem. Rerum consequatur quas eos autem sunt. Et pariatur commodi unde libero optio.',1,0,'2011-10-16 02:30:09','2020-06-26 15:27:13'),(18,21,68,'Aut est dolor dolorem dolorum. Omnis doloremque provident voluptas quia dolorem. Incidunt rerum quia eveniet qui minima sint suscipit consequatur.',1,0,'1978-08-02 22:12:25','2020-06-26 15:27:13'),(19,5,36,'Doloribus dolores sit sint ex voluptatem. Reiciendis rerum molestiae molestiae voluptates qui velit autem aut. Recusandae ea asperiores dolor omnis quod laborum. Amet neque quis quidem nisi.',0,0,'1988-04-18 20:09:05','2020-06-26 15:27:13'),(20,21,76,'Aut sed eius recusandae eos. Rerum quod aspernatur quis illo repellendus. Et id odit pariatur. Qui ut eligendi ab dolores est est sequi.',1,1,'1992-07-30 14:18:23','2020-06-26 15:27:13'),(21,75,72,'Non quasi ut repudiandae. Quas itaque sed soluta eius dolorem voluptatibus. Aut nesciunt non ex deserunt. Et fugiat omnis quia aut.',1,1,'1981-03-23 00:04:56','2020-06-26 15:27:13'),(22,99,31,'Et corporis facere fugiat assumenda omnis. Alias debitis enim exercitationem non optio doloremque. Veritatis soluta ea placeat fugiat. Fugiat qui adipisci ipsum laborum amet odio sint.',0,1,'2008-07-02 06:19:23','2020-06-26 15:27:13'),(23,5,39,'Et illum soluta sequi quia odio. Unde quod quisquam eos deleniti voluptas. Et quae praesentium sunt delectus enim quasi et dolorem. Asperiores sed odit ab culpa quasi voluptates. Velit doloremque assumenda nihil enim sit voluptatem dolorum quia.',0,1,'2001-02-17 14:34:15','2020-06-26 15:27:13'),(24,32,99,'Fugit aspernatur minus possimus perferendis. Sed officiis labore totam rerum quisquam laboriosam corrupti. Provident fugiat soluta possimus accusantium nihil accusamus fugit consequatur. Sunt eum voluptates ut saepe nesciunt qui dolores.',1,1,'2019-04-25 09:52:41','2020-06-26 15:27:13'),(25,30,81,'Mollitia quod autem aut natus. Harum enim commodi nulla dolor dicta molestiae. Tenetur esse quo quae. Occaecati eum asperiores est non atque quia. Amet quae aut sapiente dolorem asperiores id incidunt.',1,0,'2008-02-25 22:51:28','2020-06-26 15:27:13'),(26,26,6,'Harum exercitationem doloremque ab accusamus fugit neque. Rerum quia natus asperiores eos magnam assumenda quia. Et provident accusamus qui est amet distinctio. Sint cupiditate eum et harum natus illum ab.',0,1,'2007-05-17 22:11:44','2020-06-26 15:27:13'),(27,15,88,'Et consequatur quis et iusto et minus. Neque quia ea esse aut. Error accusantium repellat eligendi laboriosam. Eius fugit esse veritatis numquam sunt eos. Odit autem est consectetur blanditiis.',0,0,'1986-07-09 16:08:14','2020-06-26 15:27:13'),(28,84,21,'Sed maiores incidunt qui quia fuga quaerat non quo. Fugit quia ad laboriosam labore delectus. Labore deserunt quod quas eos magni.',1,0,'2001-12-19 19:25:16','2020-06-26 15:27:13'),(29,75,41,'Reprehenderit sint omnis omnis repellendus. Sit autem et eaque voluptas laborum nobis. Iste ab aspernatur incidunt enim dolor sequi et quis. Laudantium voluptatibus eligendi non numquam optio.',0,1,'1987-12-11 21:26:13','2020-06-26 15:27:13'),(30,31,42,'Omnis ut necessitatibus dolorem repellendus iste ut ut. Dolor blanditiis et aut iusto sint sed. Autem quia voluptas eius fuga.',1,0,'2017-01-26 09:02:15','2020-06-26 15:27:13'),(31,57,87,'Ducimus et et autem distinctio expedita. Eius soluta consequatur totam autem eius sequi. Et aut beatae veniam corporis rerum cum optio.',1,0,'2009-02-11 05:34:53','2020-06-26 15:27:13'),(32,41,7,'Delectus aliquam debitis doloribus est quia eos. Tenetur eum inventore quos consequatur accusantium quisquam. Molestias animi praesentium ut amet. Ea fugit ad incidunt dolores totam quia corporis.',0,1,'1994-05-24 13:20:28','2020-06-26 15:27:13'),(33,100,74,'Quam vel ab ipsa consequatur iure. Velit voluptatem eveniet provident beatae. Quia omnis non eum adipisci aut eum dicta.',1,1,'1979-01-03 04:23:38','2020-06-26 15:27:13'),(34,65,50,'Necessitatibus maiores est sapiente ut numquam aliquam pariatur distinctio. Qui velit saepe dolor quo magni. Id at non accusantium necessitatibus consectetur quam ea. Minima nulla cum ratione ut ut.',1,0,'1994-07-03 23:41:41','2020-06-26 15:27:13'),(35,14,28,'Quae voluptate aut est provident. Saepe aut quis incidunt enim provident rerum dolores. Dolor vero perspiciatis aspernatur cum occaecati. Molestiae est autem deserunt et. Quas mollitia reprehenderit aut error voluptas ut sunt rem.',1,0,'1981-12-21 01:41:42','2020-06-26 15:27:13'),(36,75,90,'Praesentium quasi qui assumenda aut eum rerum qui. Minus voluptatem et officiis quia provident. Sunt reprehenderit enim culpa nostrum laborum excepturi non. Quas optio maiores nihil sapiente qui est sit.',1,0,'1987-05-16 02:52:06','2020-06-26 15:27:13'),(37,44,63,'Voluptates culpa neque dolor non voluptatibus odio. Minus adipisci voluptatibus error. Et ducimus officiis nostrum sit neque alias eum.',0,0,'1975-12-10 13:21:28','2020-06-26 15:27:13'),(38,21,44,'Tempore at omnis velit. Repellat soluta inventore suscipit esse eos quod.',1,0,'1997-05-28 04:20:19','2020-06-26 15:27:13'),(39,22,32,'Ab a quia sit voluptatum quibusdam aliquam quasi molestias. Consectetur fugiat velit enim sed repellendus. Molestias voluptatem magnam eos ea perspiciatis.',0,1,'2013-12-28 11:11:37','2020-06-26 15:27:13'),(40,88,25,'Sunt dolores harum aliquid illo. Itaque ab consequatur est ullam. Sed unde accusantium impedit perferendis est voluptas. Reiciendis est ab rerum earum vel.',0,1,'1995-06-23 09:43:54','2020-06-26 15:27:13'),(41,72,30,'Officia explicabo tempore omnis voluptatem velit. Blanditiis nisi quae et sunt labore. Itaque ut culpa maxime impedit consectetur rerum quae ut.',0,1,'2008-12-27 00:10:44','2020-06-26 15:27:13'),(42,95,76,'Exercitationem voluptatibus iure at autem. Eos nihil quia optio reprehenderit. Dignissimos eum eaque nulla eum rem eum.',1,1,'2017-06-16 00:19:41','2020-06-26 15:27:13'),(43,2,89,'Nisi ipsa dolorem similique quod numquam voluptates. Error dignissimos quasi fugit ex quidem consequatur at. Tempore asperiores maiores ducimus rerum iste.',1,1,'2016-10-12 16:57:39','2020-06-26 15:27:13'),(44,86,15,'Ducimus sint maiores est minus numquam quaerat. Vel non debitis dolores eveniet. Placeat voluptatem quo atque reprehenderit doloremque quae. Laboriosam suscipit ut consequatur adipisci neque numquam consequatur.',1,1,'1998-04-17 16:27:03','2020-06-26 15:27:13'),(45,29,8,'Temporibus blanditiis saepe enim error fuga omnis. Accusantium nostrum ea quia molestias qui. Tempore vero facilis placeat. Ut et rem est quas quia accusantium. Voluptatem esse molestiae ut repellat.',0,1,'1979-07-14 21:43:42','2020-06-26 15:27:13'),(46,3,94,'Illo ea nostrum exercitationem minima soluta dolores. Officia quam voluptatibus et amet. A sed harum ea commodi voluptatem est quia. Velit voluptatem qui laudantium recusandae autem repellat.',1,1,'2004-11-29 02:49:04','2020-06-26 15:27:13'),(47,76,45,'Distinctio fuga qui aperiam iusto amet voluptatum. Eum quaerat consectetur quas earum.',1,0,'1970-11-10 10:43:39','2020-06-26 15:27:13'),(48,1,45,'Explicabo atque quia rerum est eos aut hic nemo. Ut est qui aut neque. Quia nisi blanditiis aliquam sit necessitatibus inventore.',0,1,'1976-11-01 21:07:29','2020-06-26 15:27:13'),(49,16,86,'Vel quis tempora omnis molestias. Rerum veritatis soluta quo dolor aliquam qui saepe. Vel rerum nesciunt nihil minus non omnis est.',0,1,'2015-01-19 15:59:27','2020-06-26 15:27:13'),(50,92,98,'Consequatur aperiam hic quidem quia qui fugit. Aut hic mollitia cumque deserunt laudantium eaque voluptas. Ut occaecati numquam qui ad accusantium doloremque. A vero est quia ut voluptates repellat.',0,0,'2011-09-18 01:02:32','2020-06-26 15:27:13'),(51,9,30,'Possimus minima qui aliquam temporibus enim non. Occaecati eos doloribus facere deserunt est. Dolores distinctio nostrum et aspernatur.',1,1,'1996-08-03 18:33:02','2020-06-26 15:27:13'),(52,54,57,'Modi minima facere dolorem repellat dolorem. Voluptatem numquam voluptatum velit qui fugiat. Voluptas modi quod error aliquam cupiditate eum quisquam.',0,0,'2010-12-21 09:30:00','2020-06-26 15:27:13'),(53,10,95,'Fugiat vitae nostrum velit. Ullam incidunt magni omnis qui. Tempora aut maiores illo aut ipsum deserunt.',1,1,'1997-11-08 10:16:54','2020-06-26 15:27:13'),(54,25,3,'Aut atque ipsam sed quasi ut. Ducimus rerum illo aut qui aut.',0,1,'1999-09-24 04:12:53','2020-06-26 15:27:13'),(55,50,29,'Consequatur dicta est est. Quibusdam nulla natus in. Veritatis qui vitae libero et qui tempora. Voluptatem ea suscipit optio suscipit accusamus sit.',0,1,'1989-09-12 16:03:13','2020-06-26 15:27:13'),(56,80,35,'Omnis cumque accusamus expedita eum qui porro magni. Architecto voluptatem laborum voluptates ducimus ipsam eligendi alias quia. Sint necessitatibus quas aut dolores omnis. Consequatur quae expedita dicta non deleniti aut.',1,1,'1983-06-10 00:36:46','2020-06-26 15:27:13'),(57,41,88,'Enim qui natus sapiente eligendi nihil. Inventore placeat nobis itaque unde amet qui necessitatibus beatae. Necessitatibus et autem natus.',0,0,'1973-05-04 09:12:05','2020-06-26 15:27:13'),(58,75,35,'Accusantium ipsum et ea repellendus et atque. Perferendis iste ut exercitationem laboriosam rem amet molestias repellendus. Temporibus earum est accusamus sapiente maxime. Id distinctio mollitia nostrum necessitatibus.',0,1,'1983-09-09 15:23:22','2020-06-26 15:27:13'),(59,62,8,'Esse reiciendis deserunt et assumenda maxime recusandae vel. Nihil aut velit doloribus repellendus excepturi. Ut consequuntur pariatur voluptates omnis dicta optio sequi. Dignissimos et consequatur omnis commodi suscipit.',1,1,'1973-06-21 01:29:06','2020-06-26 15:27:13'),(60,72,37,'Sunt exercitationem libero fugit et repellendus. Repudiandae ducimus quo consectetur assumenda qui. Quo iusto at rerum nostrum nostrum. Magnam ex quod quia iste neque fuga dolorem.',0,0,'1973-04-22 12:03:21','2020-06-26 15:27:13'),(61,23,62,'Enim est et vel eos eligendi. Necessitatibus quia nesciunt sit ut tempore. Qui officiis culpa fuga est consequatur.',1,0,'1975-11-21 17:33:01','2020-06-26 15:27:13'),(62,33,95,'Sed eligendi et cumque. Reprehenderit fuga aliquam deleniti reprehenderit ducimus non. Unde at ea molestiae. Impedit id placeat repellat eum accusantium commodi.',1,0,'1986-07-26 09:55:03','2020-06-26 15:27:13'),(63,76,92,'Modi omnis et expedita ea. Cumque veritatis aliquid labore minus aspernatur quia. Ex adipisci tempora sapiente. Est sunt cumque eveniet enim cumque et perferendis. Rerum sunt doloribus magnam voluptas.',1,1,'1987-06-18 01:41:37','2020-06-26 15:27:13'),(64,68,73,'Mollitia ab soluta quae sequi. Et sunt fugiat a quia. Ea voluptas vitae beatae.',0,0,'1983-01-30 06:24:26','2020-06-26 15:27:13'),(65,55,89,'Et quod perferendis ut harum maxime. Qui sunt ad sit aut beatae. Tempora qui impedit dignissimos voluptatum sint itaque hic natus. Illum mollitia autem inventore odit unde.',1,0,'1986-09-19 18:28:14','2020-06-26 15:27:13'),(66,28,23,'Vel recusandae quisquam exercitationem rerum sed recusandae eligendi aspernatur. Perspiciatis aliquid odit fugit quia quia. Id aliquid magnam et aut ut deleniti odio. Quibusdam quia similique ut eum qui ab nemo.',1,0,'1992-07-04 15:30:46','2020-06-26 15:27:13'),(67,5,49,'Reiciendis earum vel perspiciatis. Est et dolorum nesciunt aut voluptas. Vel ratione est id deserunt ad dolorem beatae.',1,1,'2003-11-10 09:42:55','2020-06-26 15:27:13'),(68,68,76,'Minima expedita sit est dolorem. Non itaque consequatur natus et accusantium.',0,0,'1999-03-04 16:29:28','2020-06-26 15:27:13'),(69,31,32,'Adipisci ratione doloremque doloribus qui aut voluptatibus commodi. Est quis quas fugiat harum sunt aspernatur. Ipsam assumenda debitis dicta distinctio voluptas commodi. Delectus et enim minima sed.',0,0,'1973-12-03 02:38:24','2020-06-26 15:27:13'),(70,18,29,'Excepturi provident aut quae amet. Et autem quia fuga aut omnis. Iure deleniti vero laudantium excepturi.',0,0,'2013-01-16 13:27:29','2020-06-26 15:27:13'),(71,54,52,'Et provident omnis laborum et. Iusto molestias necessitatibus omnis nihil accusamus veritatis. Temporibus veniam quos debitis est quia rerum. Optio quos officia explicabo aut.',1,0,'1997-01-27 14:54:48','2020-06-26 15:27:13'),(72,97,73,'Minima fugit aliquam voluptas. Et fuga eaque occaecati exercitationem sunt. Sequi voluptatem in et quam ut enim nemo. Quas ut unde voluptates vero qui quibusdam.',0,1,'2000-03-06 15:42:07','2020-06-26 15:27:13'),(73,50,5,'Repudiandae provident repellendus aut perspiciatis et et et. Sequi odio voluptatem omnis magnam ipsa molestiae culpa.',0,0,'1984-02-26 16:36:36','2020-06-26 15:27:13'),(74,19,9,'Consequuntur qui molestiae sed non. Fuga mollitia exercitationem adipisci nihil nesciunt vero nobis. Iusto perspiciatis et id maiores ipsum non non.',0,1,'2005-01-05 07:46:43','2020-06-26 15:27:13'),(75,64,29,'Nostrum dicta maxime tempora et accusamus velit minus est. Asperiores doloribus qui ullam. Ullam neque dicta fugiat.',0,1,'1993-06-10 08:43:23','2020-06-26 15:27:13'),(76,98,15,'Nulla voluptatem nulla ex quia quis. Consequuntur adipisci non accusantium quos. Doloremque qui iusto voluptatibus minus eum voluptatem minima quia. Magni sed iusto nesciunt.',0,0,'1988-12-08 04:57:20','2020-06-26 15:27:13'),(77,97,91,'Et quis et aut pariatur. Est illum tempora similique ipsa qui omnis.',1,1,'2005-04-03 21:42:33','2020-06-26 15:27:13'),(78,38,8,'Nisi non occaecati accusamus velit enim eaque. Doloribus iure ut asperiores ea rem et omnis. Sit delectus eos aliquid voluptatem et. Iusto illo dolorem autem iure quis.',1,1,'1988-11-02 00:26:51','2020-06-26 15:27:13'),(79,7,65,'Aspernatur repellat magni et sapiente. Sed eveniet ea mollitia sed odio veniam eveniet. Qui delectus debitis distinctio. Neque non aut fuga.',1,0,'1988-12-11 09:01:56','2020-06-26 15:27:13'),(80,88,100,'Quaerat consequatur eos explicabo eos exercitationem quidem. Corporis ut quia fuga in aut eum. Veritatis odio cumque alias minima facere voluptas.',0,0,'1989-06-02 03:05:28','2020-06-26 15:27:13'),(81,84,4,'Vel qui et odio necessitatibus omnis non quisquam. Placeat soluta a reiciendis voluptatum enim veniam. Reiciendis voluptatum aut maxime.',0,0,'1970-09-07 19:01:08','2020-06-26 15:27:13'),(82,6,19,'Aliquam eos dolor aut ad in soluta. Officia consequuntur nostrum ipsa consequatur nemo. Ad omnis sed excepturi labore esse laborum voluptas commodi.',0,1,'2017-03-06 23:44:42','2020-06-26 15:27:13'),(83,45,83,'Eveniet dolorem velit fugit laudantium. Autem quasi ad et fugit sed. Qui in autem aperiam odit nulla vel ut.',0,1,'1984-05-29 19:15:17','2020-06-26 15:14:00'),(84,16,56,'Non excepturi corrupti aut vel. Eius in quibusdam et molestiae. Atque atque aperiam debitis eius nemo.',1,1,'1987-01-24 19:31:22','2020-06-26 15:27:13'),(85,22,33,'Porro distinctio sapiente et porro in reprehenderit. Nihil consequatur amet doloribus sunt porro delectus aliquid. Et nam culpa alias occaecati.',0,1,'1996-06-02 03:11:00','2020-06-26 15:27:13'),(86,74,95,'Incidunt magni temporibus iste ad eos possimus quia veniam. Molestiae earum unde ut quo at est est. Quo reiciendis occaecati nisi rerum asperiores sint. Dignissimos ipsam laudantium et neque modi.',0,0,'1995-05-24 09:52:35','2020-06-26 15:27:13'),(87,90,78,'Consequatur et eum cumque voluptatem. Ratione veniam atque ratione sint doloremque. Nisi dolorem sed provident sequi et vitae. Consequatur repellat quidem voluptatibus nisi optio ut.',1,0,'2014-06-06 16:31:04','2020-06-26 15:27:13'),(88,41,3,'Eos temporibus sit et aperiam et qui necessitatibus. Eius ut repellendus eaque et aliquid et natus. Necessitatibus numquam et omnis sint ex perferendis.',1,1,'2017-09-19 06:18:31','2020-06-26 15:27:13'),(89,93,80,'Impedit quia magnam id tempora non. Doloribus doloribus quas fugiat nam quos tempora atque. Aut sunt voluptas impedit laudantium quaerat cum. Impedit excepturi illum molestiae aut architecto est in deserunt.',1,1,'2009-01-16 18:02:56','2020-06-26 15:27:13'),(90,35,89,'Inventore earum fugit fugiat architecto maxime totam voluptas. Accusantium rerum expedita enim atque qui quo dolores.',0,0,'1995-01-16 02:20:49','2020-06-26 15:27:13'),(91,85,6,'Aut error qui tempore amet aut accusamus libero. Numquam aut voluptatem praesentium aperiam maiores.',0,0,'1974-10-31 15:30:53','2020-06-26 15:27:13'),(92,54,64,'Distinctio beatae ad unde laudantium eligendi dolores quas hic. Ad quos aut quidem minima dolor qui animi.',0,1,'1981-11-20 22:46:23','2020-06-26 15:27:13'),(93,19,1,'Repudiandae exercitationem dicta repudiandae et. Ut officiis voluptatem recusandae delectus eligendi vel et. Est ex delectus dolorem et rem necessitatibus qui. Illo aspernatur nostrum inventore sint commodi culpa.',1,1,'1971-01-20 08:44:44','2020-06-26 15:27:13'),(94,86,14,'Ut possimus totam rerum. Voluptatibus eaque aspernatur velit aperiam quam. Aliquid placeat eligendi doloremque aut dolorum voluptas.',0,0,'1996-01-05 16:05:51','2020-06-26 15:27:13'),(95,100,65,'Magnam delectus nihil sed cum beatae dolorem velit. Atque illo illo quibusdam architecto. Dolores quae rem at reprehenderit velit. Veritatis deserunt sunt qui nihil totam.',1,0,'1983-03-08 18:28:33','2020-06-26 15:27:13'),(96,67,82,'Maxime voluptas voluptatem tempora accusamus est. Eius inventore molestias qui dolor provident ut. Nulla est libero recusandae minus et molestiae. Qui sunt facere et qui.',1,0,'2015-04-28 00:50:29','2020-06-26 15:27:13'),(97,63,16,'Inventore pariatur vero quidem vitae fuga earum. Quia non deleniti hic quis vel sit ullam et. Eos deserunt necessitatibus accusamus facilis.',1,1,'2010-05-22 01:18:18','2020-06-26 15:27:13'),(98,22,32,'Nesciunt est est rerum voluptas aspernatur dolor. Et voluptatem officia est perferendis iste. Veniam asperiores placeat molestiae quia dolor vel. Et architecto est delectus adipisci et placeat inventore nemo. Sed magnam beatae aut veritatis voluptatibus eveniet nulla delectus.',0,1,'2012-05-13 01:55:24','2020-06-26 15:27:13'),(99,70,14,'Consequatur beatae voluptas incidunt. Et maiores ut quae ipsa explicabo quis id. Quis qui et quibusdam omnis rem. Blanditiis aspernatur iusto eveniet quod veritatis dolor.',0,1,'1985-07-03 02:08:58','2020-06-26 15:27:13'),(100,75,73,'Molestiae et quia velit reiciendis. Et nobis tenetur quis fuga.',1,1,'2018-10-01 06:18:29','2020-06-26 15:27:13');
/*!40000 ALTER TABLE `messages` ENABLE KEYS */;
UNLOCK TABLES;

--
-- Table structure for table `posts`
--

DROP TABLE IF EXISTS `posts`;
/*!40101 SET @saved_cs_client     = @@character_set_client */;
/*!50503 SET character_set_client = utf8mb4 */;
CREATE TABLE `posts` (
  `id` int unsigned NOT NULL AUTO_INCREMENT COMMENT 'Идентификатор строки',
  `users_id` int unsigned NOT NULL COMMENT 'Ссылка на владельца поста',
  `content_id` int unsigned DEFAULT NULL COMMENT 'Ссылка текст поста',
  `media_id` int unsigned DEFAULT NULL COMMENT 'Ссылка медиа поста',
  `created_at` datetime DEFAULT CURRENT_TIMESTAMP COMMENT 'Время создания строки',
  `updated_at` datetime DEFAULT CURRENT_TIMESTAMP ON UPDATE CURRENT_TIMESTAMP COMMENT 'Время обновления строки',
  PRIMARY KEY (`id`)
) ENGINE=InnoDB AUTO_INCREMENT=101 DEFAULT CHARSET=utf8 COLLATE=utf8_unicode_ci COMMENT='Посты';
/*!40101 SET character_set_client = @saved_cs_client */;

--
-- Dumping data for table `posts`
--

LOCK TABLES `posts` WRITE;
/*!40000 ALTER TABLE `posts` DISABLE KEYS */;
INSERT INTO `posts` VALUES (1,24,0,23,'1970-12-02 20:53:36','2008-02-20 15:13:36'),(2,97,11,45,'1981-01-05 23:07:19','2014-12-22 00:44:04'),(3,78,50,10,'1991-10-14 23:47:05','1990-10-30 10:20:00'),(4,69,76,35,'1996-07-16 16:01:14','1975-05-01 13:02:53'),(5,7,87,13,'2019-08-12 02:52:51','1992-03-07 12:56:02'),(6,92,29,0,'2003-01-25 15:44:02','1993-04-12 16:55:27'),(7,3,53,31,'1997-02-25 07:05:54','2017-08-05 03:40:01'),(8,83,21,92,'1979-09-05 18:32:58','2000-01-12 11:58:16'),(9,16,22,52,'1983-10-19 16:14:03','2007-11-09 12:21:04'),(10,70,58,42,'2010-08-09 08:49:02','2013-07-22 21:18:12'),(11,95,25,11,'2006-09-23 00:54:15','1989-11-27 06:35:43'),(12,51,94,47,'2006-12-14 04:16:41','1978-11-23 22:24:15'),(13,96,77,31,'1975-04-10 21:58:25','1985-12-13 02:18:18'),(14,52,28,62,'2000-05-07 02:39:03','2014-05-19 00:16:52'),(15,96,32,68,'2007-09-03 19:14:48','2018-10-18 10:41:16'),(16,44,99,94,'1977-05-28 23:58:51','2019-03-11 09:22:42'),(17,14,28,38,'2018-10-31 09:45:23','2013-10-25 04:18:10'),(18,59,97,54,'2004-06-14 03:57:07','2005-11-12 02:42:01'),(19,24,69,63,'2012-05-28 01:06:05','1987-06-01 17:46:04'),(20,71,81,36,'2009-10-14 12:37:49','2000-07-23 21:42:01'),(21,12,8,76,'1996-12-18 06:29:56','2001-06-06 10:37:21'),(22,16,18,23,'2000-06-16 10:15:12','1971-03-19 18:52:18'),(23,48,26,40,'1984-05-31 04:27:52','1991-08-25 19:57:14'),(24,9,22,57,'1988-02-06 20:38:20','2009-09-08 21:12:41'),(25,88,68,96,'1994-09-25 11:03:55','1984-12-10 12:15:03'),(26,27,33,71,'2003-11-26 20:58:32','1979-07-17 04:37:48'),(27,7,5,45,'1980-05-20 09:22:18','1997-03-13 10:12:04'),(28,84,88,5,'1972-11-23 14:07:38','2011-09-11 23:57:34'),(29,65,71,87,'1975-07-29 12:00:45','2011-05-11 13:35:43'),(30,92,89,15,'1978-01-28 17:38:28','2019-10-31 09:54:32'),(31,12,58,84,'2004-09-30 18:54:24','2001-08-16 03:22:06'),(32,52,10,52,'2012-11-20 14:13:37','1980-06-28 10:03:10'),(33,57,56,25,'1983-01-01 21:10:42','1995-12-01 02:25:29'),(34,89,84,66,'1978-11-20 13:33:31','1983-06-21 18:03:24'),(35,97,11,13,'2011-04-30 05:11:05','1988-08-05 15:13:09'),(36,10,68,89,'1991-05-14 09:43:08','1988-08-02 05:19:31'),(37,49,20,57,'2002-03-08 09:41:20','1979-12-12 13:49:01'),(38,88,61,9,'1978-09-08 23:50:01','2006-11-09 06:57:04'),(39,72,84,40,'2003-06-10 00:52:40','2002-04-13 23:07:23'),(40,82,94,29,'1986-03-28 15:24:50','1999-02-08 07:51:03'),(41,76,30,51,'1970-02-11 12:58:39','2013-07-01 03:37:39'),(42,78,46,12,'1973-08-06 01:24:15','1973-09-23 18:29:06'),(43,73,13,94,'1972-03-25 08:13:39','2007-07-17 00:43:35'),(44,67,59,64,'2003-05-14 11:00:52','1993-01-24 16:02:17'),(45,93,22,94,'1978-09-26 11:59:35','2007-11-01 01:23:36'),(46,85,88,96,'1991-04-22 15:58:14','2002-12-13 03:52:53'),(47,78,76,83,'2003-05-01 06:15:39','2004-05-24 02:42:48'),(48,75,25,27,'1991-09-08 05:51:53','2001-04-06 02:33:36'),(49,17,35,35,'1993-05-28 07:22:31','1989-08-15 14:35:45'),(50,87,53,49,'1970-11-07 17:08:02','2010-07-16 13:41:16'),(51,66,100,41,'2005-01-30 08:22:25','1976-09-12 04:12:51'),(52,3,33,37,'1999-08-10 22:53:56','1976-10-21 01:02:50'),(53,100,7,85,'2017-02-07 19:21:25','1981-12-10 11:43:07'),(54,100,66,9,'1993-05-04 12:45:39','2002-04-14 08:20:59'),(55,41,27,63,'2017-03-05 12:03:41','1988-12-16 15:14:45'),(56,30,78,92,'2009-08-19 20:04:03','1989-12-14 20:04:52'),(57,82,48,8,'1981-04-14 23:15:48','1986-08-08 23:22:37'),(58,69,25,20,'1971-01-31 03:45:22','1997-04-13 05:10:49'),(59,10,89,64,'2015-01-15 13:40:02','2004-06-03 02:38:14'),(60,90,90,74,'1992-06-07 02:46:31','1996-12-24 16:20:20'),(61,84,93,17,'2014-11-10 10:01:06','2017-12-14 15:48:10'),(62,46,33,10,'1979-08-20 11:41:03','1982-03-17 14:36:03'),(63,6,70,61,'2004-05-22 14:43:53','1991-11-25 09:40:42'),(64,6,78,34,'1983-04-25 20:51:32','1986-04-21 02:02:44'),(65,43,68,14,'2006-11-19 22:41:28','1983-01-10 09:19:48'),(66,44,17,96,'2003-08-06 14:50:52','1971-03-31 09:33:04'),(67,3,2,7,'2000-10-21 00:12:36','1978-09-20 00:46:45'),(68,84,1,75,'2010-03-16 22:47:52','2009-09-14 13:47:41'),(69,40,61,67,'2013-09-13 15:19:34','1973-06-07 21:54:25'),(70,79,17,76,'1977-08-24 17:39:04','2010-02-12 06:02:50'),(71,33,77,24,'1972-04-14 16:03:23','2017-03-13 05:53:42'),(72,99,1,32,'2009-04-30 19:00:11','2009-11-26 01:13:49'),(73,13,63,74,'2004-06-18 01:35:23','1982-08-17 10:57:00'),(74,66,22,15,'1992-03-25 23:01:14','1987-07-25 21:18:19'),(75,79,26,58,'1984-01-19 02:37:12','2019-10-13 11:21:29'),(76,29,63,88,'2012-08-06 15:05:58','2010-03-11 15:47:10'),(77,70,16,5,'1992-06-05 18:16:25','2003-01-12 07:04:43'),(78,58,83,24,'1975-03-06 15:15:54','2000-03-13 07:20:59'),(79,64,1,76,'2000-09-07 07:41:00','1979-04-03 06:59:30'),(80,88,39,67,'1982-11-05 02:49:40','1988-12-07 12:10:00'),(81,84,5,49,'1984-10-25 18:37:39','2012-06-09 01:11:32'),(82,19,5,96,'1993-06-18 08:20:24','1989-11-17 23:33:45'),(83,23,53,88,'2000-02-01 05:59:16','2003-08-29 21:45:08'),(84,69,95,30,'2002-06-12 09:06:01','1977-03-14 21:34:30'),(85,33,34,25,'1973-02-25 14:10:07','2019-08-21 19:36:26'),(86,39,67,11,'1990-04-24 02:44:31','2019-07-26 07:54:18'),(87,49,81,69,'2013-09-02 23:39:49','2005-11-11 16:08:49'),(88,22,94,61,'1985-08-21 05:53:37','2007-01-26 21:04:06'),(89,46,51,19,'2019-10-11 05:26:18','1982-06-04 01:52:43'),(90,3,91,96,'1983-03-30 19:49:12','2001-01-30 10:14:11'),(91,54,82,84,'1998-08-21 09:50:47','2010-05-12 11:54:01'),(92,73,6,81,'1993-12-14 18:44:35','1970-04-24 10:55:58'),(93,5,1,66,'2012-10-28 10:48:14','1970-09-06 19:14:33'),(94,17,94,46,'1976-07-10 04:31:11','1973-05-21 15:31:24'),(95,51,28,32,'2013-03-27 13:54:52','2003-07-18 03:12:17'),(96,26,84,19,'1994-05-17 15:58:05','1983-08-13 18:19:14'),(97,31,21,79,'1975-08-03 05:16:59','2008-08-28 03:34:02'),(98,3,73,48,'1999-07-10 11:39:34','2003-07-23 05:25:39'),(99,56,1,3,'1972-12-27 06:58:12','1994-02-03 07:25:01'),(100,44,82,82,'2003-11-05 01:50:06','2009-09-19 03:02:20');
/*!40000 ALTER TABLE `posts` ENABLE KEYS */;
UNLOCK TABLES;

--
-- Table structure for table `posts_comments`
--

DROP TABLE IF EXISTS `posts_comments`;
/*!40101 SET @saved_cs_client     = @@character_set_client */;
/*!50503 SET character_set_client = utf8mb4 */;
CREATE TABLE `posts_comments` (
  `id` int unsigned NOT NULL AUTO_INCREMENT COMMENT 'Счетчик',
  `posts_id` int unsigned NOT NULL COMMENT 'Ссылка на пост',
  `comment_user_id` int unsigned NOT NULL COMMENT 'Ссылка на прокомментировавшего пост',
  `comment` longtext CHARACTER SET utf8 COLLATE utf8_unicode_ci NOT NULL COMMENT 'Комментарий',
  `created_at` datetime DEFAULT CURRENT_TIMESTAMP COMMENT 'Время создания строки',
  `updated_at` datetime DEFAULT CURRENT_TIMESTAMP ON UPDATE CURRENT_TIMESTAMP COMMENT 'Время обновления строки',
  PRIMARY KEY (`id`)
) ENGINE=InnoDB AUTO_INCREMENT=101 DEFAULT CHARSET=utf8 COLLATE=utf8_unicode_ci COMMENT='Комментарии к постам';
/*!40101 SET character_set_client = @saved_cs_client */;

--
-- Dumping data for table `posts_comments`
--

LOCK TABLES `posts_comments` WRITE;
/*!40000 ALTER TABLE `posts_comments` DISABLE KEYS */;
INSERT INTO `posts_comments` VALUES (1,71,87,'Eveniet a dolore officiis nisi sed. Pariatur vel ut voluptas iste doloribus sint incidunt in. Ad qui optio temporibus qui ut laudantium libero. Necessitatibus corporis sequi est recusandae quisquam.','1981-08-15 10:18:34','2003-09-05 15:22:49'),(2,99,94,'Soluta cum quaerat vero. Nostrum dolorem eveniet natus unde. Distinctio magni animi et. Harum enim quaerat illo odio illo.','2007-07-11 02:02:24','1984-08-16 02:17:00'),(3,38,29,'Autem temporibus unde sit corrupti ratione. Quis ut natus ea similique quis. Culpa facere nisi et quaerat et.','1987-04-08 14:34:17','1997-01-11 03:16:32'),(4,95,14,'Vel minima totam quas eos rerum voluptas enim. Tempora quia ratione inventore quia. Velit praesentium debitis dolor iusto voluptatem. Officiis ut necessitatibus qui.','2014-09-12 02:15:13','1970-05-18 20:26:41'),(5,71,79,'Tenetur exercitationem reprehenderit sit aut porro ipsum. Voluptas qui at praesentium harum vel sit veritatis. Sequi laboriosam quis reiciendis quo quae. Necessitatibus magni repellendus non nihil.','2004-05-19 00:40:03','1971-03-24 12:56:08'),(6,30,25,'Sequi architecto iusto illum sunt sed ab eveniet. Atque voluptate quia voluptatem. Praesentium est aliquam molestias aspernatur voluptatem quas.','1990-11-06 13:16:25','1976-05-23 04:23:12'),(7,65,28,'Non laborum veritatis at soluta earum similique voluptates. Dolorem sit quia recusandae at rerum non. Nihil unde aliquid consectetur excepturi nisi provident asperiores.','1998-09-05 10:13:12','1998-11-02 00:26:06'),(8,54,26,'Odio quia aut voluptatem quo consequatur ipsam. Velit aut aut sunt quia. Ex quo delectus sunt vero non suscipit vitae. Optio saepe voluptatum consequatur nobis cumque dolore.','1971-06-03 19:36:12','1984-08-02 08:09:37'),(9,2,4,'Aperiam ipsum nihil assumenda eos rerum non. Qui voluptates laudantium reiciendis temporibus earum est. Dolorem omnis quis omnis eaque. Magni qui eaque ut voluptatem atque vitae consequatur.','2010-03-24 05:18:01','1989-09-11 06:38:54'),(10,73,63,'Vel atque laudantium atque. Commodi quia sapiente blanditiis maiores ut velit est eius. Ratione autem ex quas tenetur quod voluptate. Provident recusandae esse saepe aperiam omnis eum et.','2016-08-30 11:56:48','1989-12-01 22:12:39'),(11,3,53,'Omnis quas eveniet sed ducimus. Molestiae et accusamus ut nam consectetur mollitia recusandae eos. Quis tempore est nihil vel non.','1991-08-10 23:58:15','1970-08-13 09:55:37'),(12,46,71,'Enim molestias rerum iure quo dolores nisi sit qui. Voluptatum sed soluta sit possimus. Sequi omnis aut et harum molestias aut quas. Non nulla ex nulla cumque sit et.','1994-04-26 13:18:26','2002-11-10 13:49:53'),(13,30,44,'Inventore molestias reprehenderit quia voluptates. Nam et sed consequuntur voluptas tempore ducimus voluptas. Aut rem aut expedita. Eos odit ut ducimus animi praesentium.','1979-05-01 09:08:04','1999-03-30 10:05:21'),(14,34,22,'Architecto est quia nemo quod eligendi pariatur fugit. Et consequatur sit quos consequatur. Fuga voluptatem harum dolorum eius. Et et doloremque aut suscipit velit fugit.','1988-02-01 06:32:23','1986-04-03 05:36:00'),(15,75,23,'Voluptate veritatis et labore officiis cupiditate ipsa necessitatibus. Dolorum ex quaerat eaque culpa. Sit minima soluta et dolorum laudantium aspernatur voluptas.','1976-09-20 07:57:37','2011-08-14 16:18:12'),(16,95,18,'Qui aspernatur eos laudantium quas dolorem quas rerum saepe. Dolor architecto accusamus repellat iusto. Dolores incidunt eligendi veritatis a incidunt. Incidunt sapiente praesentium illo distinctio.','1999-01-29 10:28:29','1993-08-23 11:16:37'),(17,36,18,'Occaecati quo facere eos libero et. Tempore quibusdam vel dolorem ipsa dolor alias iure. Qui illo ut dolorum iure et quis. Id iste dolores et non sit.','1990-11-11 02:08:33','2012-02-08 16:40:10'),(18,89,90,'Nulla labore nobis assumenda optio eligendi illo. Ratione incidunt amet asperiores tempore. Voluptas illo fugiat porro inventore quod. Voluptas maiores qui doloremque magni.','1986-08-23 07:17:15','1997-07-12 17:30:44'),(19,47,98,'Occaecati vero recusandae commodi aut. Maiores deserunt voluptate voluptatem rerum. Est vel quo ipsam placeat mollitia labore. Fugit est molestias consequatur quia harum voluptatem rerum temporibus.','2013-07-26 12:02:00','1982-12-18 06:58:47'),(20,30,28,'Ipsam ea est porro porro repellendus aut est. Nesciunt ab ut quidem natus sapiente. Magni debitis voluptatem tempora numquam ut.','1997-01-09 01:27:30','1970-09-06 21:39:19'),(21,41,11,'Architecto quas ea quibusdam praesentium hic amet voluptatibus. Esse accusantium vel nobis. Magnam dolores amet aut qui unde. Eos amet molestias eligendi ut vel.','2011-09-02 02:38:58','1984-01-06 16:58:23'),(22,61,48,'Fugit voluptate soluta similique eum corporis et. Beatae et et id id quis. Quod labore eveniet animi ea quaerat eum.','1993-10-18 19:10:23','1988-05-25 19:49:03'),(23,18,92,'Eligendi rerum et recusandae ullam ipsam deserunt. Ut et quo non incidunt quibusdam ut soluta. Eum voluptate asperiores et.','1997-03-05 02:53:07','1980-09-20 02:19:07'),(24,97,4,'Delectus eum eligendi ut laudantium sint. Deleniti nesciunt debitis sequi. Deleniti vel recusandae aut aut omnis dolore voluptatem. Ut molestiae nam accusantium numquam.','2018-09-23 04:42:00','1988-09-01 00:22:18'),(25,27,95,'Aperiam voluptatem magnam cumque eum dolores itaque et. Magnam sed minus quia minus. Dolor rem ut mollitia est voluptas dolor itaque odio. Quia quo quia ut.','1985-07-24 21:45:46','1993-03-05 01:18:20'),(26,41,25,'Quia nostrum rerum reprehenderit enim. Maxime quo dolores suscipit qui. Labore laudantium vero pariatur distinctio. Non sit et aut sint quo voluptatum magni.','1972-03-14 04:50:32','2018-01-17 14:49:10'),(27,92,45,'Deleniti aliquam distinctio expedita. Eius praesentium quidem doloribus atque nulla in officia. Quia quia temporibus ea qui. Laboriosam voluptate harum ut aliquam omnis omnis exercitationem.','2005-09-30 10:07:07','1972-12-12 23:27:54'),(28,54,98,'Aliquid qui porro dolorem id eaque. Autem illum sed necessitatibus officia.','1994-06-14 17:23:37','2009-01-22 04:17:37'),(29,84,94,'Numquam iusto et veniam rerum. Voluptatum natus assumenda qui similique. Est porro aut voluptate voluptatem eum at eligendi. Eius ut quo doloremque voluptatem.','1976-01-05 01:35:06','2017-01-19 03:11:28'),(30,10,95,'Distinctio incidunt voluptatibus at est molestiae ut natus. Consequatur fuga qui quis corrupti repellat aut. Consequatur occaecati eum voluptatum fuga. Esse veritatis sint dolores.','2008-08-29 00:15:36','1993-01-01 17:48:13'),(31,45,72,'Iusto recusandae et placeat eum ab. Dolorem autem et id nisi natus. Voluptas iure amet aliquid animi consectetur consequatur eum.','2006-07-14 04:41:27','1970-10-07 08:24:29'),(32,75,12,'Sequi consectetur rem sed reiciendis. Facere nam incidunt reiciendis porro eligendi reiciendis eveniet. Praesentium veritatis quo porro dolorem.','1973-10-27 21:18:11','2006-11-14 07:19:50'),(33,19,45,'Ullam quod quia assumenda nobis fugit vero. Voluptatem accusamus eos dolorem ullam ut itaque vitae veniam. Necessitatibus sit porro qui molestiae consequatur qui.','1993-06-16 02:41:16','1977-09-15 15:22:37'),(34,6,15,'Aperiam unde ut laboriosam magni. Similique quam sunt accusamus ad. Maiores quos odit in recusandae aliquid.\nDucimus nostrum accusamus impedit est quam. Ducimus voluptatem beatae occaecati.','2002-05-28 15:42:11','1991-12-09 00:28:18'),(35,45,78,'Odio iure qui suscipit corporis sit quisquam. Ducimus quo placeat voluptate voluptas quis. Eos vero in voluptatem aliquam nihil.','1974-11-23 08:47:49','1971-11-12 00:58:57'),(36,7,60,'In reprehenderit dolore error sit. Est similique facilis consequuntur sunt et quia. Nemo eaque eius consequatur est delectus.','2006-10-24 01:04:17','1991-07-24 22:29:17'),(37,87,78,'Sunt molestiae quia est ullam. Quia aperiam alias molestias perferendis nam assumenda libero.','1974-04-10 03:56:08','2006-05-22 23:09:42'),(38,36,11,'Est quo necessitatibus quas quae minus. Officiis sint accusantium et maxime et harum iusto.','1990-03-31 17:29:13','1988-11-21 06:00:52'),(39,70,22,'Vel ut incidunt odio. Autem dolores quidem voluptatem molestiae dolore magni. Aut nisi doloribus incidunt accusantium. Sit eum beatae ut labore excepturi sint.','2011-07-30 05:25:26','1974-01-22 15:24:15'),(40,9,54,'Iste facere fugit dolorem maiores consequatur est voluptas. Aut aliquid qui provident repellendus quae. Ut ut enim asperiores exercitationem. Quisquam fugit dolores qui alias saepe assumenda.','2003-06-30 09:36:04','2016-02-06 04:22:08'),(41,8,58,'Cumque nobis tenetur ut voluptatum. Expedita distinctio corporis nostrum sit. Sequi omnis saepe quos non at harum in enim.','1988-02-13 00:52:05','2014-06-19 18:56:18'),(42,8,48,'Tempore atque eum dignissimos qui sint sint. Voluptate dolores labore ipsam laudantium et voluptatibus sit. Dolorem similique sed quis mollitia eligendi modi asperiores.','1994-01-19 15:58:11','2008-12-01 14:24:32'),(43,84,60,'Eligendi doloribus sed architecto facilis eius. Numquam quasi id occaecati exercitationem dignissimos ipsum ut nihil. Est blanditiis velit quibusdam cum autem perspiciatis aut ad.','1997-01-31 05:14:42','1980-11-25 11:13:59'),(44,43,10,'Atque iure assumenda maiores at. Porro fugit autem quaerat repudiandae sed. Eum ab deleniti ipsa debitis harum optio. Quos expedita quidem blanditiis veritatis aut.','1978-07-16 03:02:16','1981-05-13 18:24:39'),(45,88,14,'Voluptas qui eos aliquam rem sit fuga est. Mollitia modi nulla est repudiandae. Dolores sed molestias saepe vel soluta non quos.','2013-08-26 03:45:17','2010-06-01 01:06:24'),(46,63,59,'Ipsum beatae repudiandae minima et officiis. Est assumenda tempora inventore.','1983-11-04 16:22:56','1973-12-12 04:29:58'),(47,30,66,'Ut eaque nobis quisquam eaque. Ut commodi accusantium non est animi. Cum aut amet aliquid expedita asperiores ab est numquam. Beatae dolores sequi neque omnis consequatur voluptatem facere alias.','1998-10-03 15:07:05','1992-04-23 03:59:09'),(48,1,59,'Sit aut magnam sequi sed eveniet provident aliquid. Rerum voluptatem incidunt ipsam voluptatem praesentium. Earum officiis accusantium nemo vel in eveniet itaque.','1981-06-12 10:15:46','2009-03-28 07:33:35'),(49,52,75,'Ex nemo incidunt architecto porro aliquid sit qui. Debitis sit est ut libero. Autem sed est dignissimos temporibus autem.','2016-09-03 09:49:29','1973-07-04 13:07:23'),(50,71,39,'Eos aut blanditiis quae itaque qui. Velit debitis repellendus omnis voluptatem esse. Iste incidunt ut ipsum dolorem dicta voluptatem neque et.','2013-09-04 16:36:11','1983-05-23 09:24:41'),(51,26,75,'Voluptatem voluptas excepturi itaque tenetur accusamus vel sunt provident. Iure necessitatibus nobis omnis. Molestiae tempore nesciunt dolorem dolorum sit nesciunt.','1992-04-23 03:24:42','1992-02-04 17:24:26'),(52,62,19,'Ratione autem error enim ab suscipit. Ut asperiores eligendi et dolorem. Blanditiis beatae voluptatibus eos alias aperiam nisi. Occaecati sint hic impedit dignissimos quia.','1992-11-14 06:13:39','2019-01-03 05:37:07'),(53,44,79,'Sapiente quos et possimus consequatur consectetur ex ipsa. Non illo expedita corporis qui voluptate ut. Eum autem labore sunt ut.','1996-10-09 11:16:09','1977-05-29 08:58:35'),(54,66,29,'Non saepe distinctio distinctio et amet voluptatem error. Dicta sequi eius eius nihil. Nobis maiores totam sed animi doloribus asperiores unde. Provident in eveniet illo ad unde aut ex.','1995-12-09 23:39:13','2012-05-25 23:42:29'),(55,47,23,'Perferendis qui laboriosam ea qui nemo molestias iusto. Placeat autem voluptatibus odio sed iure et et.','1980-07-10 21:03:58','2014-12-24 02:58:52'),(56,10,65,'Consequatur dolores neque voluptatem eum rem et vitae. Iure eveniet sit laudantium et praesentium. Ut a harum et.','2007-10-25 14:23:23','2014-07-15 16:12:45'),(57,3,6,'Sequi inventore dignissimos eveniet. Rerum molestiae natus cum explicabo. Saepe maxime voluptate et voluptas cumque enim vitae quia.','1988-08-25 18:41:15','1994-10-29 08:24:01'),(58,11,98,'Mollitia sapiente eaque esse laboriosam et. Eaque aliquid magni sapiente non non consequatur fuga. Quia ea atque aut nobis nobis voluptate.','2018-07-04 04:11:46','1994-11-28 05:34:14'),(59,20,74,'Sed ullam voluptatum iste officiis rerum libero quo. Tenetur quaerat provident consequatur quia et quibusdam. Perferendis temporibus ex sed dolorem quisquam autem provident.','2006-02-02 02:30:01','1972-07-18 01:30:49'),(60,75,75,'Similique sunt rerum aspernatur nobis pariatur rem. Sunt aspernatur asperiores quidem quae atque ipsa voluptate. Mollitia pariatur omnis beatae et sed. Rerum ipsum et est esse odit voluptate.','2007-05-20 14:59:34','1983-05-04 09:33:32'),(61,66,100,'Molestias fugit ea temporibus voluptatem eum. Quisquam est aperiam temporibus dolores quia possimus facilis. Minus nulla quis non. Natus ipsum fuga assumenda.','2018-11-30 21:15:55','2000-04-19 21:37:38'),(62,73,78,'Nihil nobis veritatis quasi ut explicabo fugit voluptas maiores. Cupiditate delectus facere maiores expedita. Sed qui aut sint quasi. Eum sunt sequi sunt et voluptatem maiores velit.','1977-01-08 06:48:38','2017-05-31 11:22:37'),(63,93,69,'Dignissimos in dolorum dolores amet incidunt commodi est. Voluptatem quisquam officiis qui. Consequatur ut totam autem possimus. Adipisci eum aut quia illum labore iure voluptas.','1994-10-02 20:29:47','1978-12-01 13:06:49'),(64,32,98,'Voluptas consectetur possimus facere quasi eos qui. Soluta a qui enim vel optio officia sequi.','1984-04-12 15:54:48','2013-08-25 23:57:16'),(65,53,73,'Vel nulla omnis ipsum adipisci asperiores. Expedita recusandae adipisci aut maxime quia aut et omnis. Autem consequatur officia et quasi. Alias quia sint voluptatem accusamus sed accusamus minima.','1979-05-30 10:42:17','1994-01-25 03:49:39'),(66,41,24,'Praesentium veniam veniam eveniet id repudiandae non. Iusto amet assumenda molestias ab. Ratione nisi impedit nobis vitae exercitationem nisi.','1991-03-26 20:03:33','1986-02-09 02:30:55'),(67,20,5,'Tenetur porro aspernatur corrupti aut magnam. Voluptas quisquam voluptas sed voluptatem. Qui quasi quae quae et.\nDelectus ut et cumque sed ipsam non. Illo veritatis magnam quam et non.','2000-01-22 19:45:55','2000-02-06 13:50:13'),(68,54,29,'Dolores laborum assumenda rem aliquam sed optio praesentium mollitia. Nulla aut neque natus iste incidunt ullam dicta.\nQuaerat rerum cupiditate labore. Deserunt dolor omnis atque minima cum.','1989-04-05 21:29:59','1993-06-17 03:13:43'),(69,18,36,'Nisi officiis qui dolorem facere. Vero ullam quo iusto. Ipsam voluptas quas ducimus labore vel voluptate eveniet. Sunt et voluptas voluptatem dolore.','1975-04-26 20:33:57','2005-03-23 10:04:15'),(70,89,90,'Reiciendis voluptatibus suscipit illum exercitationem. Facilis modi ab nesciunt. A est et porro ullam eum.','2005-06-15 19:04:06','1981-10-02 09:35:13'),(71,22,79,'Provident ipsa ipsam et sit eveniet totam. Labore alias et dolores architecto accusantium ratione omnis tenetur. Autem et dolorem in doloremque expedita.','2015-04-14 19:03:35','2006-01-11 06:39:21'),(72,41,62,'Omnis nemo totam odio. Optio voluptate sunt suscipit doloremque at ipsam quo cupiditate. Aperiam quibusdam cupiditate sunt qui quo.','2012-12-29 07:27:57','2007-03-01 01:57:18'),(73,59,90,'Aut dolorem et deleniti dolores pariatur ipsam quia. Quo voluptatem ut ea voluptatum fugit. Voluptas est quibusdam in harum et. Qui quam aliquam aliquam sed ut.','2005-10-16 09:29:45','2012-05-15 11:48:23'),(74,31,17,'Reiciendis eveniet laborum eius. Tempora aliquam aut similique magni voluptatem quis. Ea rerum vel quas tempora.','1978-07-19 07:22:01','1970-03-20 02:37:17'),(75,1,95,'Laboriosam ea et quia et fuga magni. Commodi quasi eius explicabo modi voluptatibus. Qui quaerat sint occaecati illum necessitatibus.','2000-05-31 11:52:45','1979-07-15 08:28:35'),(76,9,21,'Praesentium est a quam. Nihil molestiae autem consequatur non occaecati. Blanditiis libero dignissimos aliquid assumenda repudiandae atque. Aut eius qui tempora laborum dolorem tempora maiores.','1972-08-07 12:17:16','1983-07-15 17:15:29'),(77,85,4,'Itaque exercitationem possimus tempora nostrum excepturi non. Esse earum unde voluptates velit officia. Aliquid numquam assumenda est autem ut vitae.','1975-01-25 15:49:13','2005-08-10 12:24:10'),(78,44,65,'Atque enim a dolorum maxime alias officiis. Saepe voluptatem veritatis quam explicabo dicta distinctio laborum. Laborum quod ab explicabo in. Rem aut aut dolores voluptas quam amet et ipsam.','1979-10-31 12:52:16','2015-11-03 01:35:58'),(79,18,84,'Et nam excepturi ut odio eius id. Mollitia quia enim debitis libero a eos in. Ut molestias natus officia nam. Aut placeat sit sit officia quos. Sunt qui pariatur et blanditiis nobis.','2016-10-07 12:49:08','1997-12-14 19:25:31'),(80,24,88,'Et corporis nostrum natus impedit pariatur. Et at expedita eligendi quia animi. Veritatis quo enim exercitationem non.','1970-12-31 02:06:03','1999-12-06 13:47:31'),(81,40,33,'Aut nam sit qui occaecati in. Deleniti praesentium ipsum quis harum. Doloribus voluptatibus ut molestiae nobis voluptatem.','2008-12-01 04:13:14','1984-01-14 02:21:01'),(82,53,54,'Dolorem fugit optio voluptas dolores ducimus laboriosam. Ipsum impedit autem itaque nemo. Blanditiis et aliquid omnis vel quod voluptatum nesciunt.','1993-08-28 04:52:18','1988-03-29 12:45:42'),(83,4,11,'Expedita natus earum harum inventore id saepe. Eius veniam iste veritatis culpa quia et distinctio. Sunt qui ea facere.','1980-05-11 23:34:16','1984-04-02 06:28:44'),(84,23,57,'Qui fugit sit vero velit quas incidunt assumenda. Cupiditate officiis aperiam tenetur sed voluptatem vero. Quidem occaecati culpa quis velit. At doloremque quaerat repudiandae.','1995-06-25 06:53:04','1970-08-21 13:52:28'),(85,79,78,'Iusto et inventore quo et magnam quis minima. Sit quod voluptas enim fugiat aperiam corporis repellendus. Sunt magnam maxime qui ea officia assumenda iste sequi.','2005-11-28 22:50:53','1975-06-14 00:38:23'),(86,7,92,'Quibusdam nemo eaque aut velit non nam similique quis. Itaque beatae doloremque qui. Harum qui consequatur cumque fugit similique ex excepturi.','1976-04-25 00:27:23','1999-03-10 17:02:34'),(87,59,59,'Omnis vero eos sit iusto est cupiditate et dolorem. Repudiandae facilis necessitatibus deserunt possimus aspernatur similique explicabo. Officia est et vitae eos. Sunt minus porro vel sed quia earum.','1981-10-14 15:22:56','2001-12-22 03:15:09'),(88,89,53,'Quo sunt rerum dolorem qui vel dolores. Tempore enim eum iste. Quod provident exercitationem officiis eum mollitia autem perferendis aut.','1977-09-04 02:15:06','1979-08-01 18:24:17'),(89,91,88,'Qui dolor impedit veniam non dolorem consequatur quod. Repellendus corrupti voluptas nam ex.','1977-03-23 23:23:53','1970-12-06 10:57:28'),(90,63,94,'Dolor quos dolores assumenda fugit dolore. Itaque recusandae omnis iusto occaecati. Autem dicta repellat voluptatem quae dicta non.','1977-01-14 09:01:27','2005-01-31 22:51:05'),(91,50,93,'Voluptas veritatis sed in. Amet commodi sit laudantium ut. Quia ullam accusamus commodi dolore eos. Temporibus aut rerum commodi aut nobis.','2002-04-30 16:15:44','2018-08-23 13:24:18'),(92,16,76,'Autem recusandae aut non esse ipsa aspernatur expedita. Eius saepe minus illum aut molestias quisquam nostrum. Et fuga necessitatibus possimus laboriosam necessitatibus dolores sequi.','2012-12-25 09:26:55','1978-09-10 06:26:15'),(93,7,49,'Ex sint ad eos nihil minus veritatis. Necessitatibus delectus quod itaque laborum nostrum repellendus molestias. Dolorum doloribus sit est est omnis sapiente exercitationem ut.','1974-05-12 04:16:16','1993-11-25 00:29:24'),(94,12,12,'Vel quis in delectus vel ullam quis. Et saepe quaerat non voluptatem et. Sapiente vitae itaque quibusdam voluptatum autem.','1985-11-20 22:04:19','1974-04-13 17:31:34'),(95,78,96,'Et aut et sapiente est velit. Totam repellat officia non laborum. Provident sed numquam aut ratione modi sed reprehenderit.','2016-07-12 23:04:51','1970-11-15 21:14:45'),(96,36,27,'Aperiam sunt praesentium a. Eum tempore placeat recusandae vel culpa sit. Explicabo ut dolores ut similique consequatur. Provident et quis nemo dolores ut nostrum.','1998-08-22 13:22:05','1999-01-25 08:06:08'),(97,86,7,'Nam dolor voluptatem numquam ut nihil amet quia. Eum in et et corrupti maxime doloribus veritatis. Commodi totam delectus voluptates consequatur.','1972-08-05 10:42:46','2000-12-06 22:18:24'),(98,37,92,'Illum dolorem ut quo optio et aliquid odit. Tenetur dolorem praesentium ex aut voluptas. Ut et voluptatem repudiandae corrupti. Nisi odio aliquid quas quos omnis doloremque alias.','1990-07-21 12:25:26','1989-03-19 00:51:29'),(99,15,95,'Recusandae ipsum iste consequatur nemo officia veritatis. Dolor ex quidem dolore mollitia in. Rerum magnam corporis corrupti labore. Amet est dolorem et ea. Laborum sed suscipit voluptatem.','2012-12-12 07:38:34','1984-12-11 01:17:43'),(100,7,42,'Nobis et quia sunt eligendi. Eos illum ut id sed numquam voluptatum quisquam quidem. Nihil non voluptate dignissimos ut vel repudiandae voluptatem. Exercitationem voluptatum ratione aut officiis.','1990-09-11 10:41:13','1994-12-16 07:57:55');
/*!40000 ALTER TABLE `posts_comments` ENABLE KEYS */;
UNLOCK TABLES;

--
-- Table structure for table `posts_contents`
--

DROP TABLE IF EXISTS `posts_contents`;
/*!40101 SET @saved_cs_client     = @@character_set_client */;
/*!50503 SET character_set_client = utf8mb4 */;
CREATE TABLE `posts_contents` (
  `id` int unsigned NOT NULL AUTO_INCREMENT COMMENT 'Идентификатор комментария',
  `users_contents` longtext CHARACTER SET utf8 COLLATE utf8_unicode_ci COMMENT 'Комментарий',
  PRIMARY KEY (`id`)
) ENGINE=InnoDB AUTO_INCREMENT=101 DEFAULT CHARSET=utf8 COLLATE=utf8_unicode_ci COMMENT='Текст постов';
/*!40101 SET character_set_client = @saved_cs_client */;

--
-- Dumping data for table `posts_contents`
--

LOCK TABLES `posts_contents` WRITE;
/*!40000 ALTER TABLE `posts_contents` DISABLE KEYS */;
INSERT INTO `posts_contents` VALUES (1,'Ea quaerat facilis tempore non distinctio. Voluptatum accusantium vel nulla eligendi itaque et maiores. Et animi perspiciatis praesentium fuga.'),(2,'Et quia minima amet. Qui mollitia et sequi aut mollitia. Qui atque assumenda vel enim ut dolores.'),(3,'Ipsa eveniet iure perspiciatis et quam. Illum facilis eligendi ut eaque praesentium. Iusto eligendi minima natus sunt sed. Laboriosam vero qui iste.'),(4,'Qui architecto rerum fugit aut ullam qui. Repellat quis provident adipisci voluptate eligendi tenetur eos. Hic dignissimos error consequatur repudiandae quod dicta.'),(5,'Voluptatem quibusdam praesentium reprehenderit et qui similique quisquam. Molestiae consequatur omnis sed similique enim quidem.'),(6,'Nulla itaque eaque amet voluptatem ut. Omnis aperiam unde quia omnis commodi inventore quos.'),(7,'Perferendis ducimus deleniti adipisci eum a dolorum. Minus soluta dolores amet vel ratione. Consectetur aut deserunt incidunt ducimus. Non autem sequi voluptatem itaque deleniti laudantium et.'),(8,'Repudiandae in itaque suscipit occaecati laborum iusto excepturi. Voluptates ipsa cupiditate qui repudiandae consequuntur laudantium. Libero rem in saepe illum et consequuntur vel.'),(9,'Tenetur eveniet dolores deleniti assumenda et quo vero. Nostrum eos quisquam et impedit maiores hic. Omnis iste commodi quisquam explicabo.'),(10,'Non sit et ipsam accusamus. Debitis tempora nulla et voluptatibus. Placeat non voluptatem aliquid eaque et. Ullam non aut consequuntur et voluptatibus soluta excepturi. Non mollitia beatae culpa error animi.'),(11,'Magni quis minima odio voluptatem quo. Minus dolorum quia accusantium enim in quibusdam exercitationem. Distinctio tenetur deleniti laboriosam maxime alias quas nihil. Nesciunt est cumque nihil eligendi.'),(12,'Dolores dolores ut nobis quas harum. Cumque adipisci neque saepe est. Adipisci in modi itaque odit. Placeat iusto odio facere eligendi libero.'),(13,'Qui aut reprehenderit nesciunt accusantium et perspiciatis hic. Aut consequuntur soluta sit consequatur. Consectetur harum dignissimos et omnis quisquam sit voluptatibus.'),(14,'Omnis porro facilis est illum. Suscipit quidem quia est iste voluptatem esse. Qui incidunt voluptatum fuga autem praesentium mollitia. Inventore vitae odio sapiente expedita dolores.'),(15,'Aut harum doloribus neque quibusdam accusamus est enim. Eaque quos eos aut beatae rerum quis et quas. Rerum et laboriosam occaecati autem.'),(16,'Expedita suscipit laboriosam voluptas a voluptas ad. Voluptates veritatis est ut. Pariatur illum quia quis aut consequuntur quod.'),(17,'Molestiae enim ut aspernatur. Consectetur voluptatem dolorum officiis molestiae suscipit nihil. Voluptatem est dolores ab a.'),(18,'Ut qui nihil voluptas veritatis architecto. Doloremque dolores veritatis quia voluptatem illo nam. Cum similique deleniti enim a. Veritatis voluptas sint consequatur voluptas.'),(19,'Nemo neque non quos sed est dignissimos. Assumenda corporis quis modi maxime sed aut.'),(20,'Nobis illum omnis ut itaque consequatur maxime. Adipisci quasi aut consequuntur quisquam corrupti laboriosam itaque. Voluptas aut aut unde aut quidem. Et in incidunt dignissimos et laborum dolor. Libero et nisi animi temporibus sint in nostrum.'),(21,'Ut explicabo a impedit ut. Non illum et temporibus eveniet modi. Voluptatem exercitationem tempora sit dolorum numquam.'),(22,'Exercitationem possimus harum et ratione quia. Optio cum eos earum qui natus maxime. Qui officiis vitae nihil ipsa sequi maxime. Eligendi est harum impedit non voluptatum commodi est.'),(23,'Aut id non repellat laborum. Dolore tempora iure cupiditate ad suscipit rerum ipsa et. Quos facilis doloremque sunt ratione qui. Animi ut necessitatibus nobis blanditiis doloribus ut in.'),(24,'Aut totam sunt cupiditate et unde quos. Ad earum laudantium unde laboriosam delectus quasi iste. Voluptatem nihil dolore rerum nostrum. Sint aliquam sit et sunt eos.'),(25,'Illo esse iste expedita error quis quia. Perspiciatis voluptas voluptas maiores. Minus autem ipsam corporis aut.'),(26,'Dolorem qui inventore velit adipisci nihil voluptatem. Incidunt vitae assumenda voluptate asperiores et repellendus molestiae veniam. Harum in ut aut ea incidunt.'),(27,'Ducimus quidem et sapiente est aut. Ducimus voluptate voluptas ea. Id enim perferendis molestiae aspernatur quo molestias. Architecto cum corrupti dolorem quas inventore non.'),(28,'Debitis fugiat consequatur voluptatum qui non sequi dolorem. Odio voluptas ea itaque unde quo ipsa. Nam unde quidem pariatur quia ducimus voluptatem. Rerum autem quasi vel labore culpa et quo amet.'),(29,'Commodi delectus eligendi assumenda eum delectus. Dolorem consequatur est dolor dolor distinctio. Nihil totam exercitationem quidem tenetur ut a.'),(30,'Nulla fugiat vero reiciendis architecto cumque. Incidunt sunt dolore quo distinctio ipsam. Sequi fugit quidem quibusdam est aspernatur. Nihil totam nulla rerum doloribus.'),(31,'Dolor ea earum facilis iure sapiente voluptates dolorem. Fugiat voluptates sit non optio. Vel assumenda est voluptates id repellat.'),(32,'Rem omnis quam dolores natus maiores delectus quia. Incidunt voluptatem reiciendis sint id quia.'),(33,'Tempora dicta eius nisi optio quia maiores minus. Rerum libero ut quidem iste voluptates perspiciatis. Eaque dolores eius quia voluptatem earum.'),(34,'Rerum ipsam pariatur ratione quo aut veritatis quia id. Neque id voluptatem placeat reprehenderit nulla. Aut dolorem sunt vel porro maiores qui sint. Ut quod aliquam velit ab ad expedita.'),(35,'Cupiditate ipsa doloribus iure praesentium. Eius sunt dolorem et eum nesciunt deserunt mollitia. Est rem possimus possimus id consequatur qui similique. Corporis consequuntur dolorem illum alias aut in.'),(36,'Quos eum sed quia odio quisquam deleniti velit. Iste voluptatum mollitia architecto voluptatem. Dolores ut voluptatem et unde placeat et non.'),(37,'Repellat est itaque facere sint quaerat quis. Soluta porro facilis quae quam accusamus maxime quo fugit. Suscipit repellat dolores voluptatibus cum nulla voluptatem. Natus rerum laborum quod voluptas minima neque autem.'),(38,'Cupiditate sit quis rerum similique consequatur. Tempora et vel placeat omnis.'),(39,'Ad quisquam id perferendis. Qui eos quis architecto minima sapiente ad.'),(40,'Quia error voluptatem maxime placeat vitae commodi. Quia veniam officiis enim ducimus placeat voluptatem. Rem quidem quo ad et. Non ut beatae modi ut praesentium corrupti non.'),(41,'Quae sed enim ullam et qui tenetur beatae molestias. Similique quod aperiam libero maxime. Earum et et porro molestiae rem consequatur. Tempore qui explicabo id consectetur hic et animi.'),(42,'Et nostrum odit doloremque quis. Perferendis nemo earum ipsam sed rem quisquam qui quo. Eligendi mollitia vitae eius nam voluptatem minima corrupti. Quisquam qui sequi at sapiente consectetur. Non molestiae quidem debitis.'),(43,'Qui sint consectetur illo consectetur culpa nesciunt. Omnis sapiente voluptatem est consequatur incidunt est. Autem voluptatibus alias soluta a.'),(44,'Aspernatur sed vel officia et cumque. Vero earum nam totam doloremque qui.'),(45,'Quo repudiandae occaecati magnam suscipit. Assumenda omnis illum eos inventore dolores id distinctio. Perferendis nulla quis fugiat a officia. Nihil laudantium sit voluptas quis.'),(46,'Quia quidem beatae aut laborum et fugiat inventore debitis. Et sit qui atque eos consectetur et quae est. Reprehenderit quo sint fugiat molestiae dignissimos ea. Aut optio molestiae autem aut eaque quis nihil.'),(47,'Autem dolorem vitae sunt quia quia dicta tenetur. Dicta nostrum minima et nihil blanditiis iste quis. Non nisi suscipit recusandae est voluptas.'),(48,'Tenetur quo aspernatur architecto aperiam et eos. Laboriosam et est aut rerum aliquam esse voluptatem. Rerum neque natus dicta.'),(49,'Consequatur voluptatem nulla nam placeat. Quo sint exercitationem aliquid excepturi atque aut. Et veniam aliquam quo. Quidem aperiam perspiciatis voluptatum ut ratione repellendus.'),(50,'Autem inventore non sit et rerum. Itaque deserunt illo porro quia explicabo voluptas. Placeat a ab odio esse nemo molestias. Quod inventore voluptatem hic et molestiae.'),(51,'A rerum ut et magnam et rerum. Tempora quae amet quidem aut sed. Dolore error voluptates laudantium dolor ut accusamus. Aut vero quis consequatur et corrupti aut ea.'),(52,'Atque iste corporis atque quis. Dolorem ut modi ut nam esse deserunt placeat. Vel non nostrum repellat voluptas laboriosam a.'),(53,'Blanditiis nam et qui et dolores unde odit itaque. Reprehenderit ut distinctio magni qui.'),(54,'Quia sunt dolores dolorem fuga et nihil. Nisi amet explicabo sit modi consequatur voluptatem nulla. Adipisci assumenda at blanditiis ducimus culpa veritatis.'),(55,'Id aut et numquam laboriosam similique et ut quas. Qui maxime et sint. Autem adipisci natus aliquid vitae perspiciatis ut aliquid.'),(56,'Veritatis enim voluptas distinctio expedita facilis possimus neque. Cupiditate doloremque quia sequi est. Eos inventore excepturi et aut nesciunt ipsa optio. Vel adipisci velit praesentium dolore ut quis.'),(57,'Voluptatibus eveniet ex qui. Expedita laborum voluptas qui voluptatum consequuntur eligendi quisquam. Magnam ipsam id fugit eum iure.'),(58,'Et consectetur sed minima voluptatem sunt sint. Deleniti quasi itaque a sed illo eligendi sed nesciunt. Adipisci omnis quisquam qui cumque nostrum cumque. Modi repudiandae id aut est aut et vel consequatur.'),(59,'Unde quaerat impedit nihil ut totam vitae quae. Sit veniam nihil asperiores voluptatem.'),(60,'Omnis mollitia minima cum ut sit. Aut est totam et ut delectus iusto ut esse. Nostrum saepe eius in quia. Reprehenderit et accusantium aliquid delectus harum non. Reprehenderit aut voluptate voluptas ad voluptate aperiam fuga.'),(61,'Asperiores nemo et nesciunt eveniet et. Itaque libero numquam maxime non. Nobis culpa sed sunt vitae officia ab qui. Laboriosam at quasi recusandae ut porro.'),(62,'Quia nihil placeat recusandae impedit. Nisi nesciunt dolor voluptatem accusamus at. Qui placeat voluptas officia. Soluta iusto at ab ut perspiciatis dicta.'),(63,'Necessitatibus voluptatem qui voluptatem natus. Fugit tempore odio tempore consequatur. Facilis quis sint magni nemo saepe mollitia a. Et dolor eius quasi unde ut at facere.'),(64,'Et quia enim error provident quaerat ullam. Debitis aperiam perspiciatis officiis asperiores inventore qui. Omnis nemo aut quia iusto ad aspernatur quas.'),(65,'Explicabo nam eius numquam autem cupiditate commodi. Saepe nihil sit et ipsa. Rerum recusandae molestiae eaque magnam qui.'),(66,'Explicabo excepturi ipsum exercitationem. Qui ex et nihil debitis. Soluta dolorem aut deserunt quibusdam.'),(67,'Id quae suscipit minus voluptatem velit et tempore. Eos reiciendis et sit reiciendis. Porro voluptatem neque incidunt mollitia corporis rem.'),(68,'Sit aut dolorum amet voluptatum error. Aperiam cumque impedit molestias sit dolor consequatur eum exercitationem. Iusto eum nihil alias qui. Sequi odio perspiciatis commodi debitis non recusandae modi quasi.'),(69,'Provident minima adipisci deleniti. Suscipit itaque facilis quia eveniet incidunt dolores. Exercitationem fugit voluptatum et cumque molestiae id et. Quo accusamus voluptatem laborum veniam.'),(70,'Porro maxime voluptatibus et sit ea. Qui ipsa vero enim modi consequatur qui aut. Quia molestias maxime qui commodi atque in eos. Id voluptatem laborum ut.'),(71,'Quis molestiae repellat ab vitae ipsa nesciunt. Vitae voluptatem nemo et quae nulla quos. Adipisci tempore sed accusamus. Aut veniam labore deleniti sed.'),(72,'Non iusto harum rerum non non suscipit. Optio ut atque a eos aut nihil. Odio nisi labore et qui.'),(73,'Numquam et molestiae occaecati asperiores. Mollitia omnis tenetur veritatis dolorem et. Sed autem eos nihil optio esse velit iusto.'),(74,'Fugit animi omnis inventore facilis illum error a veritatis. Ratione quia incidunt hic ut. Accusamus voluptas earum ut quia voluptatem suscipit.'),(75,'Aliquid sequi et culpa temporibus sapiente. Qui eum sed ipsum dolorum repellat nihil alias debitis. Quo voluptatem cum ab alias earum debitis rem iure. Nihil voluptate beatae ab sapiente consequatur.'),(76,'Saepe ut aspernatur aut quae est. Dolor cumque aut ducimus perferendis porro est. Dicta quia alias ad numquam. Reiciendis corrupti et explicabo quo non.'),(77,'Distinctio velit ut hic dolorum exercitationem autem. Repudiandae voluptatem iure corrupti ut ipsam. Rem magnam ab cumque blanditiis cupiditate rem fuga. Minus occaecati omnis est itaque hic.'),(78,'Rerum accusantium vero quaerat ut eum quia recusandae qui. Saepe quam in consequatur eligendi aut ea. Qui enim odio aperiam. Delectus esse in magnam minus facilis.'),(79,'Qui accusamus illo error qui ipsam esse voluptatum. Et sequi quis possimus quia. Aspernatur quis sint sint laboriosam.'),(80,'Facilis consectetur ratione quod. Et velit commodi a recusandae vitae fugiat nulla. Accusantium ut et at magnam ratione.'),(81,'Assumenda perspiciatis delectus vel consequatur modi quia ipsa. Architecto qui sed nam. Laborum ut quibusdam in. At neque laborum saepe ut voluptatibus architecto quia.'),(82,'Et neque a aliquam velit. Quo voluptas ab suscipit unde iure. Omnis qui neque est quasi quia distinctio repellat.'),(83,'Labore porro ut praesentium. Officiis sed cumque ad aut. Quos laboriosam laboriosam aut modi et dolor nam. Alias dolorum optio totam exercitationem voluptatem.'),(84,'Ab et dolorum qui nam modi cumque. Maiores ullam consequatur voluptatem culpa ut et voluptas. Laboriosam cumque ab incidunt quod. Qui sit reiciendis est exercitationem eligendi.'),(85,'Minus qui omnis neque mollitia mollitia expedita voluptas numquam. Ad neque minima aut soluta. Odio sint est quidem ut.'),(86,'Unde blanditiis ipsum quo ut voluptatibus nesciunt. Quis fugit ipsa quaerat quo quis fugit in ut. Animi laborum hic autem voluptatibus aut culpa dolorem.'),(87,'Eligendi at perspiciatis eveniet. Ullam deserunt possimus eligendi vel in eligendi. Dolor est est quis maxime et.'),(88,'Maxime nobis consectetur voluptatem nobis et est. Esse rerum sunt nam unde molestiae quos et voluptatem. Debitis velit et vel. Aut ea dolore corrupti. In ipsa ut amet in facilis asperiores eos.'),(89,'Eos a rerum ullam hic dicta assumenda hic. Officiis soluta hic cupiditate doloribus deserunt quod incidunt. Distinctio rem ad eos voluptas. Reprehenderit quis suscipit voluptatem consequatur.'),(90,'Qui molestias non voluptatem molestiae sit beatae. Omnis eaque officia atque. Deleniti voluptas rem officiis ea explicabo quam id.'),(91,'Ex et atque sunt recusandae. Enim vel porro quod delectus. Aspernatur vel neque quo quo modi accusamus laborum dolores. Autem doloremque quia ut aut.'),(92,'Et exercitationem soluta praesentium velit ut. Voluptas voluptatum iure sed sequi. Cum ut quia aut non. Laboriosam consequatur ex sit in.'),(93,'Sit corporis veritatis non porro. Veritatis et quod eius perferendis consequuntur voluptas aliquid. Repudiandae nobis ut nemo illum voluptatem quis molestiae. Ut soluta sapiente dolore dolores maxime libero quos.'),(94,'Et quod qui ut itaque vel enim porro repellendus. Sint reprehenderit quia nisi quia et illo. Magnam ad quae nihil porro error magni.'),(95,'Id in beatae est. Eius delectus consectetur eaque voluptatibus corporis quia.'),(96,'Sunt dolore distinctio cumque non. Sint voluptas facere in dolor molestiae totam officia.'),(97,'Consequatur enim et aut dolorem. Et autem provident quia voluptates est quis aliquam. Voluptatibus est corporis molestiae inventore cupiditate error. Magnam magnam ut adipisci quam.'),(98,'Nobis ducimus velit distinctio ab quisquam et. Numquam laudantium nostrum id perferendis rem consectetur. Autem iusto et ut.'),(99,'Sint illo beatae voluptas voluptatem esse. Nemo culpa iure error cumque. Corrupti eos iste et beatae.'),(100,'At est a et harum libero eum. Et omnis cumque omnis consequatur ullam incidunt unde. Nobis quisquam ad repellendus enim officiis sint.');
/*!40000 ALTER TABLE `posts_contents` ENABLE KEYS */;
UNLOCK TABLES;

--
-- Table structure for table `posts_likes`
--

DROP TABLE IF EXISTS `posts_likes`;
/*!40101 SET @saved_cs_client     = @@character_set_client */;
/*!50503 SET character_set_client = utf8mb4 */;
CREATE TABLE `posts_likes` (
  `id` int unsigned NOT NULL AUTO_INCREMENT COMMENT 'Счетчик',
  `posts_id` int unsigned NOT NULL COMMENT 'Ссылка на пост',
  `like_users_id` int unsigned NOT NULL COMMENT 'Ссылка на лайкнувшего пользователя',
  `created_at` datetime DEFAULT CURRENT_TIMESTAMP COMMENT 'Время создания строки',
  `updated_at` datetime DEFAULT CURRENT_TIMESTAMP ON UPDATE CURRENT_TIMESTAMP COMMENT 'Время обновления строки',
  PRIMARY KEY (`id`)
) ENGINE=InnoDB AUTO_INCREMENT=101 DEFAULT CHARSET=utf8 COLLATE=utf8_unicode_ci COMMENT='Лайки на посты';
/*!40101 SET character_set_client = @saved_cs_client */;

--
-- Dumping data for table `posts_likes`
--

LOCK TABLES `posts_likes` WRITE;
/*!40000 ALTER TABLE `posts_likes` DISABLE KEYS */;
INSERT INTO `posts_likes` VALUES (1,44,44,'1982-07-02 19:56:11','1994-08-26 03:44:37'),(2,92,13,'2001-11-25 05:09:09','2006-04-08 14:04:19'),(3,27,85,'1974-08-10 11:26:05','1987-12-06 18:07:27'),(4,54,16,'2013-03-30 22:16:17','1972-09-10 14:28:33'),(5,83,2,'2002-04-24 10:24:34','2009-10-14 20:06:43'),(6,67,91,'2013-02-16 22:11:36','2009-04-12 22:14:02'),(7,10,63,'2008-11-04 23:51:43','1991-07-21 16:49:08'),(8,83,3,'2009-09-28 19:45:41','2004-04-09 18:39:07'),(9,18,81,'1996-06-23 20:47:42','1983-02-12 23:36:22'),(10,44,0,'1977-08-30 15:46:16','1982-03-01 13:04:29'),(11,85,48,'2012-04-19 18:48:52','2000-08-11 06:35:06'),(12,19,78,'2012-12-27 12:53:25','2018-10-27 22:13:15'),(13,68,92,'1998-09-17 13:32:56','1999-03-26 03:15:44'),(14,13,68,'1988-06-13 21:18:47','2008-11-23 21:35:41'),(15,38,83,'2002-02-20 17:18:48','1994-05-03 14:53:53'),(16,89,1,'1981-10-03 12:07:00','2018-10-07 18:06:23'),(17,53,4,'1976-08-07 14:34:38','2006-11-04 18:27:44'),(18,64,75,'2020-06-21 10:11:08','1982-12-10 22:35:50'),(19,69,73,'2013-03-26 11:51:10','2004-06-08 02:05:10'),(20,96,35,'1996-05-12 08:15:57','2019-07-07 18:01:57'),(21,68,25,'2014-08-01 02:19:15','2003-02-07 23:46:00'),(22,84,59,'1994-01-17 16:09:09','1981-09-22 17:15:17'),(23,65,4,'1976-03-09 11:36:12','1982-05-26 03:46:52'),(24,16,93,'1986-05-11 22:13:34','1975-09-16 14:32:29'),(25,75,100,'1977-02-26 05:19:47','1986-01-09 04:17:59'),(26,80,67,'1988-12-11 13:55:13','1996-03-07 01:37:56'),(27,81,6,'1992-05-30 10:12:04','2019-01-13 13:31:52'),(28,34,71,'1984-03-23 16:05:18','1990-09-01 06:07:12'),(29,75,42,'1986-02-06 14:05:18','1989-11-22 17:37:35'),(30,42,23,'2017-07-18 07:09:48','1996-08-22 11:43:57'),(31,7,83,'2009-08-29 14:12:26','2017-06-27 12:29:30'),(32,12,28,'1982-01-29 08:36:06','1978-04-08 04:01:34'),(33,76,9,'1997-10-16 07:31:16','1970-10-18 19:41:17'),(34,36,88,'2005-12-24 08:45:55','2011-09-26 04:53:13'),(35,90,7,'2014-07-21 11:13:03','1995-04-27 12:41:31'),(36,47,72,'1986-01-28 13:29:54','2007-09-21 10:10:21'),(37,8,52,'1975-07-19 11:30:53','1989-12-04 20:25:04'),(38,25,55,'1994-10-20 20:32:30','2005-11-28 16:46:06'),(39,1,81,'2001-02-07 00:15:43','2020-04-11 13:29:31'),(40,89,21,'2010-02-06 10:37:29','1985-09-20 19:10:07'),(41,1,54,'1987-10-19 19:49:48','1989-03-04 21:43:18'),(42,35,50,'1983-11-18 12:07:19','2006-10-12 00:51:59'),(43,100,87,'2002-09-12 21:29:41','1974-06-22 15:44:12'),(44,35,82,'1992-01-01 06:28:23','2020-04-16 02:57:30'),(45,66,9,'2018-05-23 06:28:47','1991-07-26 22:31:29'),(46,79,38,'1987-06-03 06:48:46','1995-02-08 17:32:48'),(47,97,11,'1997-10-31 09:21:12','1991-03-09 17:47:16'),(48,85,53,'2020-06-16 05:07:09','1996-01-05 21:10:16'),(49,75,39,'1981-07-14 07:52:26','2017-10-05 12:01:12'),(50,30,92,'2005-06-15 13:00:07','1984-02-22 22:07:03'),(51,80,99,'2017-01-05 07:23:35','1973-02-04 00:17:58'),(52,51,23,'1978-03-10 17:25:30','2011-05-13 11:11:00'),(53,87,4,'1985-05-21 17:11:58','2011-04-28 13:39:52'),(54,26,34,'1992-03-13 13:24:58','1980-04-17 20:34:06'),(55,75,57,'1973-12-13 08:44:10','1987-04-08 16:18:31'),(56,7,42,'2014-01-23 00:13:07','2006-11-09 12:17:39'),(57,6,77,'1990-02-20 10:34:26','1979-07-24 06:43:24'),(58,41,68,'1996-07-18 19:25:58','1976-05-25 11:23:04'),(59,54,84,'1980-05-14 15:22:01','1985-12-30 19:44:06'),(60,81,53,'1986-02-19 19:14:18','2017-07-18 21:03:21'),(61,45,13,'2010-01-09 19:18:36','1989-10-28 00:34:13'),(62,79,5,'1976-12-26 18:13:58','2000-01-08 13:12:47'),(63,15,21,'1981-01-22 11:28:51','2002-05-17 09:09:25'),(64,29,37,'2015-01-04 18:51:34','1974-03-23 22:24:45'),(65,94,81,'1982-03-30 16:11:07','1975-05-29 20:35:56'),(66,62,38,'2018-12-13 03:23:29','1984-11-10 14:55:41'),(67,30,92,'2012-05-01 07:08:54','1990-07-22 00:24:36'),(68,32,79,'1981-02-23 20:19:23','2005-05-24 13:31:22'),(69,61,70,'2005-10-19 22:10:33','2003-11-03 00:33:31'),(70,84,74,'2009-08-23 00:25:49','1975-01-26 21:00:13'),(71,22,91,'1975-03-23 13:44:12','1995-05-12 04:23:42'),(72,23,98,'2008-05-12 05:54:03','2005-08-16 22:47:51'),(73,59,27,'1988-08-24 22:31:04','2001-05-14 03:28:12'),(74,54,39,'1990-03-22 22:00:39','2015-05-25 04:22:29'),(75,6,55,'2012-01-03 17:53:37','1970-09-28 11:04:53'),(76,12,95,'1987-10-18 07:31:16','1978-01-11 23:48:08'),(77,43,65,'1973-09-29 07:26:25','2007-02-15 14:25:33'),(78,90,65,'1994-06-21 10:47:16','2006-01-05 03:05:08'),(79,59,87,'2009-04-22 13:32:52','1999-07-17 18:25:55'),(80,19,78,'2013-04-10 17:14:11','1970-05-24 21:26:56'),(81,12,58,'1990-01-11 06:31:41','1990-01-27 18:01:19'),(82,47,89,'1993-03-12 00:02:48','1984-07-01 02:57:24'),(83,81,23,'2014-05-15 00:34:19','1978-07-31 01:02:36'),(84,35,52,'1999-07-09 15:07:47','2013-09-05 11:12:44'),(85,73,11,'1971-01-23 21:03:25','2013-06-21 06:39:10'),(86,15,25,'1996-09-18 08:38:21','2016-10-06 09:47:27'),(87,11,79,'1979-08-09 06:47:33','1976-10-04 11:49:06'),(88,69,44,'1978-10-31 09:00:09','1999-03-30 16:54:03'),(89,97,10,'1992-08-05 15:09:38','2006-03-26 15:34:01'),(90,17,6,'1975-12-25 21:29:08','2001-06-04 09:16:22'),(91,45,99,'1993-04-06 16:20:20','2013-08-19 03:57:12'),(92,52,70,'1995-01-19 13:03:03','2008-03-17 00:11:34'),(93,12,12,'2019-12-28 02:02:53','2002-09-01 20:42:06'),(94,7,0,'2006-07-09 17:42:03','1975-04-19 19:37:21'),(95,36,45,'1992-08-10 22:02:09','2001-01-26 11:20:26'),(96,58,49,'2018-09-23 07:45:26','2012-11-17 08:53:12'),(97,95,47,'1971-07-19 20:46:03','1973-06-06 18:45:49'),(98,53,82,'1983-09-08 21:28:51','1975-07-30 11:32:37'),(99,22,18,'1992-08-16 05:36:44','1970-01-21 05:30:40'),(100,53,25,'1975-01-16 06:58:15','1971-08-20 18:19:34');
/*!40000 ALTER TABLE `posts_likes` ENABLE KEYS */;
UNLOCK TABLES;

--
-- Table structure for table `profiles`
--

DROP TABLE IF EXISTS `profiles`;
/*!40101 SET @saved_cs_client     = @@character_set_client */;
/*!50503 SET character_set_client = utf8mb4 */;
CREATE TABLE `profiles` (
  `user_id` int unsigned NOT NULL COMMENT 'Ссылка на пользователя',
  `gender` char(1) CHARACTER SET utf8 COLLATE utf8_unicode_ci NOT NULL COMMENT 'Пол',
  `birthday` date DEFAULT NULL COMMENT 'Дата рождения',
  `photo_id` int unsigned DEFAULT NULL COMMENT 'Ссылка на основную фотографию пользователя',
  `city` varchar(130) CHARACTER SET utf8 COLLATE utf8_unicode_ci DEFAULT NULL COMMENT 'Город проживания',
  `country` varchar(130) CHARACTER SET utf8 COLLATE utf8_unicode_ci DEFAULT NULL COMMENT 'Страна проживания',
  `created_at` datetime DEFAULT CURRENT_TIMESTAMP COMMENT 'Время создания строки',
  `updated_at` datetime DEFAULT CURRENT_TIMESTAMP ON UPDATE CURRENT_TIMESTAMP COMMENT 'Время обновления строки',
  PRIMARY KEY (`user_id`)
) ENGINE=InnoDB DEFAULT CHARSET=utf8 COLLATE=utf8_unicode_ci COMMENT='Профили';
/*!40101 SET character_set_client = @saved_cs_client */;

--
-- Dumping data for table `profiles`
--

LOCK TABLES `profiles` WRITE;
/*!40000 ALTER TABLE `profiles` DISABLE KEYS */;
INSERT INTO `profiles` VALUES (1,'f','1987-12-22',49,'West Pinkie','Central African Republic','1987-12-22 00:00:00','2020-06-26 13:23:00'),(2,'m','2006-07-22',14,'North Jevonberg','Poland','2006-07-22 00:00:00','2020-06-26 13:23:00'),(3,'m','1993-05-01',56,'New Trinity','Christmas Island','2006-10-18 10:24:34','2015-01-09 21:57:33'),(4,'f','2007-07-02',4,'North Darrion','Liberia','2013-08-07 19:16:04','2020-06-26 13:20:43'),(5,'f','1974-08-29',45,'Nienowland','Saint Barthelemy','1998-04-07 22:24:17','1998-06-21 03:17:40'),(6,'m','2008-01-03',83,'Lake Jayneville','Belize','2008-01-03 00:00:00','2020-06-26 13:23:00'),(7,'m','2006-05-22',55,'Sethton','Panama','2006-05-22 00:00:00','2020-06-26 13:23:00'),(8,'f','1982-08-23',79,'West Rosendoborough','Eritrea','1989-06-26 23:32:31','1996-05-07 17:06:41'),(9,'m','1991-11-19',55,'Lednerchester','Svalbard & Jan Mayen Islands','1991-11-19 00:00:00','2020-06-26 13:23:00'),(10,'f','1992-11-25',1,'New Abbey','Reunion','1992-11-25 00:00:00','2020-06-26 13:23:00'),(11,'m','1975-11-26',16,'East Mia','Turkey','1975-11-26 00:00:00','2020-06-26 13:23:00'),(12,'m','2000-04-29',15,'Leschmouth','Liberia','2004-10-25 08:38:37','2020-06-26 13:20:43'),(13,'m','1970-04-17',9,'Schinnerside','Australia','2004-10-26 13:53:35','2020-06-26 13:20:43'),(14,'m','2007-05-12',83,'Mallieburgh','Madagascar','2009-04-05 06:00:58','2020-06-26 13:20:43'),(15,'f','1992-04-08',88,'South Tyshawn','Kenya','1993-07-03 02:00:40','2020-06-26 13:20:43'),(16,'m','1985-06-12',38,'West Glenda','Guadeloupe','1985-06-12 00:00:00','2020-06-26 13:23:00'),(17,'f','1990-08-01',68,'Ricoberg','Panama','1990-08-01 00:00:00','2020-06-26 13:23:00'),(18,'f','2003-10-06',5,'Considinetown','Uzbekistan','2003-10-06 00:00:00','2020-06-26 13:23:00'),(19,'m','2014-07-02',63,'Saulton','Belize','2014-07-02 00:00:00','2020-06-26 13:23:00'),(20,'m','1988-11-14',19,'Elijahview','Aruba','1989-07-08 00:14:02','2002-03-05 21:00:04'),(21,'f','2006-11-26',3,'Lake Macie','Egypt','2006-11-26 00:00:00','2020-06-26 13:23:00'),(22,'m','2004-08-19',13,'Dickinsonhaven','Anguilla','2004-08-19 00:00:00','2020-06-26 13:23:00'),(23,'m','2009-07-30',60,'Robbieton','Cape Verde','2009-07-30 00:00:00','2020-06-26 13:23:00'),(24,'m','1973-05-22',74,'Kenyonshire','Timor-Leste','1987-07-04 21:04:23','2004-09-28 06:32:25'),(25,'m','1986-02-09',40,'East Augustine','Egypt','2010-03-22 11:55:07','2020-06-26 13:20:43'),(26,'f','1970-08-07',2,'West Sasha','Bulgaria','2009-06-05 09:31:31','2020-06-26 13:20:43'),(27,'m','1972-08-08',76,'South Jaylintown','United States Minor Outlying Islands','1987-08-05 16:38:20','1991-08-20 15:18:20'),(28,'m','1971-10-20',39,'North Mason','Northern Mariana Islands','1984-11-07 23:38:07','2019-01-22 16:56:17'),(29,'m','2005-10-12',38,'New Herta','Liechtenstein','2018-09-06 23:04:43','2020-06-26 13:20:43'),(30,'f','2005-07-09',49,'Manteland','Isle of Man','2005-07-09 00:00:00','2020-06-26 13:23:00'),(31,'m','1982-08-12',16,'Coltshire','Argentina','1990-01-26 21:35:52','2020-06-26 13:20:43'),(32,'m','1971-02-14',47,'Roscoefurt','Sao Tome and Principe','1985-04-18 06:46:22','2015-10-09 18:51:00'),(33,'f','2001-01-18',28,'Marjolaineshire','Lesotho','2009-03-27 16:29:40','2020-06-26 13:20:43'),(34,'f','1992-01-02',83,'Cruickshanktown','Ethiopia','1992-01-02 00:00:00','2020-06-26 13:23:00'),(35,'f','2014-06-12',63,'Deckowview','Guinea-Bissau','2014-06-12 00:00:00','2020-06-26 13:23:00'),(36,'m','2003-07-27',67,'Goyetteborough','Sri Lanka','2003-07-27 00:00:00','2020-06-26 13:23:00'),(37,'f','1989-07-19',66,'North Keaganstad','Vanuatu','2015-03-08 03:13:22','2020-06-26 13:20:43'),(38,'f','1979-04-19',55,'New Rickie','Saint Martin','1986-06-24 23:49:58','2014-09-23 00:02:43'),(39,'m','1998-02-01',85,'Aricmouth','Guyana','1998-02-01 00:00:00','2020-06-26 13:23:00'),(40,'m','1978-12-31',35,'Gerholdtown','Kyrgyz Republic','1978-12-31 00:00:00','2020-06-26 13:23:00'),(41,'m','1977-03-17',79,'North May','Qatar','2018-09-30 21:31:43','2020-06-26 13:20:43'),(42,'m','1974-10-08',32,'South Adolfoville','Korea','1986-04-18 06:25:06','2020-06-26 13:20:43'),(43,'f','1988-10-22',73,'Port Greta','Norway','1988-10-22 00:00:00','2020-06-26 13:23:00'),(44,'f','2002-09-12',20,'South Ledafort','Latvia','2002-09-12 00:00:00','2020-06-26 13:23:00'),(45,'m','1981-03-06',95,'Strackeborough','French Polynesia','2016-02-22 12:44:09','2020-06-26 13:20:43'),(46,'m','2011-12-27',26,'New Fannie','Kyrgyz Republic','2011-12-27 00:00:00','2020-06-26 13:23:00'),(47,'f','1981-05-11',56,'New Vella','Cote d\'Ivoire','1991-09-01 07:22:42','2020-06-26 13:20:43'),(48,'f','1986-10-06',72,'Hipolitochester','Lesotho','2011-03-03 07:30:24','2020-06-26 13:20:43'),(49,'m','2008-10-25',46,'Haleymouth','Guadeloupe','2008-10-25 00:00:00','2020-06-26 13:23:00'),(50,'m','2014-01-09',5,'Micaelaton','Saint Vincent and the Grenadines','2014-01-09 00:00:00','2020-06-26 13:23:00'),(51,'m','1974-12-12',14,'Lake Kaylaburgh','Uganda','1976-07-04 15:48:34','2003-11-19 21:45:46'),(52,'f','1982-10-03',95,'East Emmanuelville','Korea','2003-04-15 00:23:48','2020-06-26 13:20:43'),(53,'m','2003-02-08',38,'New Obie','Lithuania','2019-06-17 21:18:39','2020-06-26 13:20:43'),(54,'f','1990-05-13',5,'North Rubyeview','Cambodia','2010-01-17 20:39:12','2020-06-26 13:20:43'),(55,'m','1979-03-14',27,'Keiraport','Cayman Islands','1990-09-10 09:17:55','1999-11-15 23:00:16'),(56,'m','1980-11-07',5,'East Mustafa','Sierra Leone','2013-01-15 10:04:10','2020-06-26 13:20:43'),(57,'m','1978-11-01',95,'West Geovannychester','Poland','1994-08-14 15:36:54','2020-06-26 13:20:43'),(58,'m','2001-12-16',23,'Lowellfurt','Bosnia and Herzegovina','2001-12-16 00:00:00','2020-06-26 13:23:00'),(59,'f','1970-09-14',50,'Bradtkebury','Myanmar','2006-10-28 23:19:55','2020-06-26 13:20:43'),(60,'m','2006-04-09',52,'Daretown','Antarctica (the territory South of 60 deg S)','2006-04-09 00:00:00','2020-06-26 13:23:00'),(61,'f','1972-02-01',90,'West Shyann','Croatia','1978-03-02 21:39:40','1990-07-17 16:04:32'),(62,'m','1999-05-21',72,'Allisonfort','Maldives','1999-05-21 00:00:00','2020-06-26 13:23:00'),(63,'m','1995-08-27',6,'Douglasport','Niue','2013-04-20 13:38:02','2020-06-26 13:20:43'),(64,'m','1983-02-19',82,'Ondrickaside','Montenegro','2002-08-31 18:39:31','2020-06-26 13:20:43'),(65,'f','1974-01-02',83,'South Heloise','Finland','2017-08-28 18:11:18','2020-06-26 13:20:43'),(66,'m','1997-10-09',73,'Mattside','Jordan','2000-10-05 11:43:16','2020-06-26 13:20:43'),(67,'f','2004-12-13',16,'Stoltenbergshire','Solomon Islands','2014-08-07 18:23:06','2020-06-26 13:20:43'),(68,'f','1994-06-03',30,'Lake Eudoraside','Romania','1994-06-03 00:00:00','2020-06-26 13:23:00'),(69,'m','1995-08-22',79,'Port Pasqualeton','Costa Rica','1996-05-26 23:55:49','2000-07-02 20:23:37'),(70,'f','1992-04-16',3,'South Chazport','Fiji','1992-04-16 00:00:00','2020-06-26 13:23:00'),(71,'m','1990-09-19',56,'Maeside','Hungary','1990-09-19 00:00:00','2020-06-26 13:23:00'),(72,'f','1977-01-28',64,'Viviennehaven','Mongolia','1993-10-26 05:54:04','2020-06-26 13:20:43'),(73,'f','2011-08-26',34,'Port Nicolette','Isle of Man','2011-08-26 00:00:00','2020-06-26 13:23:00'),(74,'m','2006-06-24',76,'Schmelermouth','Sudan','2006-07-06 07:18:11','2009-06-21 18:25:29'),(75,'m','1994-10-16',6,'New Mathew','Cocos (Keeling) Islands','1994-10-16 00:00:00','2020-06-26 13:23:00'),(76,'m','1992-03-26',50,'Port Douglasville','Mongolia','2003-11-14 20:30:34','2020-06-26 13:20:43'),(77,'f','1977-10-03',32,'South Kristianmouth','Finland','1977-10-03 00:00:00','2020-06-26 13:23:00'),(78,'m','1976-05-19',54,'Port Angelomouth','Panama','1993-07-27 21:17:31','1996-01-09 17:50:26'),(79,'f','1972-06-10',21,'West Francescomouth','Nauru','2014-02-08 14:30:27','2020-06-26 13:20:43'),(80,'m','1978-04-19',7,'East Melissa','Bermuda','1989-10-17 22:03:14','2014-02-14 07:57:11'),(81,'m','2018-10-04',66,'Howeport','Haiti','2018-10-04 00:00:00','2020-06-26 13:23:00'),(82,'f','1972-06-28',100,'Diannachester','Cook Islands','1979-04-29 22:13:48','2017-07-26 07:39:14'),(83,'m','2009-05-14',33,'Aliatown','Gibraltar','2009-05-14 00:00:00','2020-06-26 13:23:00'),(84,'f','1997-06-13',10,'Gilbertton','Luxembourg','1997-06-13 00:00:00','2020-06-26 13:23:00'),(85,'f','1974-04-01',37,'Ziemeview','Northern Mariana Islands','2003-01-18 00:12:42','2020-06-26 13:20:43'),(86,'m','1973-09-22',53,'New Danyka','Myanmar','2018-06-18 10:42:28','2019-07-02 09:54:55'),(87,'m','2019-06-10',49,'East Everthaven','Cameroon','2019-06-10 00:00:00','2020-06-26 13:23:00'),(88,'m','2014-11-09',91,'Lake German','British Indian Ocean Territory (Chagos Archipelago)','2014-11-09 00:00:00','2020-06-26 13:23:00'),(89,'m','1989-03-01',84,'Port Nat','Germany','1989-03-01 00:00:00','2020-06-26 13:23:00'),(90,'f','1996-03-14',73,'Casperfort','French Guiana','1996-03-14 00:00:00','2020-06-26 13:23:00'),(91,'f','1980-04-16',65,'New Lisa','Libyan Arab Jamahiriya','1999-08-27 05:46:00','2020-06-26 13:20:43'),(92,'f','2001-12-21',100,'South Bettestad','Iran','2010-10-10 15:25:06','2016-03-22 12:05:13'),(93,'m','1988-09-03',77,'New Jeradview','Guinea','1988-09-03 00:00:00','2020-06-26 13:23:00'),(94,'m','1982-05-03',72,'Port Lucy','Tajikistan','1982-05-03 00:00:00','2020-06-26 13:23:00'),(95,'m','1971-12-28',56,'New Rebachester','Comoros','1996-05-06 07:04:39','2020-06-26 13:20:43'),(96,'m','1978-03-07',38,'Stephenland','Singapore','1985-06-23 02:34:01','1987-04-04 04:28:20'),(97,'m','1971-07-06',31,'North Wallaceview','Venezuela','2005-01-21 00:19:42','2020-06-26 13:20:43'),(98,'m','1983-11-20',54,'Amayastad','Iraq','1990-11-27 21:22:48','2020-06-26 13:20:43'),(99,'f','1976-10-31',53,'West Fay','China','2003-04-25 04:01:06','2020-06-26 13:20:43'),(100,'f','2005-01-19',25,'Willmsburgh','Ghana','2005-01-19 00:00:00','2020-06-26 13:23:00');
/*!40000 ALTER TABLE `profiles` ENABLE KEYS */;
UNLOCK TABLES;

--
-- Table structure for table `users`
--

DROP TABLE IF EXISTS `users`;
/*!40101 SET @saved_cs_client     = @@character_set_client */;
/*!50503 SET character_set_client = utf8mb4 */;
CREATE TABLE `users` (
  `id` int unsigned NOT NULL AUTO_INCREMENT COMMENT 'Идентификатор строки',
  `first_name` varchar(100) CHARACTER SET utf8 COLLATE utf8_unicode_ci NOT NULL COMMENT 'Имя пользователя',
  `last_name` varchar(100) CHARACTER SET utf8 COLLATE utf8_unicode_ci NOT NULL COMMENT 'Фамилия пользователя',
  `email` varchar(100) CHARACTER SET utf8 COLLATE utf8_unicode_ci NOT NULL COMMENT 'Почта',
  `phone` varchar(100) CHARACTER SET utf8 COLLATE utf8_unicode_ci NOT NULL COMMENT 'Телефон',
  `created_at` datetime DEFAULT CURRENT_TIMESTAMP COMMENT 'Время создания строки',
  `updated_at` datetime DEFAULT CURRENT_TIMESTAMP ON UPDATE CURRENT_TIMESTAMP COMMENT 'Время обновления строки',
  PRIMARY KEY (`id`),
  UNIQUE KEY `email` (`email`),
  UNIQUE KEY `phone` (`phone`)
) ENGINE=InnoDB AUTO_INCREMENT=101 DEFAULT CHARSET=utf8 COLLATE=utf8_unicode_ci COMMENT='Пользователи';
/*!40101 SET character_set_client = @saved_cs_client */;

--
-- Dumping data for table `users`
--

LOCK TABLES `users` WRITE;
/*!40000 ALTER TABLE `users` DISABLE KEYS */;
INSERT INTO `users` VALUES (1,'Eldridge','Koelpin','samanta46@example.com','357.650.5746x39811','1981-11-14 00:18:53','1988-12-10 00:15:51'),(2,'Dixie','Pfeffer','jquitzon@example.org','149-661-5130x51084','1998-10-24 21:38:23','2020-06-26 13:13:46'),(3,'Sadye','Streich','jayson40@example.net','255-512-3844','2017-06-05 06:19:30','2020-06-26 13:13:46'),(4,'Amie','Robel','windler.cory@example.com','(140)817-8129x12097','1970-12-30 17:45:09','2012-02-26 01:53:18'),(5,'Abner','McLaughlin','jhayes@example.net','145.393.3981x136','1990-11-18 12:41:02','2020-06-26 13:13:46'),(6,'Alfonso','Rice','cormier.rosalind@example.org','326-634-0729x94128','2006-05-24 16:14:49','2016-12-26 09:19:22'),(7,'Ursula','Feil','kali25@example.com','170.386.0521x4458','2016-02-26 14:25:05','2020-06-26 13:13:46'),(8,'Bill','Wuckert','jade37@example.com','1-463-242-7234x840','1983-12-02 03:15:29','1991-12-01 12:44:53'),(9,'Selina','Wiza','trace35@example.com','+94(7)5965866047','2014-11-03 02:40:13','2020-06-26 13:13:46'),(10,'Camille','Ernser','ruecker.xzavier@example.org','925.636.6229','1988-02-05 08:20:36','2020-06-26 13:13:46'),(11,'Julia','Yost','vbashirian@example.net','546.275.0282x67919','1990-09-02 01:41:12','1994-09-22 10:37:43'),(12,'Darren','Ebert','mckenzie.mohammed@example.org','541-301-6899','2005-05-24 14:23:42','2020-06-26 13:13:46'),(13,'Jazmyn','Koelpin','mueller.jeremy@example.net','1-920-537-7965x95685','1998-07-05 06:04:18','2020-06-26 13:13:46'),(14,'Anastasia','Barton','kdeckow@example.org','821.618.9906x35414','1991-08-07 03:34:04','2020-06-26 13:13:46'),(15,'Rogelio','Lehner','fabian66@example.net','(479)139-0341','1988-06-13 20:37:07','2020-06-26 13:13:46'),(16,'Veronica','McLaughlin','udickinson@example.net','(820)087-2188','1980-02-17 10:26:46','1997-12-21 14:45:16'),(17,'Jodie','Sipes','willy.hessel@example.org','807-493-4597','2002-11-02 19:52:17','2011-03-24 17:32:48'),(18,'Alvah','Torp','lueilwitz.bruce@example.org','05182196080','1976-03-16 11:50:14','2013-07-14 13:40:29'),(19,'Claud','Strosin','kirsten96@example.org','375-748-9458x1329','2017-01-29 05:34:54','2020-06-26 13:13:46'),(20,'Nora','Ryan','kkemmer@example.net','(662)841-0573','2006-03-02 10:45:36','2020-06-26 13:13:46'),(21,'Natalia','Harvey','tania.sauer@example.com','05947679989','2016-09-26 18:02:58','2020-06-26 13:13:46'),(22,'Gabrielle','Armstrong','coralie31@example.com','179-623-1522x626','2008-06-13 15:23:59','2014-05-11 17:22:08'),(23,'Ella','Pacocha','fyundt@example.com','00638049189','1974-12-07 09:40:44','2020-06-26 13:13:46'),(24,'Elisa','D\'Amore','gzulauf@example.org','166.988.5768x958','1996-09-01 09:35:55','2004-08-01 20:53:08'),(25,'Colten','Denesik','yfarrell@example.org','095-721-1262','1980-06-24 18:15:45','1987-04-29 11:50:13'),(26,'Kelly','Dooley','bria.reichert@example.net','1-618-553-9971x688','2009-07-05 03:19:51','2020-06-26 13:13:46'),(27,'Pedro','Goyette','cedrick.corkery@example.org','(266)143-9155x9401','2005-11-18 14:52:52','2019-10-02 09:07:02'),(28,'Christophe','Crona','leon53@example.com','(779)303-7050','1975-06-11 02:50:04','2002-01-31 16:06:53'),(29,'Mike','Stark','ella.mcclure@example.org','804-504-3396','1975-07-20 05:07:17','2005-07-07 17:49:24'),(30,'Josianne','Baumbach','bstroman@example.com','1-320-586-8775x141','1976-09-02 11:17:47','2020-06-26 13:13:46'),(31,'Lesly','Spencer','stoltenberg.alena@example.net','139-749-8022','1972-10-18 21:55:45','1989-06-21 05:36:30'),(32,'Woodrow','Towne','kaylee56@example.org','260.931.9506x0468','2003-06-08 02:53:59','2007-11-18 11:50:17'),(33,'Maria','Hayes','else56@example.net','839.660.1609x12975','1991-07-23 17:30:29','2020-06-26 13:13:46'),(34,'Malinda','Predovic','piper.welch@example.net','1-925-123-8604x798','1996-06-27 07:54:38','2020-06-26 13:13:46'),(35,'Paris','Kassulke','rippin.melany@example.org','1-867-219-0411x1551','2004-09-11 04:12:31','2008-06-21 02:04:24'),(36,'Theresia','King','cicero56@example.com','753.011.9535x06397','1983-06-02 19:20:44','1990-04-03 08:51:34'),(37,'Layla','Sipes','fsporer@example.net','682-274-3607x98014','1981-12-18 07:00:24','2020-06-26 13:13:46'),(38,'Cindy','Weissnat','carley45@example.com','(354)669-3767','1970-09-19 15:16:24','1995-06-02 14:43:05'),(39,'Don','Goldner','annette.little@example.net','02372073415','2005-09-20 03:30:36','2020-06-26 13:13:46'),(40,'Jaren','Swaniawski','vharvey@example.org','161-124-4106','1975-12-16 16:45:16','2020-06-26 13:13:46'),(41,'Saul','Labadie','rkihn@example.org','1-593-866-3547x681','1982-02-21 21:31:29','1984-07-20 18:12:32'),(42,'Sadye','Little','xfarrell@example.org','(561)998-3481','2005-01-19 00:08:52','2020-06-26 13:13:46'),(43,'Trent','Nader','ltremblay@example.net','835.763.7931x68288','2012-10-23 16:35:57','2020-06-26 13:13:46'),(44,'Misty','Orn','ezequiel.ebert@example.org','(594)688-0273','1992-12-14 02:25:33','1999-12-05 03:27:20'),(45,'Sean','Maggio','becker.tyson@example.net','(592)415-0469','2009-11-24 17:02:47','2018-04-07 13:09:33'),(46,'Selmer','Hagenes','zena.treutel@example.com','+42(5)5160403332','1973-03-13 12:12:02','1988-04-21 11:07:40'),(47,'Martina','Mayer','yprohaska@example.com','+58(3)2997895810','1976-06-09 16:15:35','2020-06-26 13:13:46'),(48,'Arlene','Considine','omari59@example.net','(630)071-7147x37942','1977-03-03 15:36:54','2003-06-08 19:17:53'),(49,'Anabel','Kessler','ignatius.runolfsdottir@example.com','1-446-819-2406x9864','2020-04-20 05:36:29','2020-06-26 13:13:46'),(50,'Deshaun','Hagenes','tromp.anibal@example.com','1-622-338-6688x3614','1987-01-11 13:02:37','2001-10-10 20:12:03'),(51,'Linwood','Corkery','dexter37@example.org','(722)586-6495x126','1980-03-01 22:15:31','1983-05-25 05:23:45'),(52,'Abraham','Konopelski','daija02@example.org','(933)818-4113x6623','2013-09-02 03:41:36','2020-06-26 13:13:46'),(53,'Guy','Kuhlman','ccronin@example.net','1-153-869-3588x1551','1984-12-20 17:59:29','1992-07-01 08:02:19'),(54,'Lily','Harber','mwilkinson@example.com','521.973.5554x1369','1970-03-09 01:12:34','1981-09-11 01:51:06'),(55,'Ozella','Kris','swift.ella@example.net','112.078.5579x10913','2015-08-04 22:31:19','2020-06-26 13:13:46'),(56,'Maggie','Raynor','simonis.kaycee@example.com','801-961-9494x63917','1983-11-26 23:55:37','1989-03-28 20:43:56'),(57,'Gregoria','Hamill','chane@example.net','(846)900-3485x05529','1991-03-23 14:09:33','2020-06-26 13:13:46'),(58,'Ayana','Willms','vernon.hodkiewicz@example.org','1-110-549-8347x3144','2006-10-24 22:28:44','2006-11-21 03:44:50'),(59,'Amy','Hansen','lpfannerstill@example.org','890.851.6861','2009-12-09 06:38:56','2014-11-11 21:52:23'),(60,'Miller','Kohler','walker.littel@example.org','134-396-7201x75593','2019-09-09 01:58:34','2020-06-26 13:13:46'),(61,'Cooper','Walker','kali.mcclure@example.net','1-251-769-9598','1982-02-05 15:10:06','2003-07-26 04:34:34'),(62,'Alfredo','Okuneva','rosalee.runte@example.org','1-463-995-4174x170','1977-04-18 00:07:35','1981-05-28 05:07:19'),(63,'Ernest','Gulgowski','cbartell@example.org','+04(8)1847993549','2003-09-30 01:21:07','2005-05-03 23:10:06'),(64,'Derrick','Kunde','nathanael20@example.net','791-552-1403','1995-06-07 23:58:06','2020-06-26 13:13:46'),(65,'Roxanne','Smith','hbrekke@example.net','1-304-358-2198x8857','2010-04-14 18:35:09','2020-06-26 13:13:46'),(66,'Antonette','Marks','reichert.wilber@example.org','539-448-1290','1980-07-10 14:46:43','1989-12-02 13:12:31'),(67,'Mark','Dietrich','cali.koepp@example.org','(524)756-2603','1983-02-11 17:12:56','1989-11-16 22:33:32'),(68,'Malachi','Mann','znitzsche@example.net','657.987.7708x158','1976-01-13 11:40:35','1998-07-29 05:50:26'),(69,'Myra','Dooley','keshawn.beier@example.net','727.684.8788x13131','1998-09-28 00:15:06','2003-12-18 02:12:20'),(70,'Burley','Thiel','barney.hilpert@example.com','1-401-407-3924x97063','1977-01-17 16:10:30','1989-05-21 18:28:38'),(71,'Eloise','Hackett','boyd.baumbach@example.net','1-509-727-4182','1985-10-12 15:27:41','1992-03-18 14:14:06'),(72,'Jaleel','Conroy','gutmann.meghan@example.com','1-498-273-8289','2010-12-08 19:56:06','2020-06-26 13:13:46'),(73,'Keagan','Pfeffer','reichert.melba@example.net','1-114-861-9632x0219','2000-12-10 16:19:40','2020-06-26 13:13:46'),(74,'Juliana','Jenkins','elise53@example.net','601-046-0813','1980-05-01 21:16:05','1986-04-14 00:15:22'),(75,'Jayme','Predovic','mccullough.janie@example.org','752.180.4414x917','2011-06-25 04:41:35','2020-06-26 13:13:46'),(76,'Linwood','Pagac','carlie89@example.com','662.957.6890x3133','2004-02-26 19:57:10','2020-06-26 13:13:46'),(77,'Anibal','Murray','katelynn85@example.org','045.222.7603','1994-01-18 23:15:43','2020-06-26 13:13:46'),(78,'Fay','Emmerich','alycia.bernier@example.org','(433)260-2014x1399','2005-05-28 11:08:34','2020-06-26 13:13:46'),(79,'Tremayne','Runolfsson','zthiel@example.org','03465881658','2008-10-30 06:34:39','2020-06-26 13:13:46'),(80,'Oswaldo','Dickens','glover.macy@example.net','093.583.6091x11436','2000-09-21 17:03:20','2020-06-26 13:13:46'),(81,'Bridget','Larson','audie.huels@example.com','(321)092-3747','1988-07-06 07:43:18','2020-06-26 13:13:46'),(82,'Uriel','Gerlach','kaley24@example.net','476-866-1199','1985-06-14 22:53:51','2019-07-22 16:19:50'),(83,'Joaquin','Wisoky','hthompson@example.com','1-225-502-5685x77811','1981-03-16 17:22:55','1994-07-12 09:52:23'),(84,'Magali','Hand','iva.bahringer@example.com','(472)802-9405x670','1993-05-11 13:43:49','2014-04-22 02:53:59'),(85,'Millie','Heathcote','briana30@example.com','806.706.3290x2477','1995-01-10 08:30:20','1996-12-19 00:33:57'),(86,'Emily','Bergnaum','hirthe.cesar@example.com','(294)282-6799x8179','2006-10-26 18:28:42','2018-12-12 07:52:44'),(87,'Madelyn','Turcotte','william71@example.net','+14(3)2401983340','2012-06-11 23:15:11','2014-08-21 18:08:41'),(88,'Effie','Bins','bosco.allie@example.org','377-006-3777x652','1999-07-05 14:22:07','2020-06-26 13:13:46'),(89,'Cassidy','Beier','arnaldo23@example.net','+33(8)6260589065','1987-12-15 03:12:59','2020-06-26 13:13:46'),(90,'Nat','Price','treutel.karianne@example.org','(306)171-5885x23487','1974-08-02 00:23:04','2000-03-11 07:53:16'),(91,'Rasheed','Schowalter','qfarrell@example.net','679-609-3212x537','1996-03-18 09:47:35','2020-06-26 13:13:46'),(92,'Emmanuelle','Fahey','lavern95@example.org','(088)809-7246','2015-08-20 08:08:03','2020-06-26 13:13:46'),(93,'Miracle','Swift','ileuschke@example.org','473-386-8692','2015-02-25 05:27:26','2020-06-26 13:13:46'),(94,'Rowland','Wiegand','lon.kerluke@example.net','1-551-663-9284x50956','2014-01-06 11:57:03','2020-06-26 13:13:46'),(95,'Meaghan','Kozey','america.carroll@example.net','(379)689-9416x415','1983-03-31 21:09:01','1995-06-26 16:45:21'),(96,'Berenice','Kassulke','alexzander61@example.org','(481)365-1082','1980-12-07 18:35:02','2020-06-26 13:13:46'),(97,'William','Brown','fglover@example.org','1-624-982-8038','1996-07-21 16:26:44','2020-06-26 13:13:46'),(98,'Nichole','Harber','isac94@example.com','920.020.2649x058','1995-03-06 20:19:37','2008-06-08 19:43:17'),(99,'Clyde','Bednar','kenyatta83@example.org','1-950-323-7126','1990-10-06 22:31:22','2020-06-26 13:13:46'),(100,'Osbaldo','Balistreri','delores.lesch@example.org','05165907685','2002-12-03 01:59:48','2020-06-26 13:13:46');
/*!40000 ALTER TABLE `users` ENABLE KEYS */;
UNLOCK TABLES;
/*!40103 SET TIME_ZONE=@OLD_TIME_ZONE */;

/*!40101 SET SQL_MODE=@OLD_SQL_MODE */;
/*!40014 SET FOREIGN_KEY_CHECKS=@OLD_FOREIGN_KEY_CHECKS */;
/*!40014 SET UNIQUE_CHECKS=@OLD_UNIQUE_CHECKS */;
/*!40101 SET CHARACTER_SET_CLIENT=@OLD_CHARACTER_SET_CLIENT */;
/*!40101 SET CHARACTER_SET_RESULTS=@OLD_CHARACTER_SET_RESULTS */;
/*!40101 SET COLLATION_CONNECTION=@OLD_COLLATION_CONNECTION */;
/*!40111 SET SQL_NOTES=@OLD_SQL_NOTES */;

-- Dump completed on 2020-06-26 23:28:10
