-- MySQL dump 10.13  Distrib 8.0.20, for Linux (x86_64)
--
-- Host: localhost    Database: vk
-- ------------------------------------------------------
-- Server version	8.0.20-0ubuntu0.20.04.1

/*!40101 SET @OLD_CHARACTER_SET_CLIENT=@@CHARACTER_SET_CLIENT */;
/*!40101 SET @OLD_CHARACTER_SET_RESULTS=@@CHARACTER_SET_RESULTS */;
/*!40101 SET @OLD_COLLATION_CONNECTION=@@COLLATION_CONNECTION */;
/*!50503 SET NAMES utf8mb4 */;
/*!40103 SET @OLD_TIME_ZONE=@@TIME_ZONE */;
/*!40103 SET TIME_ZONE='+00:00' */;
/*!40014 SET @OLD_UNIQUE_CHECKS=@@UNIQUE_CHECKS, UNIQUE_CHECKS=0 */;
/*!40014 SET @OLD_FOREIGN_KEY_CHECKS=@@FOREIGN_KEY_CHECKS, FOREIGN_KEY_CHECKS=0 */;
/*!40101 SET @OLD_SQL_MODE=@@SQL_MODE, SQL_MODE='NO_AUTO_VALUE_ON_ZERO' */;
/*!40111 SET @OLD_SQL_NOTES=@@SQL_NOTES, SQL_NOTES=0 */;

--
-- Table structure for table `communities`
--

DROP TABLE IF EXISTS `communities`;
/*!40101 SET @saved_cs_client     = @@character_set_client */;
/*!50503 SET character_set_client = utf8mb4 */;
CREATE TABLE `communities` (
  `id` int unsigned NOT NULL AUTO_INCREMENT COMMENT 'Идентификатор сроки',
  `name` varchar(150) CHARACTER SET utf8 COLLATE utf8_unicode_ci NOT NULL COMMENT 'Название группы',
  `created_at` datetime DEFAULT CURRENT_TIMESTAMP COMMENT 'Время создания строки',
  `updated_at` datetime DEFAULT CURRENT_TIMESTAMP ON UPDATE CURRENT_TIMESTAMP COMMENT 'Время обновления строки',
  PRIMARY KEY (`id`),
  UNIQUE KEY `name` (`name`)
) ENGINE=InnoDB AUTO_INCREMENT=11 DEFAULT CHARSET=utf8 COLLATE=utf8_unicode_ci COMMENT='Группы';
/*!40101 SET character_set_client = @saved_cs_client */;

--
-- Dumping data for table `communities`
--

LOCK TABLES `communities` WRITE;
/*!40000 ALTER TABLE `communities` DISABLE KEYS */;
INSERT INTO `communities` VALUES (1,'quo','2018-05-19 21:17:23','2013-01-13 23:53:11'),(2,'perspiciatis','1991-07-26 09:30:26','1999-02-24 22:53:40'),(3,'eveniet','2015-06-25 23:12:43','1988-06-16 08:15:23'),(4,'aut','2003-08-29 06:00:37','1997-10-19 09:01:31'),(5,'eum','2013-06-23 03:56:04','1984-07-04 12:10:20'),(6,'magni','1970-06-20 13:33:15','2016-05-31 15:19:03'),(7,'vel','1995-10-10 01:53:45','2002-06-28 01:05:43'),(8,'ducimus','1989-11-24 13:13:28','1995-01-27 15:49:56'),(9,'libero','1972-11-15 05:03:00','1979-04-07 12:41:16'),(10,'qui','1972-01-14 09:39:34','2011-03-16 11:48:48');
/*!40000 ALTER TABLE `communities` ENABLE KEYS */;
UNLOCK TABLES;

--
-- Table structure for table `communities_users`
--

DROP TABLE IF EXISTS `communities_users`;
/*!40101 SET @saved_cs_client     = @@character_set_client */;
/*!50503 SET character_set_client = utf8mb4 */;
CREATE TABLE `communities_users` (
  `community_id` int unsigned NOT NULL COMMENT 'Ссылка на группу',
  `user_id` int unsigned NOT NULL COMMENT 'Ссылка на пользователя',
  `created_at` datetime DEFAULT CURRENT_TIMESTAMP COMMENT 'Время создания строки',
  PRIMARY KEY (`community_id`,`user_id`) COMMENT 'Составной первичный ключ'
) ENGINE=InnoDB DEFAULT CHARSET=utf8 COLLATE=utf8_unicode_ci COMMENT='Участники групп, связь между пользователями и группами';
/*!40101 SET character_set_client = @saved_cs_client */;

--
-- Dumping data for table `communities_users`
--

LOCK TABLES `communities_users` WRITE;
/*!40000 ALTER TABLE `communities_users` DISABLE KEYS */;
INSERT INTO `communities_users` VALUES (1,1,'2003-08-25 21:11:44'),(1,11,'2014-06-25 02:48:30'),(1,21,'1981-09-21 01:46:18'),(1,31,'1997-04-18 09:16:18'),(1,41,'1975-09-09 03:20:34'),(1,51,'1982-03-23 20:50:17'),(1,61,'1993-08-28 04:07:09'),(1,71,'1995-06-16 07:29:00'),(1,81,'1996-02-25 08:12:15'),(1,91,'2011-04-06 23:56:52'),(2,2,'2000-03-06 11:27:22'),(2,12,'1975-07-29 08:00:41'),(2,22,'1981-06-21 10:36:31'),(2,32,'2000-09-30 00:42:45'),(2,42,'1997-03-12 23:50:21'),(2,52,'2013-03-21 02:48:03'),(2,62,'2000-10-19 20:00:16'),(2,72,'2003-07-10 02:53:03'),(2,82,'1972-12-28 05:12:08'),(2,92,'1985-07-13 09:47:54'),(3,3,'1981-10-19 23:34:44'),(3,13,'2018-12-13 16:33:02'),(3,23,'1972-11-28 22:41:23'),(3,33,'1986-02-28 18:32:01'),(3,43,'1972-09-26 17:51:50'),(3,53,'2013-09-15 03:56:07'),(3,63,'1977-01-28 08:35:32'),(3,73,'2018-01-01 03:29:04'),(3,83,'1971-03-30 00:22:47'),(3,93,'1988-05-29 02:07:23'),(4,4,'1975-05-27 05:58:59'),(4,14,'1994-05-31 15:10:35'),(4,24,'1986-02-16 09:01:19'),(4,34,'1970-01-16 21:13:11'),(4,44,'1994-10-20 22:03:26'),(4,54,'1971-10-22 08:04:50'),(4,64,'1976-02-25 00:21:04'),(4,74,'2000-10-01 14:00:06'),(4,84,'2017-02-23 21:03:04'),(4,94,'2011-05-06 07:34:52'),(5,5,'2016-06-12 17:54:06'),(5,15,'1986-05-07 00:57:39'),(5,25,'1989-08-01 09:15:52'),(5,35,'2002-10-10 21:17:28'),(5,45,'1979-05-24 09:04:24'),(5,55,'1987-05-12 10:33:37'),(5,65,'1976-01-22 11:52:02'),(5,75,'1993-09-23 10:15:40'),(5,85,'1991-02-19 17:28:23'),(5,95,'1981-06-11 14:33:11'),(6,6,'1973-09-19 16:04:45'),(6,16,'2012-10-12 05:10:57'),(6,26,'1971-07-09 17:11:09'),(6,36,'1983-03-08 22:17:32'),(6,46,'1986-12-04 03:30:46'),(6,56,'1994-06-15 22:10:09'),(6,66,'1991-05-04 07:33:42'),(6,76,'2016-03-22 01:04:55'),(6,86,'1995-08-21 08:40:28'),(6,96,'2007-03-18 12:55:27'),(7,7,'2002-11-03 17:05:59'),(7,17,'1989-10-28 01:58:32'),(7,27,'2015-12-03 15:35:22'),(7,37,'2018-06-16 05:49:30'),(7,47,'1984-11-11 10:25:01'),(7,57,'2003-03-25 06:38:05'),(7,67,'2004-02-15 22:48:32'),(7,77,'1987-10-31 05:31:52'),(7,87,'1970-01-04 22:45:39'),(7,97,'1998-04-15 18:19:55'),(8,8,'1979-09-09 05:21:30'),(8,18,'1995-10-11 15:31:46'),(8,28,'2010-12-18 10:40:47'),(8,38,'2005-05-24 00:26:56'),(8,48,'2017-10-16 17:06:46'),(8,58,'1975-08-04 02:42:54'),(8,68,'1982-08-17 17:21:14'),(8,78,'2014-01-07 07:50:17'),(8,88,'1984-04-10 11:57:34'),(8,98,'1979-08-17 11:20:28'),(9,9,'1979-06-15 09:45:53'),(9,19,'2012-03-28 23:39:41'),(9,29,'1976-03-13 09:44:48'),(9,39,'2018-08-19 20:48:18'),(9,49,'1991-08-13 19:35:55'),(9,59,'1973-08-13 12:33:41'),(9,69,'1995-02-21 06:17:44'),(9,79,'2003-06-02 01:19:13'),(9,89,'1999-09-26 09:39:34'),(9,99,'1972-06-16 03:00:24'),(10,10,'2019-05-03 12:17:22'),(10,20,'1990-10-12 00:44:52'),(10,30,'1991-06-03 03:58:18'),(10,40,'2012-04-03 19:49:23'),(10,50,'1970-07-19 12:07:12'),(10,60,'2000-12-06 04:59:41'),(10,70,'2007-12-08 16:12:07'),(10,80,'1988-04-15 13:56:30'),(10,90,'1981-11-09 00:44:56'),(10,100,'1974-01-09 06:42:10');
/*!40000 ALTER TABLE `communities_users` ENABLE KEYS */;
UNLOCK TABLES;

--
-- Table structure for table `document_types`
--

DROP TABLE IF EXISTS `document_types`;
/*!40101 SET @saved_cs_client     = @@character_set_client */;
/*!50503 SET character_set_client = utf8mb4 */;
CREATE TABLE `document_types` (
  `id` int unsigned NOT NULL AUTO_INCREMENT COMMENT 'Идентификатор строки',
  `name` varchar(255) CHARACTER SET utf8 COLLATE utf8_unicode_ci NOT NULL COMMENT 'Название типа',
  `created_at` datetime DEFAULT CURRENT_TIMESTAMP COMMENT 'Время создания строки',
  `updated_at` datetime DEFAULT CURRENT_TIMESTAMP ON UPDATE CURRENT_TIMESTAMP COMMENT 'Время обновления строки',
  PRIMARY KEY (`id`),
  UNIQUE KEY `name` (`name`)
) ENGINE=InnoDB AUTO_INCREMENT=8 DEFAULT CHARSET=utf8 COLLATE=utf8_unicode_ci COMMENT='Типы файлов';
/*!40101 SET character_set_client = @saved_cs_client */;

--
-- Dumping data for table `document_types`
--

LOCK TABLES `document_types` WRITE;
/*!40000 ALTER TABLE `document_types` DISABLE KEYS */;
INSERT INTO `document_types` VALUES (1,'zip','2019-04-22 11:41:59','2015-04-21 10:17:11'),(2,'djvu','2003-12-16 23:35:49','1977-01-17 18:04:50'),(3,'xls','2011-03-02 16:11:32','2010-05-09 05:55:39'),(4,'rar','2000-07-02 22:01:05','1999-05-17 13:37:15'),(5,'odt','2004-07-23 13:31:58','2013-01-09 13:00:11'),(6,'pdf','2018-09-29 02:53:44','2010-02-02 00:34:26'),(7,'doc','2006-04-08 02:22:36','1990-06-25 13:14:56');
/*!40000 ALTER TABLE `document_types` ENABLE KEYS */;
UNLOCK TABLES;

--
-- Table structure for table `documents`
--

DROP TABLE IF EXISTS `documents`;
/*!40101 SET @saved_cs_client     = @@character_set_client */;
/*!50503 SET character_set_client = utf8mb4 */;
CREATE TABLE `documents` (
  `id` int unsigned NOT NULL AUTO_INCREMENT COMMENT 'Идентификатор строки',
  `user_id` int unsigned NOT NULL COMMENT 'Ссылка на пользователя, который загрузил файл',
  `name` varchar(255) CHARACTER SET utf8 COLLATE utf8_unicode_ci NOT NULL COMMENT 'Название документа',
  `document_type_id` int unsigned NOT NULL COMMENT 'Ссылка на тип документа',
  `created_at` datetime DEFAULT CURRENT_TIMESTAMP COMMENT 'Время создания строки',
  `updated_at` datetime DEFAULT CURRENT_TIMESTAMP ON UPDATE CURRENT_TIMESTAMP COMMENT 'Время обновления строки',
  PRIMARY KEY (`id`),
  UNIQUE KEY `name` (`name`)
) ENGINE=InnoDB AUTO_INCREMENT=101 DEFAULT CHARSET=utf8 COLLATE=utf8_unicode_ci COMMENT='Файлы';
/*!40101 SET character_set_client = @saved_cs_client */;

--
-- Dumping data for table `documents`
--

LOCK TABLES `documents` WRITE;
/*!40000 ALTER TABLE `documents` DISABLE KEYS */;
INSERT INTO `documents` VALUES (1,30,'non',1,'1991-11-18 15:13:08','1977-12-29 23:21:51'),(2,25,'et',2,'2006-01-29 05:46:11','1976-06-18 20:11:22'),(3,57,'optio',3,'1986-01-11 05:36:44','2000-02-03 03:16:07'),(4,56,'illo',4,'1970-01-08 09:10:10','2009-02-03 00:32:21'),(5,28,'voluptas',5,'1990-01-23 05:22:26','1975-09-18 04:50:43'),(6,13,'ut',6,'1997-08-06 07:52:44','1997-08-15 16:20:28'),(7,37,'sed',7,'1987-10-14 09:58:56','2016-09-29 18:25:22'),(8,19,'quidem',1,'1974-04-08 16:54:33','1987-06-06 13:24:45'),(9,24,'illum',2,'2011-01-07 06:51:23','1986-10-11 13:21:27'),(10,79,'inventore',3,'2009-12-31 00:26:51','1979-10-17 11:11:19'),(11,34,'tenetur',4,'1982-11-26 01:52:53','1989-02-07 20:14:46'),(12,29,'possimus',5,'2013-09-27 03:20:04','1989-01-10 17:52:13'),(13,65,'odio',6,'1976-10-03 23:12:41','1992-06-01 11:27:50'),(14,44,'libero',7,'1971-06-14 17:00:14','2020-02-18 10:48:48'),(15,64,'exercitationem',1,'1999-12-24 00:27:22','1976-05-17 17:03:52'),(16,77,'eligendi',2,'2003-09-25 23:44:42','2008-11-24 23:08:58'),(17,76,'laboriosam',3,'2018-08-15 10:01:15','1978-06-21 09:11:26'),(18,46,'earum',4,'2004-04-14 23:10:37','2018-06-16 02:37:21'),(19,87,'accusamus',5,'1982-08-23 07:59:40','2011-01-01 08:54:09'),(20,53,'velit',6,'1970-04-09 14:40:22','2000-11-20 06:05:19'),(21,10,'nostrum',7,'1978-01-22 16:58:45','2007-03-14 03:26:23'),(22,9,'dicta',1,'1990-03-28 03:06:28','1983-08-03 22:45:15'),(23,75,'quibusdam',2,'1995-02-18 16:44:58','2010-02-15 20:00:09'),(24,27,'doloribus',3,'1971-05-18 17:16:10','1985-06-30 16:48:44'),(25,5,'hic',4,'1986-06-30 12:57:51','2017-02-11 00:25:07'),(26,15,'neque',5,'1977-05-30 12:00:12','1980-04-21 22:36:13'),(27,62,'rerum',6,'2004-12-18 17:26:43','1985-03-07 06:45:28'),(28,88,'natus',7,'1993-10-28 16:34:20','1986-08-13 18:50:42'),(29,90,'placeat',1,'1997-01-12 08:18:37','1971-12-23 22:56:53'),(30,94,'quam',2,'2003-04-13 20:17:03','1976-09-05 22:18:42'),(31,55,'dolor',3,'2013-10-27 05:26:18','1986-01-18 18:26:29'),(32,7,'consequatur',4,'1986-08-06 14:32:45','1989-03-08 17:35:29'),(33,26,'in',5,'2017-06-06 09:11:13','2015-12-10 13:57:00'),(34,92,'iusto',6,'1997-08-16 20:37:26','1970-07-18 16:15:02'),(35,39,'id',7,'2007-02-19 12:24:49','2003-08-20 12:55:44'),(36,84,'sint',1,'1985-01-05 11:16:39','1972-04-28 21:46:31'),(37,68,'aliquid',2,'1995-04-21 11:45:01','2001-05-17 17:26:00'),(38,83,'amet',3,'1999-10-09 13:54:51','1983-03-19 05:11:43'),(39,86,'autem',4,'1986-08-27 13:32:29','2003-12-08 06:15:41'),(40,8,'aut',5,'2008-05-21 14:25:45','1998-04-17 16:27:43'),(41,91,'dolores',6,'1971-08-09 13:43:48','1980-02-09 08:55:02'),(42,32,'quos',7,'1995-10-29 10:20:04','1982-10-29 10:30:25'),(43,52,'ad',1,'1987-11-19 10:05:11','1998-12-01 00:09:05'),(44,4,'quia',2,'1982-11-14 10:19:42','1982-11-05 06:00:05'),(45,45,'sunt',3,'1973-02-15 12:36:34','1972-12-22 06:35:32'),(46,66,'ipsum',4,'2004-08-24 04:27:52','1988-12-06 20:40:06'),(47,50,'beatae',5,'1998-02-07 10:01:44','1996-12-18 17:02:05'),(48,97,'nihil',6,'1970-12-06 15:35:02','1974-09-23 07:06:23'),(49,51,'excepturi',7,'1998-10-22 04:56:42','1970-07-06 02:06:41'),(50,47,'nam',1,'1985-09-09 06:08:03','1980-08-21 21:44:02'),(51,59,'ea',2,'1971-10-01 04:13:03','1973-01-08 02:56:36'),(52,67,'fugit',3,'1996-11-11 03:24:23','1991-03-06 19:25:10'),(53,23,'eos',4,'2013-06-21 17:36:53','1975-01-31 18:57:35'),(54,31,'nisi',5,'1972-05-03 18:38:15','2018-08-31 21:54:13'),(55,58,'quis',6,'1984-09-28 17:57:07','2010-09-27 16:38:37'),(56,85,'at',7,'1995-08-03 13:47:30','2018-12-19 00:40:00'),(57,20,'saepe',1,'1999-09-19 14:41:54','2002-09-02 08:20:01'),(58,33,'error',2,'1973-08-26 08:53:15','2011-03-12 02:26:16'),(59,69,'laudantium',3,'1989-11-28 15:31:08','1979-02-14 06:39:28'),(60,100,'omnis',4,'1992-08-05 07:14:27','1993-09-13 06:29:31'),(61,16,'debitis',5,'1989-01-01 09:03:39','2011-06-19 00:08:38'),(62,3,'facere',6,'1975-07-29 00:15:32','1995-04-27 01:32:33'),(63,80,'suscipit',7,'1971-09-27 16:54:01','1970-09-12 13:58:03'),(64,82,'corporis',1,'2012-12-07 10:05:13','1994-05-05 07:35:31'),(65,21,'labore',2,'2005-10-27 23:08:02','1994-08-16 20:56:23'),(66,61,'molestias',3,'2002-03-08 11:36:06','1998-07-14 13:06:04'),(67,2,'doloremque',4,'1978-02-08 17:41:21','1970-08-09 21:34:38'),(68,11,'modi',5,'2002-07-30 16:54:18','1987-12-14 23:07:26'),(69,71,'sit',6,'2017-02-06 08:59:14','1983-05-14 13:26:30'),(70,99,'repellendus',7,'1976-10-21 05:55:16','2016-03-12 12:35:25'),(71,41,'expedita',1,'1974-11-19 23:13:23','2012-01-07 21:53:41'),(72,12,'consequuntur',2,'1992-07-01 06:40:44','2007-08-01 05:11:46'),(73,48,'minima',3,'1972-06-09 10:52:50','1997-03-07 13:13:54'),(74,70,'maiores',4,'1985-05-21 08:55:06','1999-12-19 09:21:32'),(75,98,'repudiandae',5,'2011-03-23 17:42:28','1988-09-09 16:19:58'),(76,40,'explicabo',6,'1985-08-22 11:28:28','1971-12-29 13:19:14'),(77,89,'perspiciatis',7,'1992-05-17 02:01:25','2001-03-31 08:03:13'),(78,18,'ratione',1,'1975-03-02 11:02:18','1988-12-01 07:27:20'),(79,6,'unde',2,'2015-12-13 05:32:10','1972-05-09 01:07:29'),(80,93,'vel',3,'2012-05-08 22:31:01','1994-08-06 21:06:02'),(81,63,'eum',4,'1998-05-06 13:01:00','1994-02-22 16:00:30'),(82,81,'voluptatem',5,'1993-08-23 07:35:12','1997-11-13 03:12:41'),(83,36,'nulla',6,'2000-09-02 21:12:51','1973-07-11 20:51:58'),(84,73,'sapiente',7,'1978-03-21 03:45:46','1999-02-14 14:33:18'),(85,42,'dignissimos',1,'2005-09-24 16:23:08','2014-05-03 05:37:23'),(86,60,'aliquam',2,'1970-05-31 11:08:43','2008-03-27 04:25:13'),(87,78,'enim',3,'2003-10-07 17:44:19','2014-06-07 07:19:06'),(88,96,'reiciendis',4,'1995-10-22 17:15:10','1977-09-03 21:58:17'),(89,49,'molestiae',5,'1987-12-05 11:29:48','2013-02-01 22:58:47'),(90,17,'cupiditate',6,'1994-01-20 07:43:59','1992-09-26 17:57:54'),(91,14,'delectus',7,'1980-04-14 21:30:08','2012-03-15 03:26:58'),(92,22,'eius',1,'1987-12-22 18:11:13','2005-06-01 10:00:35'),(93,72,'quo',2,'2010-08-08 22:27:15','2008-01-26 04:00:21'),(94,74,'nemo',3,'2008-08-20 01:47:32','1999-02-27 04:52:39'),(95,38,'mollitia',4,'2007-10-03 15:23:08','2011-12-20 05:23:05'),(96,35,'nesciunt',5,'1988-10-06 07:39:40','2010-11-19 19:28:06'),(97,1,'impedit',6,'1983-02-09 20:12:29','1990-05-15 16:18:18'),(98,43,'perferendis',7,'2011-05-12 03:08:17','2001-10-22 12:53:43'),(99,54,'ducimus',1,'1973-05-22 22:15:19','1979-03-26 14:52:24'),(100,95,'sequi',2,'1995-12-30 07:28:21','1982-05-03 09:42:59');
/*!40000 ALTER TABLE `documents` ENABLE KEYS */;
UNLOCK TABLES;

--
-- Table structure for table `friendship`
--

DROP TABLE IF EXISTS `friendship`;
/*!40101 SET @saved_cs_client     = @@character_set_client */;
/*!50503 SET character_set_client = utf8mb4 */;
CREATE TABLE `friendship` (
  `user_id` int unsigned NOT NULL COMMENT 'Ссылка на инициатора дружеских отношений',
  `friend_id` int unsigned NOT NULL COMMENT 'Ссылка на получателя приглашения дружить',
  `status_id` int unsigned NOT NULL COMMENT 'Ссылка на статус (текущее состояние) отношений',
  `requested_at` datetime DEFAULT CURRENT_TIMESTAMP COMMENT 'Время отправления приглашения дружить',
  `confirmed_at` datetime DEFAULT NULL COMMENT 'Время подтверждения приглашения',
  `created_at` datetime DEFAULT CURRENT_TIMESTAMP COMMENT 'Время создания строки',
  `updated_at` datetime DEFAULT CURRENT_TIMESTAMP ON UPDATE CURRENT_TIMESTAMP COMMENT 'Время обновления строки',
  PRIMARY KEY (`user_id`,`friend_id`) COMMENT 'Составной первичный ключ'
) ENGINE=InnoDB DEFAULT CHARSET=utf8 COLLATE=utf8_unicode_ci COMMENT='Таблица дружбы';
/*!40101 SET character_set_client = @saved_cs_client */;

--
-- Dumping data for table `friendship`
--

LOCK TABLES `friendship` WRITE;
/*!40000 ALTER TABLE `friendship` DISABLE KEYS */;
INSERT INTO `friendship` VALUES (1,50,1,'2007-11-18 12:39:12','2003-05-23 23:28:59','1996-05-10 17:46:59','2010-07-15 01:17:07'),(2,20,2,'1982-02-24 23:01:59','2005-06-15 03:04:22','1988-11-20 16:59:30','1985-06-29 22:26:09'),(3,84,1,'2018-09-15 03:14:28','1994-10-12 18:29:21','1991-09-13 02:11:33','1970-02-28 16:39:01'),(4,13,2,'1994-03-08 16:47:30','1998-02-07 11:52:42','1976-10-11 22:21:06','1980-04-18 11:40:42'),(5,23,1,'1973-02-08 18:53:27','1976-11-05 03:26:12','1998-08-24 05:25:10','1973-09-30 00:50:56'),(6,40,2,'2011-05-23 12:00:58','1993-07-21 07:10:16','1999-01-21 01:56:41','2011-01-19 05:40:11'),(7,94,1,'1970-11-05 08:04:53','2008-11-26 20:03:07','2015-08-08 20:37:01','2014-10-16 04:41:22'),(8,73,2,'1974-06-13 02:25:27','1997-07-21 01:43:00','2009-02-07 15:50:31','2007-12-13 09:23:28'),(9,69,1,'2007-04-04 16:54:09','2009-11-17 12:48:51','2014-09-30 13:21:36','1986-07-29 12:46:19'),(10,18,2,'2009-05-20 05:59:20','1993-10-08 23:11:57','1978-11-10 14:05:44','2010-04-08 23:50:54'),(11,96,1,'2012-08-04 01:24:26','2009-10-28 07:52:47','1971-10-20 10:53:58','2005-01-07 13:01:14'),(12,95,2,'1987-12-19 17:20:44','1982-05-26 07:47:04','1984-06-10 23:43:40','1978-12-18 07:42:09'),(13,77,1,'2007-03-26 09:12:41','1986-01-11 18:26:08','1975-10-02 22:31:49','2002-09-08 16:50:52'),(14,81,2,'2006-06-21 12:33:02','1972-07-25 03:28:26','1993-04-09 14:02:52','2003-06-26 03:32:48'),(15,53,1,'1979-12-13 16:10:27','1984-07-23 15:58:07','2001-06-16 08:34:38','1985-02-26 03:05:46'),(16,10,2,'2013-02-28 11:10:08','2017-04-14 02:23:22','2003-10-30 13:59:29','1970-03-20 10:58:56'),(17,46,1,'1993-06-29 22:42:11','1985-04-27 04:29:55','2014-01-14 06:47:38','1979-12-01 22:47:33'),(18,88,2,'1997-09-24 20:54:28','2013-10-06 11:03:06','1974-10-27 23:27:35','1999-11-05 21:24:48'),(19,62,1,'1978-08-26 11:32:06','1989-02-04 18:20:07','2003-02-17 18:26:53','1987-06-03 01:36:42'),(20,54,2,'1994-01-17 14:07:32','1994-03-21 07:43:10','1991-09-12 17:37:07','1982-05-19 22:14:11'),(21,5,1,'2016-04-21 12:14:56','1970-06-07 13:31:33','2005-06-18 04:32:23','1994-04-13 02:24:48'),(22,66,2,'1970-06-13 12:11:24','1987-05-18 06:21:57','1971-11-03 06:08:13','2009-11-17 12:22:09'),(23,45,1,'2016-12-26 08:53:32','1996-07-25 12:32:22','1990-03-23 22:59:07','1999-10-21 03:59:14'),(24,72,2,'2000-12-18 16:46:51','1987-03-13 08:21:26','1983-12-25 00:00:14','2013-06-12 07:45:23'),(25,92,1,'2014-11-28 05:04:59','2000-11-26 23:52:28','1986-11-20 22:41:06','1999-09-14 20:26:11'),(26,61,2,'1985-04-14 21:15:28','1980-01-31 11:28:51','1979-12-26 07:22:54','1996-03-05 09:27:56'),(27,90,1,'2013-10-01 16:01:05','2006-09-21 12:42:16','2010-12-20 23:09:51','1992-05-07 15:23:31'),(28,33,2,'1997-10-27 14:56:14','1970-08-09 09:11:10','2012-01-12 03:47:41','1988-08-25 14:57:06'),(29,98,1,'1980-02-18 21:19:47','2019-09-09 04:28:36','2013-05-23 04:14:46','2002-10-13 20:10:22'),(30,31,2,'2014-08-30 17:24:50','1978-08-16 03:31:33','1979-09-17 19:49:50','1973-08-20 15:23:19'),(31,14,1,'1982-08-22 06:16:53','1979-07-02 16:29:52','2015-02-27 14:55:50','2019-09-19 18:09:36'),(32,58,2,'2015-05-24 01:12:17','1994-10-31 09:59:24','1997-06-09 11:46:09','1976-09-05 22:17:05'),(33,15,1,'1997-05-13 12:53:12','1979-05-24 21:46:56','2000-12-12 06:20:59','2001-03-17 14:26:20'),(34,11,2,'2006-05-12 05:16:28','1984-05-31 03:27:11','1976-03-11 16:36:17','2006-10-05 14:19:53'),(35,83,1,'2011-12-17 13:15:22','2005-01-26 02:00:41','2004-01-29 21:45:06','1993-10-15 21:41:25'),(36,56,2,'1975-08-18 15:57:13','1987-09-22 04:52:21','1976-07-27 11:35:40','2004-12-28 21:53:16'),(37,85,1,'1979-08-12 05:26:10','1987-09-01 10:38:37','1992-05-02 19:50:41','1982-12-27 13:28:21'),(38,38,2,'1973-04-14 01:08:13','2000-05-10 06:21:07','1985-02-21 04:50:32','1994-07-27 13:27:52'),(39,2,1,'1972-05-28 23:01:25','2013-02-14 02:15:55','1995-02-14 13:19:32','1972-07-26 11:42:56'),(40,51,2,'1972-09-25 18:56:06','1998-06-27 05:14:02','2016-12-14 06:38:45','2012-08-20 11:17:28'),(41,57,1,'2001-02-01 12:32:34','1989-07-02 21:36:51','1991-05-14 07:09:03','1970-11-28 16:08:58'),(42,9,2,'1995-03-25 10:59:21','2020-06-04 22:26:12','1977-12-29 19:42:13','2014-04-04 09:49:50'),(43,26,1,'1992-09-14 07:40:19','2002-06-12 09:37:28','1999-12-29 23:18:29','2016-08-17 12:34:41'),(44,89,2,'1985-07-13 04:37:20','2010-01-14 02:04:12','2009-07-02 17:01:06','1988-12-04 07:03:48'),(45,86,1,'2016-03-04 12:52:19','1987-02-15 14:50:40','1972-03-06 22:42:26','2006-05-05 21:20:54'),(46,27,2,'2017-06-10 07:50:57','1974-04-12 13:04:36','2008-05-20 05:40:26','2006-09-18 14:21:38'),(47,32,1,'1983-07-06 08:01:35','1981-09-17 12:15:38','1987-02-05 16:18:03','1972-05-04 22:58:51'),(48,47,2,'1993-04-06 10:30:20','1996-04-21 06:21:30','2007-07-09 09:54:57','1980-03-18 18:58:37'),(49,49,1,'1974-07-20 18:19:24','1977-07-19 01:48:14','1993-01-28 12:44:54','2015-09-18 16:06:25'),(50,100,2,'1987-03-21 21:58:58','2010-03-16 03:39:00','1991-10-19 21:16:49','1999-03-15 15:39:08'),(51,25,1,'1970-07-05 16:36:23','1982-08-16 02:26:51','2012-06-17 14:18:20','2001-10-20 13:37:12'),(52,97,2,'1995-04-27 15:29:54','1996-05-16 09:03:33','2003-09-21 01:48:42','2004-06-16 05:22:12'),(53,44,1,'2018-11-24 17:56:15','2013-09-14 22:45:25','1984-05-26 20:23:13','2011-01-09 04:28:32'),(54,67,2,'1977-01-03 20:10:16','2017-09-03 21:42:11','1997-07-08 21:09:50','2008-11-24 21:55:40'),(55,3,1,'1978-06-20 11:56:56','1993-02-04 08:28:07','1983-04-09 12:55:43','1976-01-17 06:13:42'),(56,78,2,'2019-06-19 02:41:00','1983-09-30 04:51:11','2006-03-27 21:30:40','1981-11-28 14:42:04'),(57,37,1,'2000-08-24 03:00:18','1995-11-16 13:03:29','1997-12-31 07:48:56','2016-04-02 07:28:36'),(58,29,2,'2006-02-17 16:09:03','2017-07-27 17:27:21','1984-07-03 09:13:29','2016-01-24 14:25:13'),(59,60,1,'2012-03-09 15:36:19','1992-12-09 11:22:23','2018-03-26 07:12:33','1979-05-23 02:11:44'),(60,17,2,'2007-03-18 15:43:30','2014-09-04 21:12:30','1982-10-20 11:47:09','1992-06-02 16:28:51'),(61,80,1,'1981-12-07 17:44:12','1970-07-03 23:22:23','1996-10-18 07:11:10','1990-07-21 06:05:40'),(62,75,2,'1989-06-27 19:55:03','2000-03-06 09:31:02','1971-05-06 18:38:59','2006-01-03 22:32:42'),(63,35,1,'1988-11-22 20:42:59','1983-05-17 01:18:28','1997-11-05 02:54:22','1987-05-10 05:45:03'),(64,70,2,'1996-02-18 18:36:01','1992-02-15 06:11:50','2019-09-01 17:12:54','1978-05-01 05:22:46'),(65,8,1,'2000-02-15 19:53:21','1989-12-03 18:25:39','1982-09-25 10:27:14','2018-11-30 04:12:05'),(66,91,2,'2001-01-08 13:59:53','1990-10-17 05:40:45','2019-06-14 09:32:31','1994-05-08 00:54:20'),(67,39,1,'2016-02-22 19:20:19','2020-04-30 16:54:16','2002-02-01 13:45:36','2017-09-23 16:16:09'),(68,12,2,'2013-01-09 05:40:41','2004-10-10 09:22:51','2018-11-02 23:16:55','1972-02-04 17:10:25'),(69,41,1,'1987-02-20 23:52:26','1990-12-07 09:28:02','1991-01-14 04:06:16','1971-08-18 07:21:58'),(70,99,2,'1990-05-26 04:05:24','2002-06-24 22:42:11','1989-02-19 07:57:57','1998-11-13 13:52:10'),(71,87,1,'1984-01-13 09:04:43','2009-08-10 12:24:44','1998-05-18 17:33:56','1984-02-26 09:47:08'),(72,1,2,'1975-10-17 15:49:28','2018-11-29 13:54:04','1998-10-26 12:51:32','1997-07-24 23:38:01'),(73,21,1,'2007-10-20 00:18:28','2004-05-30 00:03:36','2011-08-12 15:01:40','1973-12-06 20:07:33'),(74,76,2,'1983-06-12 22:42:31','1992-03-26 21:07:30','1995-04-12 18:01:05','2010-07-06 10:03:17'),(75,43,1,'2011-04-27 23:32:31','1970-04-14 10:08:36','2015-09-23 18:27:45','2007-09-14 08:20:25'),(76,93,2,'1989-03-11 19:27:08','1989-05-24 08:30:20','1979-02-12 15:22:26','1975-02-08 18:29:15'),(77,65,1,'1972-01-31 12:04:31','1978-01-04 10:46:37','2020-01-08 00:29:23','1976-08-16 09:26:17'),(78,30,2,'1978-06-02 00:47:34','1983-06-18 11:45:54','1997-10-26 06:10:06','2011-05-08 07:34:20'),(79,19,1,'1991-12-19 18:52:50','1980-07-31 00:02:30','1991-03-19 18:47:05','1996-07-28 01:17:18'),(80,4,2,'2000-04-24 15:51:50','1988-05-03 09:32:19','1971-06-15 19:00:25','2007-04-12 08:27:47'),(81,55,1,'2010-08-02 11:32:58','1970-04-22 00:00:15','1976-08-28 19:12:35','1982-03-12 19:36:10'),(82,63,2,'2006-09-20 07:05:47','1990-12-19 19:17:28','2003-01-03 14:30:50','1995-01-12 13:03:44'),(83,28,1,'1994-09-27 03:00:50','1979-11-29 23:29:22','2005-12-14 17:17:57','1998-05-02 04:42:05'),(84,74,2,'1989-09-30 04:07:33','1997-09-26 14:08:45','1974-03-11 13:32:56','2007-02-01 02:16:17'),(85,64,1,'2011-06-21 20:21:54','2009-04-15 21:50:36','1989-01-06 15:53:51','2006-02-23 08:18:08'),(86,22,2,'2020-04-24 13:57:56','2003-01-27 02:15:48','1996-10-05 17:54:09','2012-12-16 20:36:42'),(87,82,1,'1974-05-14 19:49:08','1993-09-14 14:17:12','1979-06-10 21:28:58','1972-07-04 07:59:12'),(88,52,2,'1993-02-21 09:25:55','2017-11-13 18:00:01','1974-07-12 15:06:47','2020-05-12 01:33:39'),(89,16,1,'1990-07-04 14:36:20','1980-07-14 17:09:03','2000-01-18 00:25:40','1982-10-31 19:06:28'),(90,36,2,'1987-06-19 19:35:51','1976-07-04 01:48:20','2003-04-13 18:51:08','1978-09-02 10:56:03'),(91,6,1,'2015-10-20 20:28:02','2013-04-19 05:01:34','2015-07-18 07:53:03','2008-06-16 12:50:19'),(92,34,2,'2019-01-20 13:01:12','1977-03-08 22:59:22','2007-01-28 22:14:25','2012-10-11 09:07:20'),(93,24,1,'2002-03-07 13:58:07','2007-09-26 23:50:59','1992-06-01 20:14:55','2012-12-06 04:42:27'),(94,7,2,'1985-05-07 15:40:38','2017-03-22 03:48:08','1974-03-06 07:29:40','1999-11-22 21:45:43'),(95,71,1,'1995-12-30 10:50:52','1973-04-04 01:53:55','1994-05-07 20:44:30','2003-08-20 12:14:55'),(96,79,2,'1988-09-05 22:15:55','1981-03-15 00:42:39','1997-12-08 23:29:20','1972-01-06 06:15:25'),(97,42,1,'2003-12-29 00:34:19','2017-04-14 08:14:37','1995-02-28 20:39:22','1975-01-05 21:35:57'),(98,68,2,'1982-01-28 19:53:08','2013-02-15 09:01:45','2012-07-08 04:20:41','1987-06-27 03:18:14'),(99,48,1,'2018-11-27 05:13:59','2015-10-22 18:17:38','1997-12-06 20:59:12','2003-08-08 09:22:23'),(100,59,2,'1985-03-18 08:02:01','1994-04-08 06:09:44','1989-05-25 02:10:09','1974-06-09 03:08:37');
/*!40000 ALTER TABLE `friendship` ENABLE KEYS */;
UNLOCK TABLES;

--
-- Table structure for table `friendship_statuses`
--

DROP TABLE IF EXISTS `friendship_statuses`;
/*!40101 SET @saved_cs_client     = @@character_set_client */;
/*!50503 SET character_set_client = utf8mb4 */;
CREATE TABLE `friendship_statuses` (
  `id` int unsigned NOT NULL AUTO_INCREMENT COMMENT 'Идентификатор строки',
  `name` varchar(150) CHARACTER SET utf8 COLLATE utf8_unicode_ci NOT NULL COMMENT 'Название статуса',
  `created_at` datetime DEFAULT CURRENT_TIMESTAMP COMMENT 'Время создания строки',
  `updated_at` datetime DEFAULT CURRENT_TIMESTAMP ON UPDATE CURRENT_TIMESTAMP COMMENT 'Время обновления строки',
  PRIMARY KEY (`id`),
  UNIQUE KEY `name` (`name`)
) ENGINE=InnoDB AUTO_INCREMENT=3 DEFAULT CHARSET=utf8 COLLATE=utf8_unicode_ci COMMENT='Статусы дружбы';
/*!40101 SET character_set_client = @saved_cs_client */;

--
-- Dumping data for table `friendship_statuses`
--

LOCK TABLES `friendship_statuses` WRITE;
/*!40000 ALTER TABLE `friendship_statuses` DISABLE KEYS */;
INSERT INTO `friendship_statuses` VALUES (1,'Friend','1997-03-21 07:15:46','1998-12-15 17:15:15'),(2,'Unknown','2002-07-03 23:21:34','2014-01-12 10:18:49');
/*!40000 ALTER TABLE `friendship_statuses` ENABLE KEYS */;
UNLOCK TABLES;

--
-- Table structure for table `media`
--

DROP TABLE IF EXISTS `media`;
/*!40101 SET @saved_cs_client     = @@character_set_client */;
/*!50503 SET character_set_client = utf8mb4 */;
CREATE TABLE `media` (
  `id` int unsigned NOT NULL AUTO_INCREMENT COMMENT 'Идентификатор строки',
  `user_id` int unsigned NOT NULL COMMENT 'Ссылка на пользователя, который загрузил файл',
  `filename` varchar(255) CHARACTER SET utf8 COLLATE utf8_unicode_ci NOT NULL COMMENT 'Путь к файлу',
  `size` int NOT NULL COMMENT 'Размер файла',
  `metadata` longtext CHARACTER SET utf8mb4 COLLATE utf8mb4_bin COMMENT 'Метаданные файла',
  `media_type_id` int unsigned NOT NULL COMMENT 'Ссылка на тип контента',
  `created_at` datetime DEFAULT CURRENT_TIMESTAMP COMMENT 'Время создания строки',
  `updated_at` datetime DEFAULT CURRENT_TIMESTAMP ON UPDATE CURRENT_TIMESTAMP COMMENT 'Время обновления строки',
  PRIMARY KEY (`id`),
  CONSTRAINT `media_chk_1` CHECK (json_valid(`metadata`))
) ENGINE=InnoDB AUTO_INCREMENT=101 DEFAULT CHARSET=utf8 COLLATE=utf8_unicode_ci COMMENT='Медиафайлы';
/*!40101 SET character_set_client = @saved_cs_client */;

--
-- Dumping data for table `media`
--

LOCK TABLES `media` WRITE;
/*!40000 ALTER TABLE `media` DISABLE KEYS */;
INSERT INTO `media` VALUES (1,1,'numquam',5,NULL,1,'1999-09-03 02:14:15','1980-11-08 04:03:18'),(2,2,'atque',9,NULL,2,'2018-10-06 18:06:05','2001-05-01 23:57:54'),(3,3,'error',1,NULL,1,'1976-02-28 20:38:54','2008-11-13 00:12:03'),(4,4,'laborum',10,NULL,2,'1994-07-30 23:57:21','1986-09-10 15:08:22'),(5,5,'vel',7,NULL,1,'2016-12-09 08:56:37','1973-05-08 11:55:00'),(6,6,'non',2,NULL,2,'1983-09-29 02:34:31','1972-12-28 00:17:42'),(7,7,'sapiente',10,NULL,1,'2014-02-13 12:22:47','1982-03-02 07:56:51'),(8,8,'et',6,NULL,2,'2000-03-14 23:40:29','1981-05-07 00:08:01'),(9,9,'quisquam',8,NULL,1,'1984-09-23 13:10:53','1973-03-03 23:10:23'),(10,10,'veritatis',7,NULL,2,'2004-02-20 22:23:49','2009-04-20 05:36:47'),(11,11,'voluptas',1,NULL,1,'1970-03-30 08:05:52','2000-06-01 11:18:58'),(12,12,'quae',1,NULL,2,'1977-07-21 02:31:36','1979-12-02 06:47:12'),(13,13,'numquam',5,NULL,1,'1998-05-02 04:19:59','2018-06-11 04:33:50'),(14,14,'commodi',3,NULL,2,'1975-01-30 14:39:12','2001-05-25 07:40:44'),(15,15,'sed',3,NULL,1,'2008-01-02 07:10:07','2012-07-19 05:42:27'),(16,16,'minima',6,NULL,2,'2016-07-12 02:47:06','1986-04-21 12:07:51'),(17,17,'non',2,NULL,1,'1984-02-14 14:04:36','1996-01-28 11:33:12'),(18,18,'cupiditate',4,NULL,2,'1984-06-03 13:41:58','2019-09-05 05:28:01'),(19,19,'quaerat',4,NULL,1,'2004-05-10 10:53:08','1973-08-29 01:25:18'),(20,20,'ipsa',8,NULL,2,'2020-03-23 12:56:57','2006-05-27 03:10:30'),(21,21,'debitis',6,NULL,1,'1983-10-31 22:43:14','2003-11-16 12:02:57'),(22,22,'non',9,NULL,2,'2019-02-21 18:53:37','1975-01-12 02:27:15'),(23,23,'corrupti',7,NULL,1,'1995-09-16 00:03:47','2019-06-23 06:04:09'),(24,24,'deserunt',2,NULL,2,'2016-04-29 22:16:02','1979-10-30 14:09:45'),(25,25,'sequi',5,NULL,1,'1993-04-30 17:12:47','1973-04-01 05:05:13'),(26,26,'debitis',2,NULL,2,'1971-04-30 12:00:13','1998-04-12 07:15:27'),(27,27,'corporis',4,NULL,1,'2017-03-15 22:13:38','1998-12-21 07:31:17'),(28,28,'mollitia',8,NULL,2,'2003-11-13 00:31:31','1983-07-24 07:21:58'),(29,29,'voluptatem',1,NULL,1,'1987-07-12 02:53:01','2001-11-23 12:56:05'),(30,30,'sed',8,NULL,2,'2019-05-04 15:19:26','1981-05-08 04:01:25'),(31,31,'numquam',7,NULL,1,'2017-04-29 20:21:25','1995-07-14 20:57:31'),(32,32,'dolore',6,NULL,2,'1971-03-23 21:35:33','1977-08-21 10:28:32'),(33,33,'omnis',6,NULL,1,'1974-11-10 01:41:39','2002-05-19 04:35:44'),(34,34,'qui',3,NULL,2,'1983-05-21 00:59:31','2000-02-27 20:32:40'),(35,35,'totam',5,NULL,1,'2009-09-15 08:40:43','1986-04-04 05:41:29'),(36,36,'ea',5,NULL,2,'2001-10-09 14:06:54','2014-01-09 10:56:23'),(37,37,'voluptas',10,NULL,1,'1981-10-20 17:16:57','1973-11-19 11:20:02'),(38,38,'ut',9,NULL,2,'1972-03-27 17:22:54','1978-05-29 20:34:41'),(39,39,'et',10,NULL,1,'1976-04-29 02:26:18','1989-12-12 21:42:40'),(40,40,'sit',3,NULL,2,'1986-05-21 17:23:55','1988-08-30 02:33:33'),(41,41,'qui',7,NULL,1,'1995-06-17 13:35:48','2003-06-25 03:08:47'),(42,42,'iure',9,NULL,2,'2016-05-17 11:05:32','1996-03-15 09:42:05'),(43,43,'et',4,NULL,1,'1981-10-21 21:43:13','1997-08-09 18:52:25'),(44,44,'libero',10,NULL,2,'1994-08-10 05:49:50','1976-06-30 10:15:56'),(45,45,'corrupti',3,NULL,1,'1979-12-24 16:16:29','2000-03-23 15:31:26'),(46,46,'aut',5,NULL,2,'1988-01-15 05:53:06','1998-02-13 17:16:49'),(47,47,'sit',2,NULL,1,'1985-07-24 23:03:40','2005-01-03 06:20:24'),(48,48,'ullam',5,NULL,2,'1981-01-09 10:03:23','2010-10-06 02:48:40'),(49,49,'reprehenderit',6,NULL,1,'2004-01-03 20:16:19','2005-07-21 16:50:05'),(50,50,'beatae',5,NULL,2,'2018-06-29 10:18:08','2005-03-14 16:13:51'),(51,51,'ducimus',3,NULL,1,'1997-06-17 20:45:11','2018-04-02 08:22:32'),(52,52,'dolorem',10,NULL,2,'2017-02-13 22:02:19','2016-10-19 02:24:10'),(53,53,'dolores',9,NULL,1,'1989-09-23 08:24:22','1988-02-16 00:57:26'),(54,54,'et',9,NULL,2,'1995-09-16 02:17:02','1973-11-03 07:16:03'),(55,55,'autem',3,NULL,1,'1992-08-26 21:51:37','1995-01-06 00:13:57'),(56,56,'reprehenderit',3,NULL,2,'1998-06-25 10:12:07','2005-09-13 00:33:40'),(57,57,'pariatur',5,NULL,1,'2012-07-23 12:39:57','1984-11-10 22:03:15'),(58,58,'voluptatem',3,NULL,2,'1993-05-31 01:01:34','2016-12-29 13:27:58'),(59,59,'sed',5,NULL,1,'1994-04-29 08:12:10','2002-10-17 01:35:33'),(60,60,'et',2,NULL,2,'1971-03-17 11:04:50','1981-01-01 20:55:54'),(61,61,'eos',2,NULL,1,'1984-05-21 03:23:45','1983-02-23 10:06:31'),(62,62,'eos',2,NULL,2,'1994-06-26 07:07:10','2015-07-29 05:07:34'),(63,63,'delectus',10,NULL,1,'1986-09-11 00:10:55','1982-10-16 09:19:42'),(64,64,'delectus',1,NULL,2,'1981-12-08 11:47:03','2019-07-06 12:29:36'),(65,65,'velit',1,NULL,1,'2009-12-27 07:57:23','2003-09-25 03:50:02'),(66,66,'optio',2,NULL,2,'2001-10-22 14:31:39','1994-09-15 16:35:51'),(67,67,'asperiores',10,NULL,1,'1970-05-22 14:57:30','1984-07-31 22:45:41'),(68,68,'sint',4,NULL,2,'1992-02-10 19:06:47','2011-10-01 12:59:17'),(69,69,'quod',6,NULL,1,'2009-05-29 23:21:28','2004-04-22 19:42:54'),(70,70,'excepturi',6,NULL,2,'1992-08-07 18:35:33','2000-03-28 17:58:43'),(71,71,'fugiat',7,NULL,1,'1981-03-22 07:16:08','2019-09-08 10:51:08'),(72,72,'aut',7,NULL,2,'1972-04-05 23:13:11','1989-07-17 01:34:56'),(73,73,'ut',10,NULL,1,'2005-11-23 14:24:26','1977-04-19 10:42:47'),(74,74,'officia',9,NULL,2,'2015-03-25 13:09:41','1974-10-08 06:07:10'),(75,75,'cumque',10,NULL,1,'2017-11-17 05:38:18','1983-04-24 05:51:58'),(76,76,'quidem',1,NULL,2,'1996-10-17 02:45:55','1993-10-03 04:50:14'),(77,77,'libero',6,NULL,1,'1991-05-16 23:53:14','1990-04-11 02:30:19'),(78,78,'ab',1,NULL,2,'1980-09-02 18:14:56','2018-09-29 17:58:34'),(79,79,'voluptas',2,NULL,1,'1993-11-23 16:30:25','1990-04-06 15:16:25'),(80,80,'voluptas',4,NULL,2,'1970-11-21 21:24:02','1975-06-06 23:21:04'),(81,81,'voluptas',5,NULL,1,'1997-02-06 00:08:58','1997-03-25 01:15:21'),(82,82,'voluptas',2,NULL,2,'2002-10-02 10:43:23','2014-02-07 19:23:33'),(83,83,'molestiae',1,NULL,1,'1996-07-12 20:35:07','1986-02-06 09:03:42'),(84,84,'aliquid',9,NULL,2,'1987-04-30 02:03:57','2004-06-17 09:56:30'),(85,85,'saepe',3,NULL,1,'1996-04-27 03:42:58','2009-06-27 21:18:59'),(86,86,'eos',9,NULL,2,'2000-12-05 12:58:06','1978-07-26 05:49:50'),(87,87,'excepturi',3,NULL,1,'2016-11-11 11:26:12','2006-12-23 14:56:05'),(88,88,'suscipit',5,NULL,2,'2015-07-21 12:03:20','2002-07-15 00:16:04'),(89,89,'dolore',9,NULL,1,'1989-06-25 07:57:40','2008-12-05 17:02:18'),(90,90,'quasi',3,NULL,2,'2003-09-30 09:54:56','1987-09-26 00:37:15'),(91,91,'id',4,NULL,1,'2012-02-13 01:48:22','1970-04-05 02:11:56'),(92,92,'officiis',5,NULL,2,'2010-08-01 15:50:43','2004-12-10 03:31:07'),(93,93,'quia',5,NULL,1,'2004-04-13 08:29:46','2008-04-26 23:06:13'),(94,94,'qui',10,NULL,2,'2008-02-13 11:04:04','1997-07-08 12:31:32'),(95,95,'laudantium',3,NULL,1,'1972-01-17 04:40:43','2014-06-13 00:35:48'),(96,96,'minima',6,NULL,2,'1999-07-30 00:27:52','1992-10-24 08:36:46'),(97,97,'voluptas',3,NULL,1,'1973-07-28 12:45:16','1974-11-19 22:28:22'),(98,98,'iste',10,NULL,2,'2012-06-13 09:33:25','2012-12-21 20:23:14'),(99,99,'velit',2,NULL,1,'1991-03-31 03:20:28','2006-08-19 09:12:34'),(100,100,'dolorem',6,NULL,2,'1974-11-17 17:25:51','2016-11-02 12:26:16');
/*!40000 ALTER TABLE `media` ENABLE KEYS */;
UNLOCK TABLES;

--
-- Table structure for table `media_types`
--

DROP TABLE IF EXISTS `media_types`;
/*!40101 SET @saved_cs_client     = @@character_set_client */;
/*!50503 SET character_set_client = utf8mb4 */;
CREATE TABLE `media_types` (
  `id` int unsigned NOT NULL AUTO_INCREMENT COMMENT 'Идентификатор строки',
  `name` varchar(255) CHARACTER SET utf8 COLLATE utf8_unicode_ci NOT NULL COMMENT 'Название типа',
  `created_at` datetime DEFAULT CURRENT_TIMESTAMP COMMENT 'Время создания строки',
  `updated_at` datetime DEFAULT CURRENT_TIMESTAMP ON UPDATE CURRENT_TIMESTAMP COMMENT 'Время обновления строки',
  PRIMARY KEY (`id`),
  UNIQUE KEY `name` (`name`)
) ENGINE=InnoDB AUTO_INCREMENT=3 DEFAULT CHARSET=utf8 COLLATE=utf8_unicode_ci COMMENT='Типы медиафайлов';
/*!40101 SET character_set_client = @saved_cs_client */;

--
-- Dumping data for table `media_types`
--

LOCK TABLES `media_types` WRITE;
/*!40000 ALTER TABLE `media_types` DISABLE KEYS */;
INSERT INTO `media_types` VALUES (1,'Music','1989-11-18 10:45:30','1989-01-16 20:26:08'),(2,'Video','1986-07-09 08:29:03','2005-01-12 04:42:42');
/*!40000 ALTER TABLE `media_types` ENABLE KEYS */;
UNLOCK TABLES;

--
-- Table structure for table `messages`
--

DROP TABLE IF EXISTS `messages`;
/*!40101 SET @saved_cs_client     = @@character_set_client */;
/*!50503 SET character_set_client = utf8mb4 */;
CREATE TABLE `messages` (
  `id` int unsigned NOT NULL AUTO_INCREMENT COMMENT 'Идентификатор строки',
  `from_user_id` int unsigned NOT NULL COMMENT 'Ссылка на отправителя сообщения',
  `to_user_id` int unsigned NOT NULL COMMENT 'Ссылка на получателя сообщения',
  `body` text CHARACTER SET utf8 COLLATE utf8_unicode_ci NOT NULL COMMENT 'Текст сообщения',
  `is_important` tinyint(1) DEFAULT NULL COMMENT 'Признак важности',
  `is_delivered` tinyint(1) DEFAULT NULL COMMENT 'Признак доставки',
  `created_at` datetime DEFAULT CURRENT_TIMESTAMP COMMENT 'Время создания строки',
  `updated_at` datetime DEFAULT CURRENT_TIMESTAMP ON UPDATE CURRENT_TIMESTAMP COMMENT 'Время обновления строки',
  PRIMARY KEY (`id`)
) ENGINE=InnoDB AUTO_INCREMENT=101 DEFAULT CHARSET=utf8 COLLATE=utf8_unicode_ci COMMENT='Сообщения';
/*!40101 SET character_set_client = @saved_cs_client */;

--
-- Dumping data for table `messages`
--

LOCK TABLES `messages` WRITE;
/*!40000 ALTER TABLE `messages` DISABLE KEYS */;
INSERT INTO `messages` VALUES (1,35,1,'Qui laboriosam quae sed ex quia est iste. Ut aspernatur et corporis ut aut et. Culpa ea vitae praesentium quod incidunt.',1,1,'2020-01-04 19:47:36','1995-08-16 13:42:16'),(2,80,2,'Iste est rerum ut mollitia. Sunt pariatur quia adipisci id iste fugiat consectetur. Saepe quia at neque ipsum aut magni accusantium. Quo mollitia accusantium voluptatem distinctio nam porro.',1,1,'2000-06-10 13:40:21','1998-11-30 20:29:11'),(3,44,3,'Incidunt voluptatem aut provident molestias dignissimos sunt. Porro at ipsum amet delectus. Id repudiandae laudantium perferendis illo qui eum.',1,0,'1993-10-03 05:09:59','2002-09-28 19:59:54'),(4,43,4,'Eius iure in aliquid sunt nihil. Dolores temporibus enim dolores fugit corrupti. Omnis error repudiandae voluptatem neque. Reprehenderit corrupti ut inventore quisquam amet officia.',1,1,'1974-04-17 22:46:35','2007-01-19 11:11:30'),(5,6,5,'Nihil nisi ipsa nesciunt qui eos magnam alias est. Sit unde eveniet accusantium voluptates voluptates sunt in aut. Aut sed ducimus accusantium ex. Atque et sunt explicabo quae explicabo ducimus.',1,1,'1981-03-30 16:43:51','1998-03-17 06:27:32'),(6,38,6,'Excepturi magnam maxime rerum veniam perferendis. Ex quia corporis voluptates quo. Debitis et atque aspernatur occaecati at cum. Dolore voluptatem similique aspernatur eos consequuntur quis.',0,0,'2017-03-11 19:01:10','2004-09-14 01:12:59'),(7,63,7,'Ipsum quibusdam nihil quisquam quia qui et harum. Eum corrupti ipsa repellendus. Nulla earum ipsum aut nulla omnis itaque dicta. Laborum beatae fugit quaerat repellendus. Quas harum veniam rerum illum laboriosam recusandae.',1,1,'1982-07-29 06:17:44','1995-10-30 13:03:58'),(8,7,8,'Rerum ut modi in cumque quis. Sed voluptates at et quod itaque qui. Tenetur perferendis rem eum est adipisci ut corporis est. Non occaecati vitae qui ut.',1,0,'2007-03-04 20:20:40','1977-09-22 23:30:54'),(9,30,9,'Tenetur accusamus quo esse libero. Voluptatem distinctio atque quia sed. Quam beatae nostrum non odit.',0,1,'2012-08-31 04:31:14','1986-10-11 09:33:41'),(10,91,10,'Nostrum perferendis nemo consectetur aut tempora earum. Nihil aut aliquam ducimus nobis. Et cupiditate consequatur ad et quam voluptatum qui.',0,0,'1975-10-21 13:31:51','1982-06-27 15:16:41'),(11,82,11,'Est porro distinctio odio repellendus minus dolores beatae ratione. Velit accusamus voluptas ipsum. Quia optio perspiciatis quia distinctio consequatur atque nam laboriosam.',1,1,'2000-11-08 09:59:43','1972-06-26 20:36:58'),(12,72,12,'Omnis quod delectus perferendis blanditiis ipsa distinctio quia. Alias quo minima dolores neque et repellat et. Beatae qui fugiat voluptas doloremque.',0,1,'2019-07-24 10:54:05','2018-06-18 11:51:09'),(13,89,13,'Aut sint voluptatem unde velit eveniet repellendus minus. Eius eos aspernatur eos quisquam voluptatem non. Veniam voluptatem consequatur quia aut quo minus. Molestiae est itaque adipisci alias voluptas explicabo.',0,0,'1971-06-12 23:37:16','2015-08-19 01:32:52'),(14,82,14,'Accusamus eligendi nobis ducimus est dolore recusandae molestias qui. Qui exercitationem asperiores dolor at qui. Ullam aspernatur aut et sint. Omnis dolor quae aliquam vero.',0,1,'2017-02-03 20:18:46','1996-01-25 14:36:37'),(15,81,15,'Vel et ut laudantium reprehenderit omnis suscipit consectetur. Ipsa sunt ipsam cum ut tempore. Possimus et molestias sunt et dignissimos veritatis repellendus ut.',0,1,'1973-09-15 02:24:31','1983-05-31 02:14:45'),(16,80,16,'Nam aut in voluptas sit. Doloremque vitae ut libero iusto. Non et qui repellat nihil cumque quos totam. Libero quisquam eos deserunt mollitia voluptatum sint omnis.',0,0,'1979-07-16 03:18:56','1971-04-15 03:21:10'),(17,98,17,'Sunt magnam at voluptas laborum consectetur eaque est. Et ullam aut totam aut porro. Assumenda libero ipsa nobis consectetur molestiae culpa exercitationem. Rerum consequatur quas eos autem sunt. Et pariatur commodi unde libero optio.',1,0,'2011-10-16 02:30:09','1990-08-11 00:50:00'),(18,21,18,'Aut est dolor dolorem dolorum. Omnis doloremque provident voluptas quia dolorem. Incidunt rerum quia eveniet qui minima sint suscipit consequatur.',1,0,'1978-08-02 22:12:25','1987-05-06 09:02:07'),(19,5,19,'Doloribus dolores sit sint ex voluptatem. Reiciendis rerum molestiae molestiae voluptates qui velit autem aut. Recusandae ea asperiores dolor omnis quod laborum. Amet neque quis quidem nisi.',0,0,'1988-04-18 20:09:05','1998-03-01 15:47:08'),(20,21,20,'Aut sed eius recusandae eos. Rerum quod aspernatur quis illo repellendus. Et id odit pariatur. Qui ut eligendi ab dolores est est sequi.',1,1,'1992-07-30 14:18:23','2015-01-06 20:14:27'),(21,75,21,'Non quasi ut repudiandae. Quas itaque sed soluta eius dolorem voluptatibus. Aut nesciunt non ex deserunt. Et fugiat omnis quia aut.',1,1,'1981-03-23 00:04:56','1985-05-08 20:54:08'),(22,99,22,'Et corporis facere fugiat assumenda omnis. Alias debitis enim exercitationem non optio doloremque. Veritatis soluta ea placeat fugiat. Fugiat qui adipisci ipsum laborum amet odio sint.',0,1,'2008-07-02 06:19:23','2017-11-12 22:33:48'),(23,5,23,'Et illum soluta sequi quia odio. Unde quod quisquam eos deleniti voluptas. Et quae praesentium sunt delectus enim quasi et dolorem. Asperiores sed odit ab culpa quasi voluptates. Velit doloremque assumenda nihil enim sit voluptatem dolorum quia.',0,1,'2001-02-17 14:34:15','1998-02-13 23:45:50'),(24,32,24,'Fugit aspernatur minus possimus perferendis. Sed officiis labore totam rerum quisquam laboriosam corrupti. Provident fugiat soluta possimus accusantium nihil accusamus fugit consequatur. Sunt eum voluptates ut saepe nesciunt qui dolores.',1,1,'2019-04-25 09:52:41','1996-01-29 21:07:06'),(25,30,25,'Mollitia quod autem aut natus. Harum enim commodi nulla dolor dicta molestiae. Tenetur esse quo quae. Occaecati eum asperiores est non atque quia. Amet quae aut sapiente dolorem asperiores id incidunt.',1,0,'2008-02-25 22:51:28','1981-10-03 05:30:25'),(26,26,26,'Harum exercitationem doloremque ab accusamus fugit neque. Rerum quia natus asperiores eos magnam assumenda quia. Et provident accusamus qui est amet distinctio. Sint cupiditate eum et harum natus illum ab.',0,1,'2007-05-17 22:11:44','1996-04-08 15:42:31'),(27,15,27,'Et consequatur quis et iusto et minus. Neque quia ea esse aut. Error accusantium repellat eligendi laboriosam. Eius fugit esse veritatis numquam sunt eos. Odit autem est consectetur blanditiis.',0,0,'1986-07-09 16:08:14','1987-04-28 18:59:21'),(28,84,28,'Sed maiores incidunt qui quia fuga quaerat non quo. Fugit quia ad laboriosam labore delectus. Labore deserunt quod quas eos magni.',1,0,'2001-12-19 19:25:16','1993-11-28 14:02:03'),(29,75,29,'Reprehenderit sint omnis omnis repellendus. Sit autem et eaque voluptas laborum nobis. Iste ab aspernatur incidunt enim dolor sequi et quis. Laudantium voluptatibus eligendi non numquam optio.',0,1,'1987-12-11 21:26:13','1992-04-20 04:59:04'),(30,31,30,'Omnis ut necessitatibus dolorem repellendus iste ut ut. Dolor blanditiis et aut iusto sint sed. Autem quia voluptas eius fuga.',1,0,'2017-01-26 09:02:15','1977-12-22 19:34:34'),(31,57,31,'Ducimus et et autem distinctio expedita. Eius soluta consequatur totam autem eius sequi. Et aut beatae veniam corporis rerum cum optio.',1,0,'2009-02-11 05:34:53','1987-04-26 10:58:08'),(32,41,32,'Delectus aliquam debitis doloribus est quia eos. Tenetur eum inventore quos consequatur accusantium quisquam. Molestias animi praesentium ut amet. Ea fugit ad incidunt dolores totam quia corporis.',0,1,'1994-05-24 13:20:28','1992-01-31 17:25:40'),(33,100,33,'Quam vel ab ipsa consequatur iure. Velit voluptatem eveniet provident beatae. Quia omnis non eum adipisci aut eum dicta.',1,1,'1979-01-03 04:23:38','2010-05-04 23:39:34'),(34,65,34,'Necessitatibus maiores est sapiente ut numquam aliquam pariatur distinctio. Qui velit saepe dolor quo magni. Id at non accusantium necessitatibus consectetur quam ea. Minima nulla cum ratione ut ut.',1,0,'1994-07-03 23:41:41','1990-02-17 19:18:11'),(35,14,35,'Quae voluptate aut est provident. Saepe aut quis incidunt enim provident rerum dolores. Dolor vero perspiciatis aspernatur cum occaecati. Molestiae est autem deserunt et. Quas mollitia reprehenderit aut error voluptas ut sunt rem.',1,0,'1981-12-21 01:41:42','2007-03-16 21:22:41'),(36,75,36,'Praesentium quasi qui assumenda aut eum rerum qui. Minus voluptatem et officiis quia provident. Sunt reprehenderit enim culpa nostrum laborum excepturi non. Quas optio maiores nihil sapiente qui est sit.',1,0,'1987-05-16 02:52:06','1979-09-19 02:50:04'),(37,44,37,'Voluptates culpa neque dolor non voluptatibus odio. Minus adipisci voluptatibus error. Et ducimus officiis nostrum sit neque alias eum.',0,0,'1975-12-10 13:21:28','1971-02-27 03:57:13'),(38,21,38,'Tempore at omnis velit. Repellat soluta inventore suscipit esse eos quod.',1,0,'1997-05-28 04:20:19','2008-01-09 22:57:02'),(39,22,39,'Ab a quia sit voluptatum quibusdam aliquam quasi molestias. Consectetur fugiat velit enim sed repellendus. Molestias voluptatem magnam eos ea perspiciatis.',0,1,'2013-12-28 11:11:37','1989-06-22 05:56:45'),(40,88,40,'Sunt dolores harum aliquid illo. Itaque ab consequatur est ullam. Sed unde accusantium impedit perferendis est voluptas. Reiciendis est ab rerum earum vel.',0,1,'1995-06-23 09:43:54','2000-06-23 19:48:07'),(41,72,41,'Officia explicabo tempore omnis voluptatem velit. Blanditiis nisi quae et sunt labore. Itaque ut culpa maxime impedit consectetur rerum quae ut.',0,1,'2008-12-27 00:10:44','1994-04-12 18:27:49'),(42,95,42,'Exercitationem voluptatibus iure at autem. Eos nihil quia optio reprehenderit. Dignissimos eum eaque nulla eum rem eum.',1,1,'2017-06-16 00:19:41','1982-08-14 06:16:14'),(43,2,43,'Nisi ipsa dolorem similique quod numquam voluptates. Error dignissimos quasi fugit ex quidem consequatur at. Tempore asperiores maiores ducimus rerum iste.',1,1,'2016-10-12 16:57:39','2006-11-01 19:37:32'),(44,86,44,'Ducimus sint maiores est minus numquam quaerat. Vel non debitis dolores eveniet. Placeat voluptatem quo atque reprehenderit doloremque quae. Laboriosam suscipit ut consequatur adipisci neque numquam consequatur.',1,1,'1998-04-17 16:27:03','2010-11-16 09:40:51'),(45,29,45,'Temporibus blanditiis saepe enim error fuga omnis. Accusantium nostrum ea quia molestias qui. Tempore vero facilis placeat. Ut et rem est quas quia accusantium. Voluptatem esse molestiae ut repellat.',0,1,'1979-07-14 21:43:42','1971-04-06 05:54:08'),(46,3,46,'Illo ea nostrum exercitationem minima soluta dolores. Officia quam voluptatibus et amet. A sed harum ea commodi voluptatem est quia. Velit voluptatem qui laudantium recusandae autem repellat.',1,1,'2004-11-29 02:49:04','1970-12-27 06:09:57'),(47,76,47,'Distinctio fuga qui aperiam iusto amet voluptatum. Eum quaerat consectetur quas earum.',1,0,'1970-11-10 10:43:39','1974-05-12 04:34:25'),(48,1,48,'Explicabo atque quia rerum est eos aut hic nemo. Ut est qui aut neque. Quia nisi blanditiis aliquam sit necessitatibus inventore.',0,1,'1976-11-01 21:07:29','2000-02-12 04:00:13'),(49,16,49,'Vel quis tempora omnis molestias. Rerum veritatis soluta quo dolor aliquam qui saepe. Vel rerum nesciunt nihil minus non omnis est.',0,1,'2015-01-19 15:59:27','1991-07-30 01:32:13'),(50,92,50,'Consequatur aperiam hic quidem quia qui fugit. Aut hic mollitia cumque deserunt laudantium eaque voluptas. Ut occaecati numquam qui ad accusantium doloremque. A vero est quia ut voluptates repellat.',0,0,'2011-09-18 01:02:32','1989-04-12 15:50:20'),(51,9,51,'Possimus minima qui aliquam temporibus enim non. Occaecati eos doloribus facere deserunt est. Dolores distinctio nostrum et aspernatur.',1,1,'1996-08-03 18:33:02','1994-02-16 09:28:39'),(52,54,52,'Modi minima facere dolorem repellat dolorem. Voluptatem numquam voluptatum velit qui fugiat. Voluptas modi quod error aliquam cupiditate eum quisquam.',0,0,'2010-12-21 09:30:00','1993-09-16 08:01:19'),(53,10,53,'Fugiat vitae nostrum velit. Ullam incidunt magni omnis qui. Tempora aut maiores illo aut ipsum deserunt.',1,1,'1997-11-08 10:16:54','2015-06-08 04:52:58'),(54,25,54,'Aut atque ipsam sed quasi ut. Ducimus rerum illo aut qui aut.',0,1,'1999-09-24 04:12:53','1979-03-19 15:35:28'),(55,50,55,'Consequatur dicta est est. Quibusdam nulla natus in. Veritatis qui vitae libero et qui tempora. Voluptatem ea suscipit optio suscipit accusamus sit.',0,1,'1989-09-12 16:03:13','1996-04-14 20:09:28'),(56,80,56,'Omnis cumque accusamus expedita eum qui porro magni. Architecto voluptatem laborum voluptates ducimus ipsam eligendi alias quia. Sint necessitatibus quas aut dolores omnis. Consequatur quae expedita dicta non deleniti aut.',1,1,'1983-06-10 00:36:46','1995-05-16 11:13:49'),(57,41,57,'Enim qui natus sapiente eligendi nihil. Inventore placeat nobis itaque unde amet qui necessitatibus beatae. Necessitatibus et autem natus.',0,0,'1973-05-04 09:12:05','1982-08-30 10:58:37'),(58,75,58,'Accusantium ipsum et ea repellendus et atque. Perferendis iste ut exercitationem laboriosam rem amet molestias repellendus. Temporibus earum est accusamus sapiente maxime. Id distinctio mollitia nostrum necessitatibus.',0,1,'1983-09-09 15:23:22','2004-12-03 05:32:03'),(59,62,59,'Esse reiciendis deserunt et assumenda maxime recusandae vel. Nihil aut velit doloribus repellendus excepturi. Ut consequuntur pariatur voluptates omnis dicta optio sequi. Dignissimos et consequatur omnis commodi suscipit.',1,1,'1973-06-21 01:29:06','2011-10-09 18:37:26'),(60,72,60,'Sunt exercitationem libero fugit et repellendus. Repudiandae ducimus quo consectetur assumenda qui. Quo iusto at rerum nostrum nostrum. Magnam ex quod quia iste neque fuga dolorem.',0,0,'1973-04-22 12:03:21','2015-12-31 03:49:38'),(61,23,61,'Enim est et vel eos eligendi. Necessitatibus quia nesciunt sit ut tempore. Qui officiis culpa fuga est consequatur.',1,0,'1975-11-21 17:33:01','1977-09-05 00:41:10'),(62,33,62,'Sed eligendi et cumque. Reprehenderit fuga aliquam deleniti reprehenderit ducimus non. Unde at ea molestiae. Impedit id placeat repellat eum accusantium commodi.',1,0,'1986-07-26 09:55:03','2007-12-01 19:03:32'),(63,76,63,'Modi omnis et expedita ea. Cumque veritatis aliquid labore minus aspernatur quia. Ex adipisci tempora sapiente. Est sunt cumque eveniet enim cumque et perferendis. Rerum sunt doloribus magnam voluptas.',1,1,'1987-06-18 01:41:37','1982-02-03 11:35:59'),(64,68,64,'Mollitia ab soluta quae sequi. Et sunt fugiat a quia. Ea voluptas vitae beatae.',0,0,'1983-01-30 06:24:26','2014-12-23 16:23:28'),(65,55,65,'Et quod perferendis ut harum maxime. Qui sunt ad sit aut beatae. Tempora qui impedit dignissimos voluptatum sint itaque hic natus. Illum mollitia autem inventore odit unde.',1,0,'1986-09-19 18:28:14','2019-09-21 01:58:08'),(66,28,66,'Vel recusandae quisquam exercitationem rerum sed recusandae eligendi aspernatur. Perspiciatis aliquid odit fugit quia quia. Id aliquid magnam et aut ut deleniti odio. Quibusdam quia similique ut eum qui ab nemo.',1,0,'1992-07-04 15:30:46','2002-11-08 08:15:59'),(67,5,67,'Reiciendis earum vel perspiciatis. Est et dolorum nesciunt aut voluptas. Vel ratione est id deserunt ad dolorem beatae.',1,1,'2003-11-10 09:42:55','1975-03-10 01:22:00'),(68,68,68,'Minima expedita sit est dolorem. Non itaque consequatur natus et accusantium.',0,0,'1999-03-04 16:29:28','2000-11-26 05:56:05'),(69,31,69,'Adipisci ratione doloremque doloribus qui aut voluptatibus commodi. Est quis quas fugiat harum sunt aspernatur. Ipsam assumenda debitis dicta distinctio voluptas commodi. Delectus et enim minima sed.',0,0,'1973-12-03 02:38:24','2014-02-17 13:10:11'),(70,18,70,'Excepturi provident aut quae amet. Et autem quia fuga aut omnis. Iure deleniti vero laudantium excepturi.',0,0,'2013-01-16 13:27:29','1974-08-25 19:36:40'),(71,54,71,'Et provident omnis laborum et. Iusto molestias necessitatibus omnis nihil accusamus veritatis. Temporibus veniam quos debitis est quia rerum. Optio quos officia explicabo aut.',1,0,'1997-01-27 14:54:48','2008-02-24 21:51:22'),(72,97,72,'Minima fugit aliquam voluptas. Et fuga eaque occaecati exercitationem sunt. Sequi voluptatem in et quam ut enim nemo. Quas ut unde voluptates vero qui quibusdam.',0,1,'2000-03-06 15:42:07','1983-05-20 20:03:57'),(73,50,73,'Repudiandae provident repellendus aut perspiciatis et et et. Sequi odio voluptatem omnis magnam ipsa molestiae culpa.',0,0,'1984-02-26 16:36:36','1981-08-04 04:18:56'),(74,19,74,'Consequuntur qui molestiae sed non. Fuga mollitia exercitationem adipisci nihil nesciunt vero nobis. Iusto perspiciatis et id maiores ipsum non non.',0,1,'2005-01-05 07:46:43','1981-11-03 13:32:57'),(75,64,75,'Nostrum dicta maxime tempora et accusamus velit minus est. Asperiores doloribus qui ullam. Ullam neque dicta fugiat.',0,1,'1993-06-10 08:43:23','2014-01-16 10:14:22'),(76,98,76,'Nulla voluptatem nulla ex quia quis. Consequuntur adipisci non accusantium quos. Doloremque qui iusto voluptatibus minus eum voluptatem minima quia. Magni sed iusto nesciunt.',0,0,'1988-12-08 04:57:20','1990-11-22 08:36:02'),(77,97,77,'Et quis et aut pariatur. Est illum tempora similique ipsa qui omnis.',1,1,'2005-04-03 21:42:33','2019-01-24 02:10:18'),(78,38,78,'Nisi non occaecati accusamus velit enim eaque. Doloribus iure ut asperiores ea rem et omnis. Sit delectus eos aliquid voluptatem et. Iusto illo dolorem autem iure quis.',1,1,'1988-11-02 00:26:51','1994-06-29 12:58:32'),(79,7,79,'Aspernatur repellat magni et sapiente. Sed eveniet ea mollitia sed odio veniam eveniet. Qui delectus debitis distinctio. Neque non aut fuga.',1,0,'1988-12-11 09:01:56','1972-04-10 20:35:48'),(80,88,80,'Quaerat consequatur eos explicabo eos exercitationem quidem. Corporis ut quia fuga in aut eum. Veritatis odio cumque alias minima facere voluptas.',0,0,'1989-06-02 03:05:28','1973-10-19 16:41:13'),(81,84,81,'Vel qui et odio necessitatibus omnis non quisquam. Placeat soluta a reiciendis voluptatum enim veniam. Reiciendis voluptatum aut maxime.',0,0,'1970-09-07 19:01:08','1976-09-04 21:22:16'),(82,6,82,'Aliquam eos dolor aut ad in soluta. Officia consequuntur nostrum ipsa consequatur nemo. Ad omnis sed excepturi labore esse laborum voluptas commodi.',0,1,'2017-03-06 23:44:42','2007-03-28 11:42:01'),(83,45,83,'Eveniet dolorem velit fugit laudantium. Autem quasi ad et fugit sed. Qui in autem aperiam odit nulla vel ut.',0,1,'1984-05-29 19:15:17','1972-12-06 00:05:46'),(84,16,84,'Non excepturi corrupti aut vel. Eius in quibusdam et molestiae. Atque atque aperiam debitis eius nemo.',1,1,'1987-01-24 19:31:22','1992-03-10 10:49:00'),(85,22,85,'Porro distinctio sapiente et porro in reprehenderit. Nihil consequatur amet doloribus sunt porro delectus aliquid. Et nam culpa alias occaecati.',0,1,'1996-06-02 03:11:00','1975-08-14 14:06:04'),(86,74,86,'Incidunt magni temporibus iste ad eos possimus quia veniam. Molestiae earum unde ut quo at est est. Quo reiciendis occaecati nisi rerum asperiores sint. Dignissimos ipsam laudantium et neque modi.',0,0,'1995-05-24 09:52:35','1998-11-06 00:45:28'),(87,90,87,'Consequatur et eum cumque voluptatem. Ratione veniam atque ratione sint doloremque. Nisi dolorem sed provident sequi et vitae. Consequatur repellat quidem voluptatibus nisi optio ut.',1,0,'2014-06-06 16:31:04','2000-10-01 05:35:34'),(88,41,88,'Eos temporibus sit et aperiam et qui necessitatibus. Eius ut repellendus eaque et aliquid et natus. Necessitatibus numquam et omnis sint ex perferendis.',1,1,'2017-09-19 06:18:31','1980-05-16 12:34:58'),(89,93,89,'Impedit quia magnam id tempora non. Doloribus doloribus quas fugiat nam quos tempora atque. Aut sunt voluptas impedit laudantium quaerat cum. Impedit excepturi illum molestiae aut architecto est in deserunt.',1,1,'2009-01-16 18:02:56','1993-07-04 03:37:00'),(90,35,90,'Inventore earum fugit fugiat architecto maxime totam voluptas. Accusantium rerum expedita enim atque qui quo dolores.',0,0,'1995-01-16 02:20:49','2009-12-24 18:55:58'),(91,85,91,'Aut error qui tempore amet aut accusamus libero. Numquam aut voluptatem praesentium aperiam maiores.',0,0,'1974-10-31 15:30:53','1975-05-27 15:04:49'),(92,54,92,'Distinctio beatae ad unde laudantium eligendi dolores quas hic. Ad quos aut quidem minima dolor qui animi.',0,1,'1981-11-20 22:46:23','1997-02-06 02:01:32'),(93,19,93,'Repudiandae exercitationem dicta repudiandae et. Ut officiis voluptatem recusandae delectus eligendi vel et. Est ex delectus dolorem et rem necessitatibus qui. Illo aspernatur nostrum inventore sint commodi culpa.',1,1,'1971-01-20 08:44:44','1984-05-28 12:41:34'),(94,86,94,'Ut possimus totam rerum. Voluptatibus eaque aspernatur velit aperiam quam. Aliquid placeat eligendi doloremque aut dolorum voluptas.',0,0,'1996-01-05 16:05:51','1994-01-16 08:07:30'),(95,100,95,'Magnam delectus nihil sed cum beatae dolorem velit. Atque illo illo quibusdam architecto. Dolores quae rem at reprehenderit velit. Veritatis deserunt sunt qui nihil totam.',1,0,'1983-03-08 18:28:33','1994-01-27 05:26:53'),(96,67,96,'Maxime voluptas voluptatem tempora accusamus est. Eius inventore molestias qui dolor provident ut. Nulla est libero recusandae minus et molestiae. Qui sunt facere et qui.',1,0,'2015-04-28 00:50:29','2004-03-21 02:48:09'),(97,63,97,'Inventore pariatur vero quidem vitae fuga earum. Quia non deleniti hic quis vel sit ullam et. Eos deserunt necessitatibus accusamus facilis.',1,1,'2010-05-22 01:18:18','2019-06-22 06:39:41'),(98,22,98,'Nesciunt est est rerum voluptas aspernatur dolor. Et voluptatem officia est perferendis iste. Veniam asperiores placeat molestiae quia dolor vel. Et architecto est delectus adipisci et placeat inventore nemo. Sed magnam beatae aut veritatis voluptatibus eveniet nulla delectus.',0,1,'2012-05-13 01:55:24','2019-12-23 14:37:06'),(99,70,99,'Consequatur beatae voluptas incidunt. Et maiores ut quae ipsa explicabo quis id. Quis qui et quibusdam omnis rem. Blanditiis aspernatur iusto eveniet quod veritatis dolor.',0,1,'1985-07-03 02:08:58','2018-04-02 20:17:51'),(100,75,100,'Molestiae et quia velit reiciendis. Et nobis tenetur quis fuga.',1,1,'2018-10-01 06:18:29','1985-02-13 02:45:43');
/*!40000 ALTER TABLE `messages` ENABLE KEYS */;
UNLOCK TABLES;

--
-- Table structure for table `profiles`
--

DROP TABLE IF EXISTS `profiles`;
/*!40101 SET @saved_cs_client     = @@character_set_client */;
/*!50503 SET character_set_client = utf8mb4 */;
CREATE TABLE `profiles` (
  `user_id` int unsigned NOT NULL COMMENT 'Ссылка на пользователя',
  `gender` char(1) CHARACTER SET utf8 COLLATE utf8_unicode_ci NOT NULL COMMENT 'Пол',
  `birthday` date DEFAULT NULL COMMENT 'Дата рождения',
  `photo_id` int unsigned DEFAULT NULL COMMENT 'Ссылка на основную фотографию пользователя',
  `city` varchar(130) CHARACTER SET utf8 COLLATE utf8_unicode_ci DEFAULT NULL COMMENT 'Город проживания',
  `country` varchar(130) CHARACTER SET utf8 COLLATE utf8_unicode_ci DEFAULT NULL COMMENT 'Страна проживания',
  `created_at` datetime DEFAULT CURRENT_TIMESTAMP COMMENT 'Время создания строки',
  `updated_at` datetime DEFAULT CURRENT_TIMESTAMP ON UPDATE CURRENT_TIMESTAMP COMMENT 'Время обновления строки',
  PRIMARY KEY (`user_id`)
) ENGINE=InnoDB DEFAULT CHARSET=utf8 COLLATE=utf8_unicode_ci COMMENT='Профили';
/*!40101 SET character_set_client = @saved_cs_client */;

--
-- Dumping data for table `profiles`
--

LOCK TABLES `profiles` WRITE;
/*!40000 ALTER TABLE `profiles` DISABLE KEYS */;
INSERT INTO `profiles` VALUES (1,'f','1987-12-22',49,'West Pinkie','Central African Republic','1977-04-02 07:17:56','2005-10-14 21:34:20'),(2,'m','2006-07-22',14,'North Jevonberg','Poland','1981-08-09 20:26:31','1990-12-16 20:22:25'),(3,'m','1993-05-01',56,'New Trinity','Christmas Island','2006-10-18 10:24:34','2015-01-09 21:57:33'),(4,'f','2007-07-02',4,'North Darrion','Liberia','2013-08-07 19:16:04','1997-04-26 04:13:13'),(5,'f','1974-08-29',45,'Nienowland','Saint Barthelemy','1998-04-07 22:24:17','1998-06-21 03:17:40'),(6,'m','2008-01-03',83,'Lake Jayneville','Belize','1997-01-06 17:30:31','2006-01-22 07:15:51'),(7,'m','2006-05-22',55,'Sethton','Panama','1983-10-21 01:56:33','1993-01-24 05:37:38'),(8,'f','1982-08-23',79,'West Rosendoborough','Eritrea','1989-06-26 23:32:31','1996-05-07 17:06:41'),(9,'m','1991-11-19',55,'Lednerchester','Svalbard & Jan Mayen Islands','1984-01-17 15:39:56','2020-03-08 14:31:36'),(10,'f','1992-11-25',1,'New Abbey','Reunion','1971-04-23 19:01:15','1993-11-24 23:35:30'),(11,'m','1975-11-26',16,'East Mia','Turkey','1971-01-09 17:10:33','1972-06-08 01:24:52'),(12,'m','2000-04-29',15,'Leschmouth','Liberia','2004-10-25 08:38:37','1973-11-27 15:22:21'),(13,'m','1970-04-17',9,'Schinnerside','Australia','2004-10-26 13:53:35','1993-07-09 20:34:59'),(14,'m','2007-05-12',83,'Mallieburgh','Madagascar','2009-04-05 06:00:58','1988-01-03 02:50:13'),(15,'f','1992-04-08',88,'South Tyshawn','Kenya','1993-07-03 02:00:40','1990-05-21 07:53:28'),(16,'m','1985-06-12',38,'West Glenda','Guadeloupe','1971-07-26 15:02:54','1975-12-13 09:38:45'),(17,'f','1990-08-01',68,'Ricoberg','Panama','1973-03-31 09:19:25','1978-09-02 06:13:17'),(18,'f','2003-10-06',5,'Considinetown','Uzbekistan','1976-01-31 11:20:08','1972-02-27 08:31:57'),(19,'m','2014-07-02',63,'Saulton','Belize','1992-04-14 17:31:46','1990-11-20 11:29:19'),(20,'m','1988-11-14',19,'Elijahview','Aruba','1989-07-08 00:14:02','2002-03-05 21:00:04'),(21,'f','2006-11-26',3,'Lake Macie','Egypt','1996-07-29 09:20:19','1990-08-10 18:21:22'),(22,'m','2004-08-19',13,'Dickinsonhaven','Anguilla','1972-02-08 16:51:57','1982-10-11 14:57:04'),(23,'m','2009-07-30',60,'Robbieton','Cape Verde','2001-01-04 00:30:42','2006-07-02 17:11:48'),(24,'m','1973-05-22',74,'Kenyonshire','Timor-Leste','1987-07-04 21:04:23','2004-09-28 06:32:25'),(25,'m','1986-02-09',40,'East Augustine','Egypt','2010-03-22 11:55:07','1999-09-15 16:01:23'),(26,'f','1970-08-07',2,'West Sasha','Bulgaria','2009-06-05 09:31:31','1996-12-02 05:31:11'),(27,'m','1972-08-08',76,'South Jaylintown','United States Minor Outlying Islands','1987-08-05 16:38:20','1991-08-20 15:18:20'),(28,'m','1971-10-20',39,'North Mason','Northern Mariana Islands','1984-11-07 23:38:07','2019-01-22 16:56:17'),(29,'m','2005-10-12',38,'New Herta','Liechtenstein','2018-09-06 23:04:43','1980-04-14 06:49:35'),(30,'f','2005-07-09',49,'Manteland','Isle of Man','1980-06-06 06:08:53','1973-04-04 06:13:30'),(31,'m','1982-08-12',16,'Coltshire','Argentina','1990-01-26 21:35:52','1971-12-06 00:37:22'),(32,'m','1971-02-14',47,'Roscoefurt','Sao Tome and Principe','1985-04-18 06:46:22','2015-10-09 18:51:00'),(33,'f','2001-01-18',28,'Marjolaineshire','Lesotho','2009-03-27 16:29:40','1971-08-03 21:12:44'),(34,'f','1992-01-02',83,'Cruickshanktown','Ethiopia','1980-08-18 18:42:45','1988-06-09 20:19:25'),(35,'f','2014-06-12',63,'Deckowview','Guinea-Bissau','1970-05-09 22:15:49','1989-01-24 17:03:05'),(36,'m','2003-07-27',67,'Goyetteborough','Sri Lanka','1970-05-16 18:05:39','2001-02-28 09:28:19'),(37,'f','1989-07-19',66,'North Keaganstad','Vanuatu','2015-03-08 03:13:22','1994-09-24 23:04:02'),(38,'f','1979-04-19',55,'New Rickie','Saint Martin','1986-06-24 23:49:58','2014-09-23 00:02:43'),(39,'m','1998-02-01',85,'Aricmouth','Guyana','1986-12-30 08:53:48','2002-01-22 18:26:28'),(40,'m','1978-12-31',35,'Gerholdtown','Kyrgyz Republic','1970-09-06 06:42:40','1976-07-10 17:52:04'),(41,'m','1977-03-17',79,'North May','Qatar','2018-09-30 21:31:43','2017-09-14 18:31:34'),(42,'m','1974-10-08',32,'South Adolfoville','Korea','1986-04-18 06:25:06','1970-03-02 20:50:28'),(43,'f','1988-10-22',73,'Port Greta','Norway','1984-09-03 18:59:23','2015-08-13 16:53:35'),(44,'f','2002-09-12',20,'South Ledafort','Latvia','1987-08-10 23:52:49','1977-06-05 14:57:49'),(45,'m','1981-03-06',95,'Strackeborough','French Polynesia','2016-02-22 12:44:09','1994-08-05 21:44:03'),(46,'m','2011-12-27',26,'New Fannie','Kyrgyz Republic','2003-08-14 08:35:23','1992-04-01 08:11:38'),(47,'f','1981-05-11',56,'New Vella','Cote d\'Ivoire','1991-09-01 07:22:42','1984-05-05 06:55:36'),(48,'f','1986-10-06',72,'Hipolitochester','Lesotho','2011-03-03 07:30:24','1999-02-15 22:54:02'),(49,'m','2008-10-25',46,'Haleymouth','Guadeloupe','1990-09-28 01:20:43','2004-06-21 02:29:52'),(50,'m','2014-01-09',5,'Micaelaton','Saint Vincent and the Grenadines','1999-09-18 08:19:55','2018-09-10 12:22:24'),(51,'m','1974-12-12',14,'Lake Kaylaburgh','Uganda','1976-07-04 15:48:34','2003-11-19 21:45:46'),(52,'f','1982-10-03',95,'East Emmanuelville','Korea','2003-04-15 00:23:48','1993-11-02 00:31:47'),(53,'m','2003-02-08',38,'New Obie','Lithuania','2019-06-17 21:18:39','1993-08-24 08:17:58'),(54,'f','1990-05-13',5,'North Rubyeview','Cambodia','2010-01-17 20:39:12','2006-09-20 20:23:11'),(55,'m','1979-03-14',27,'Keiraport','Cayman Islands','1990-09-10 09:17:55','1999-11-15 23:00:16'),(56,'m','1980-11-07',5,'East Mustafa','Sierra Leone','2013-01-15 10:04:10','2002-03-28 20:09:49'),(57,'m','1978-11-01',95,'West Geovannychester','Poland','1994-08-14 15:36:54','1985-02-06 12:27:00'),(58,'m','2001-12-16',23,'Lowellfurt','Bosnia and Herzegovina','1984-07-13 23:05:48','1972-02-02 03:36:01'),(59,'f','1970-09-14',50,'Bradtkebury','Myanmar','2006-10-28 23:19:55','1970-04-21 01:35:31'),(60,'m','2006-04-09',52,'Daretown','Antarctica (the territory South of 60 deg S)','1971-08-27 05:10:58','1976-11-05 07:03:22'),(61,'f','1972-02-01',90,'West Shyann','Croatia','1978-03-02 21:39:40','1990-07-17 16:04:32'),(62,'m','1999-05-21',72,'Allisonfort','Maldives','1989-11-25 22:16:34','2001-12-25 02:50:06'),(63,'m','1995-08-27',6,'Douglasport','Niue','2013-04-20 13:38:02','1976-05-27 00:58:44'),(64,'m','1983-02-19',82,'Ondrickaside','Montenegro','2002-08-31 18:39:31','1993-04-29 21:53:22'),(65,'f','1974-01-02',83,'South Heloise','Finland','2017-08-28 18:11:18','1973-05-27 20:07:35'),(66,'m','1997-10-09',73,'Mattside','Jordan','2000-10-05 11:43:16','1981-01-11 17:38:52'),(67,'f','2004-12-13',16,'Stoltenbergshire','Solomon Islands','2014-08-07 18:23:06','2001-01-25 23:29:04'),(68,'f','1994-06-03',30,'Lake Eudoraside','Romania','1982-01-19 15:33:44','1989-02-04 16:50:38'),(69,'m','1995-08-22',79,'Port Pasqualeton','Costa Rica','1996-05-26 23:55:49','2000-07-02 20:23:37'),(70,'f','1992-04-16',3,'South Chazport','Fiji','1987-02-05 04:19:27','1983-08-22 03:57:10'),(71,'m','1990-09-19',56,'Maeside','Hungary','1972-02-20 05:10:00','2017-06-04 06:11:21'),(72,'f','1977-01-28',64,'Viviennehaven','Mongolia','1993-10-26 05:54:04','1992-07-05 22:42:40'),(73,'f','2011-08-26',34,'Port Nicolette','Isle of Man','1995-11-11 12:37:28','2001-11-09 12:52:49'),(74,'m','2006-06-24',76,'Schmelermouth','Sudan','2006-07-06 07:18:11','2009-06-21 18:25:29'),(75,'m','1994-10-16',6,'New Mathew','Cocos (Keeling) Islands','1994-01-15 14:44:07','2014-10-02 01:55:04'),(76,'m','1992-03-26',50,'Port Douglasville','Mongolia','2003-11-14 20:30:34','1989-03-20 05:27:23'),(77,'f','1977-10-03',32,'South Kristianmouth','Finland','1975-11-28 20:04:21','1999-11-04 16:31:38'),(78,'m','1976-05-19',54,'Port Angelomouth','Panama','1993-07-27 21:17:31','1996-01-09 17:50:26'),(79,'f','1972-06-10',21,'West Francescomouth','Nauru','2014-02-08 14:30:27','2012-02-29 18:54:12'),(80,'m','1978-04-19',7,'East Melissa','Bermuda','1989-10-17 22:03:14','2014-02-14 07:57:11'),(81,'m','2018-10-04',66,'Howeport','Haiti','1976-02-20 04:56:57','2008-01-21 11:31:10'),(82,'f','1972-06-28',100,'Diannachester','Cook Islands','1979-04-29 22:13:48','2017-07-26 07:39:14'),(83,'m','2009-05-14',33,'Aliatown','Gibraltar','1999-08-20 07:13:12','1992-03-21 05:46:22'),(84,'f','1997-06-13',10,'Gilbertton','Luxembourg','1979-02-15 02:25:28','2011-07-16 07:33:30'),(85,'f','1974-04-01',37,'Ziemeview','Northern Mariana Islands','2003-01-18 00:12:42','1971-12-03 09:25:55'),(86,'m','1973-09-22',53,'New Danyka','Myanmar','2018-06-18 10:42:28','2019-07-02 09:54:55'),(87,'m','2019-06-10',49,'East Everthaven','Cameroon','1996-11-09 05:17:46','2009-08-06 04:04:42'),(88,'m','2014-11-09',91,'Lake German','British Indian Ocean Territory (Chagos Archipelago)','2009-12-31 01:26:15','2013-01-09 01:08:33'),(89,'m','1989-03-01',84,'Port Nat','Germany','1979-04-19 10:19:14','1997-06-02 08:12:29'),(90,'f','1996-03-14',73,'Casperfort','French Guiana','1981-07-22 01:47:23','1995-02-09 15:16:31'),(91,'f','1980-04-16',65,'New Lisa','Libyan Arab Jamahiriya','1999-08-27 05:46:00','1988-04-28 21:43:45'),(92,'f','2001-12-21',100,'South Bettestad','Iran','2010-10-10 15:25:06','2016-03-22 12:05:13'),(93,'m','1988-09-03',77,'New Jeradview','Guinea','1973-11-08 04:27:41','1993-11-08 23:20:08'),(94,'m','1982-05-03',72,'Port Lucy','Tajikistan','1971-12-06 12:07:03','2005-08-06 11:08:51'),(95,'m','1971-12-28',56,'New Rebachester','Comoros','1996-05-06 07:04:39','1987-07-23 11:36:35'),(96,'m','1978-03-07',38,'Stephenland','Singapore','1985-06-23 02:34:01','1987-04-04 04:28:20'),(97,'m','1971-07-06',31,'North Wallaceview','Venezuela','2005-01-21 00:19:42','1996-03-29 18:18:24'),(98,'m','1983-11-20',54,'Amayastad','Iraq','1990-11-27 21:22:48','1974-05-04 01:16:46'),(99,'f','1976-10-31',53,'West Fay','China','2003-04-25 04:01:06','2001-02-09 12:53:52'),(100,'f','2005-01-19',25,'Willmsburgh','Ghana','1972-05-01 06:17:15','2008-07-31 10:38:28');
/*!40000 ALTER TABLE `profiles` ENABLE KEYS */;
UNLOCK TABLES;

--
-- Table structure for table `users`
--

DROP TABLE IF EXISTS `users`;
/*!40101 SET @saved_cs_client     = @@character_set_client */;
/*!50503 SET character_set_client = utf8mb4 */;
CREATE TABLE `users` (
  `id` int unsigned NOT NULL AUTO_INCREMENT COMMENT 'Идентификатор строки',
  `first_name` varchar(100) CHARACTER SET utf8 COLLATE utf8_unicode_ci NOT NULL COMMENT 'Имя пользователя',
  `last_name` varchar(100) CHARACTER SET utf8 COLLATE utf8_unicode_ci NOT NULL COMMENT 'Фамилия пользователя',
  `email` varchar(100) CHARACTER SET utf8 COLLATE utf8_unicode_ci NOT NULL COMMENT 'Почта',
  `phone` varchar(100) CHARACTER SET utf8 COLLATE utf8_unicode_ci NOT NULL COMMENT 'Телефон',
  `created_at` datetime DEFAULT CURRENT_TIMESTAMP COMMENT 'Время создания строки',
  `updated_at` datetime DEFAULT CURRENT_TIMESTAMP ON UPDATE CURRENT_TIMESTAMP COMMENT 'Время обновления строки',
  PRIMARY KEY (`id`),
  UNIQUE KEY `email` (`email`),
  UNIQUE KEY `phone` (`phone`)
) ENGINE=InnoDB AUTO_INCREMENT=101 DEFAULT CHARSET=utf8 COLLATE=utf8_unicode_ci COMMENT='Пользователи';
/*!40101 SET character_set_client = @saved_cs_client */;

--
-- Dumping data for table `users`
--

LOCK TABLES `users` WRITE;
/*!40000 ALTER TABLE `users` DISABLE KEYS */;
INSERT INTO `users` VALUES (1,'Eldridge','Koelpin','samanta46@example.com','357.650.5746x39811','1981-11-14 00:18:53','1988-12-10 00:15:51'),(2,'Dixie','Pfeffer','jquitzon@example.org','149-661-5130x51084','1998-10-24 21:38:23','1977-04-19 13:27:41'),(3,'Sadye','Streich','jayson40@example.net','255-512-3844','2017-06-05 06:19:30','1989-05-22 07:24:31'),(4,'Amie','Robel','windler.cory@example.com','(140)817-8129x12097','1970-12-30 17:45:09','2012-02-26 01:53:18'),(5,'Abner','McLaughlin','jhayes@example.net','145.393.3981x136','1990-11-18 12:41:02','1989-09-17 16:26:01'),(6,'Alfonso','Rice','cormier.rosalind@example.org','326-634-0729x94128','2006-05-24 16:14:49','2016-12-26 09:19:22'),(7,'Ursula','Feil','kali25@example.com','170.386.0521x4458','2016-02-26 14:25:05','1978-02-19 23:47:23'),(8,'Bill','Wuckert','jade37@example.com','1-463-242-7234x840','1983-12-02 03:15:29','1991-12-01 12:44:53'),(9,'Selina','Wiza','trace35@example.com','+94(7)5965866047','2014-11-03 02:40:13','1995-04-06 06:59:20'),(10,'Camille','Ernser','ruecker.xzavier@example.org','925.636.6229','1988-02-05 08:20:36','1986-02-02 05:45:07'),(11,'Julia','Yost','vbashirian@example.net','546.275.0282x67919','1990-09-02 01:41:12','1994-09-22 10:37:43'),(12,'Darren','Ebert','mckenzie.mohammed@example.org','541-301-6899','2005-05-24 14:23:42','1974-12-18 06:34:13'),(13,'Jazmyn','Koelpin','mueller.jeremy@example.net','1-920-537-7965x95685','1998-07-05 06:04:18','1986-12-25 07:57:49'),(14,'Anastasia','Barton','kdeckow@example.org','821.618.9906x35414','1991-08-07 03:34:04','1980-05-02 04:11:48'),(15,'Rogelio','Lehner','fabian66@example.net','(479)139-0341','1988-06-13 20:37:07','1974-07-14 17:54:47'),(16,'Veronica','McLaughlin','udickinson@example.net','(820)087-2188','1980-02-17 10:26:46','1997-12-21 14:45:16'),(17,'Jodie','Sipes','willy.hessel@example.org','807-493-4597','2002-11-02 19:52:17','2011-03-24 17:32:48'),(18,'Alvah','Torp','lueilwitz.bruce@example.org','05182196080','1976-03-16 11:50:14','2013-07-14 13:40:29'),(19,'Claud','Strosin','kirsten96@example.org','375-748-9458x1329','2017-01-29 05:34:54','1984-12-07 06:36:16'),(20,'Nora','Ryan','kkemmer@example.net','(662)841-0573','2006-03-02 10:45:36','2005-07-03 00:19:32'),(21,'Natalia','Harvey','tania.sauer@example.com','05947679989','2016-09-26 18:02:58','1979-02-06 10:36:03'),(22,'Gabrielle','Armstrong','coralie31@example.com','179-623-1522x626','2008-06-13 15:23:59','2014-05-11 17:22:08'),(23,'Ella','Pacocha','fyundt@example.com','00638049189','1974-12-07 09:40:44','1970-10-18 05:39:16'),(24,'Elisa','D\'Amore','gzulauf@example.org','166.988.5768x958','1996-09-01 09:35:55','2004-08-01 20:53:08'),(25,'Colten','Denesik','yfarrell@example.org','095-721-1262','1980-06-24 18:15:45','1987-04-29 11:50:13'),(26,'Kelly','Dooley','bria.reichert@example.net','1-618-553-9971x688','2009-07-05 03:19:51','1999-04-25 12:26:33'),(27,'Pedro','Goyette','cedrick.corkery@example.org','(266)143-9155x9401','2005-11-18 14:52:52','2019-10-02 09:07:02'),(28,'Christophe','Crona','leon53@example.com','(779)303-7050','1975-06-11 02:50:04','2002-01-31 16:06:53'),(29,'Mike','Stark','ella.mcclure@example.org','804-504-3396','1975-07-20 05:07:17','2005-07-07 17:49:24'),(30,'Josianne','Baumbach','bstroman@example.com','1-320-586-8775x141','1976-09-02 11:17:47','1973-05-05 01:02:15'),(31,'Lesly','Spencer','stoltenberg.alena@example.net','139-749-8022','1972-10-18 21:55:45','1989-06-21 05:36:30'),(32,'Woodrow','Towne','kaylee56@example.org','260.931.9506x0468','2003-06-08 02:53:59','2007-11-18 11:50:17'),(33,'Maria','Hayes','else56@example.net','839.660.1609x12975','1991-07-23 17:30:29','1971-01-10 08:28:56'),(34,'Malinda','Predovic','piper.welch@example.net','1-925-123-8604x798','1996-06-27 07:54:38','1990-12-19 22:15:06'),(35,'Paris','Kassulke','rippin.melany@example.org','1-867-219-0411x1551','2004-09-11 04:12:31','2008-06-21 02:04:24'),(36,'Theresia','King','cicero56@example.com','753.011.9535x06397','1983-06-02 19:20:44','1990-04-03 08:51:34'),(37,'Layla','Sipes','fsporer@example.net','682-274-3607x98014','1981-12-18 07:00:24','1972-09-12 20:27:40'),(38,'Cindy','Weissnat','carley45@example.com','(354)669-3767','1970-09-19 15:16:24','1995-06-02 14:43:05'),(39,'Don','Goldner','annette.little@example.net','02372073415','2005-09-20 03:30:36','1975-05-02 11:49:41'),(40,'Jaren','Swaniawski','vharvey@example.org','161-124-4106','1975-12-16 16:45:16','1972-05-02 20:03:21'),(41,'Saul','Labadie','rkihn@example.org','1-593-866-3547x681','1982-02-21 21:31:29','1984-07-20 18:12:32'),(42,'Sadye','Little','xfarrell@example.org','(561)998-3481','2005-01-19 00:08:52','2002-08-04 20:18:43'),(43,'Trent','Nader','ltremblay@example.net','835.763.7931x68288','2012-10-23 16:35:57','2000-02-17 12:32:53'),(44,'Misty','Orn','ezequiel.ebert@example.org','(594)688-0273','1992-12-14 02:25:33','1999-12-05 03:27:20'),(45,'Sean','Maggio','becker.tyson@example.net','(592)415-0469','2009-11-24 17:02:47','2018-04-07 13:09:33'),(46,'Selmer','Hagenes','zena.treutel@example.com','+42(5)5160403332','1973-03-13 12:12:02','1988-04-21 11:07:40'),(47,'Martina','Mayer','yprohaska@example.com','+58(3)2997895810','1976-06-09 16:15:35','1974-05-11 14:05:38'),(48,'Arlene','Considine','omari59@example.net','(630)071-7147x37942','1977-03-03 15:36:54','2003-06-08 19:17:53'),(49,'Anabel','Kessler','ignatius.runolfsdottir@example.com','1-446-819-2406x9864','2020-04-20 05:36:29','1976-10-23 08:07:43'),(50,'Deshaun','Hagenes','tromp.anibal@example.com','1-622-338-6688x3614','1987-01-11 13:02:37','2001-10-10 20:12:03'),(51,'Linwood','Corkery','dexter37@example.org','(722)586-6495x126','1980-03-01 22:15:31','1983-05-25 05:23:45'),(52,'Abraham','Konopelski','daija02@example.org','(933)818-4113x6623','2013-09-02 03:41:36','1972-10-15 22:26:35'),(53,'Guy','Kuhlman','ccronin@example.net','1-153-869-3588x1551','1984-12-20 17:59:29','1992-07-01 08:02:19'),(54,'Lily','Harber','mwilkinson@example.com','521.973.5554x1369','1970-03-09 01:12:34','1981-09-11 01:51:06'),(55,'Ozella','Kris','swift.ella@example.net','112.078.5579x10913','2015-08-04 22:31:19','1981-04-20 19:37:13'),(56,'Maggie','Raynor','simonis.kaycee@example.com','801-961-9494x63917','1983-11-26 23:55:37','1989-03-28 20:43:56'),(57,'Gregoria','Hamill','chane@example.net','(846)900-3485x05529','1991-03-23 14:09:33','1988-05-08 00:28:15'),(58,'Ayana','Willms','vernon.hodkiewicz@example.org','1-110-549-8347x3144','2006-10-24 22:28:44','2006-11-21 03:44:50'),(59,'Amy','Hansen','lpfannerstill@example.org','890.851.6861','2009-12-09 06:38:56','2014-11-11 21:52:23'),(60,'Miller','Kohler','walker.littel@example.org','134-396-7201x75593','2019-09-09 01:58:34','2008-08-04 07:39:11'),(61,'Cooper','Walker','kali.mcclure@example.net','1-251-769-9598','1982-02-05 15:10:06','2003-07-26 04:34:34'),(62,'Alfredo','Okuneva','rosalee.runte@example.org','1-463-995-4174x170','1977-04-18 00:07:35','1981-05-28 05:07:19'),(63,'Ernest','Gulgowski','cbartell@example.org','+04(8)1847993549','2003-09-30 01:21:07','2005-05-03 23:10:06'),(64,'Derrick','Kunde','nathanael20@example.net','791-552-1403','1995-06-07 23:58:06','1990-01-02 13:32:41'),(65,'Roxanne','Smith','hbrekke@example.net','1-304-358-2198x8857','2010-04-14 18:35:09','1990-01-26 19:55:57'),(66,'Antonette','Marks','reichert.wilber@example.org','539-448-1290','1980-07-10 14:46:43','1989-12-02 13:12:31'),(67,'Mark','Dietrich','cali.koepp@example.org','(524)756-2603','1983-02-11 17:12:56','1989-11-16 22:33:32'),(68,'Malachi','Mann','znitzsche@example.net','657.987.7708x158','1976-01-13 11:40:35','1998-07-29 05:50:26'),(69,'Myra','Dooley','keshawn.beier@example.net','727.684.8788x13131','1998-09-28 00:15:06','2003-12-18 02:12:20'),(70,'Burley','Thiel','barney.hilpert@example.com','1-401-407-3924x97063','1977-01-17 16:10:30','1989-05-21 18:28:38'),(71,'Eloise','Hackett','boyd.baumbach@example.net','1-509-727-4182','1985-10-12 15:27:41','1992-03-18 14:14:06'),(72,'Jaleel','Conroy','gutmann.meghan@example.com','1-498-273-8289','2010-12-08 19:56:06','1991-01-18 22:02:02'),(73,'Keagan','Pfeffer','reichert.melba@example.net','1-114-861-9632x0219','2000-12-10 16:19:40','1983-10-22 18:02:10'),(74,'Juliana','Jenkins','elise53@example.net','601-046-0813','1980-05-01 21:16:05','1986-04-14 00:15:22'),(75,'Jayme','Predovic','mccullough.janie@example.org','752.180.4414x917','2011-06-25 04:41:35','1995-03-06 15:04:29'),(76,'Linwood','Pagac','carlie89@example.com','662.957.6890x3133','2004-02-26 19:57:10','1981-01-28 02:22:24'),(77,'Anibal','Murray','katelynn85@example.org','045.222.7603','1994-01-18 23:15:43','1981-02-26 07:44:05'),(78,'Fay','Emmerich','alycia.bernier@example.org','(433)260-2014x1399','2005-05-28 11:08:34','1999-06-05 18:12:44'),(79,'Tremayne','Runolfsson','zthiel@example.org','03465881658','2008-10-30 06:34:39','1976-09-12 00:46:37'),(80,'Oswaldo','Dickens','glover.macy@example.net','093.583.6091x11436','2000-09-21 17:03:20','1982-01-20 17:02:14'),(81,'Bridget','Larson','audie.huels@example.com','(321)092-3747','1988-07-06 07:43:18','1977-09-30 00:39:32'),(82,'Uriel','Gerlach','kaley24@example.net','476-866-1199','1985-06-14 22:53:51','2019-07-22 16:19:50'),(83,'Joaquin','Wisoky','hthompson@example.com','1-225-502-5685x77811','1981-03-16 17:22:55','1994-07-12 09:52:23'),(84,'Magali','Hand','iva.bahringer@example.com','(472)802-9405x670','1993-05-11 13:43:49','2014-04-22 02:53:59'),(85,'Millie','Heathcote','briana30@example.com','806.706.3290x2477','1995-01-10 08:30:20','1996-12-19 00:33:57'),(86,'Emily','Bergnaum','hirthe.cesar@example.com','(294)282-6799x8179','2006-10-26 18:28:42','2018-12-12 07:52:44'),(87,'Madelyn','Turcotte','william71@example.net','+14(3)2401983340','2012-06-11 23:15:11','2014-08-21 18:08:41'),(88,'Effie','Bins','bosco.allie@example.org','377-006-3777x652','1999-07-05 14:22:07','1978-05-23 21:46:33'),(89,'Cassidy','Beier','arnaldo23@example.net','+33(8)6260589065','1987-12-15 03:12:59','1972-11-20 08:12:38'),(90,'Nat','Price','treutel.karianne@example.org','(306)171-5885x23487','1974-08-02 00:23:04','2000-03-11 07:53:16'),(91,'Rasheed','Schowalter','qfarrell@example.net','679-609-3212x537','1996-03-18 09:47:35','1994-01-17 02:50:28'),(92,'Emmanuelle','Fahey','lavern95@example.org','(088)809-7246','2015-08-20 08:08:03','1971-07-09 04:43:33'),(93,'Miracle','Swift','ileuschke@example.org','473-386-8692','2015-02-25 05:27:26','1997-04-30 01:57:17'),(94,'Rowland','Wiegand','lon.kerluke@example.net','1-551-663-9284x50956','2014-01-06 11:57:03','1977-02-23 22:40:29'),(95,'Meaghan','Kozey','america.carroll@example.net','(379)689-9416x415','1983-03-31 21:09:01','1995-06-26 16:45:21'),(96,'Berenice','Kassulke','alexzander61@example.org','(481)365-1082','1980-12-07 18:35:02','1974-09-30 06:22:35'),(97,'William','Brown','fglover@example.org','1-624-982-8038','1996-07-21 16:26:44','1975-01-25 01:20:36'),(98,'Nichole','Harber','isac94@example.com','920.020.2649x058','1995-03-06 20:19:37','2008-06-08 19:43:17'),(99,'Clyde','Bednar','kenyatta83@example.org','1-950-323-7126','1990-10-06 22:31:22','1975-05-15 09:54:19'),(100,'Osbaldo','Balistreri','delores.lesch@example.org','05165907685','2002-12-03 01:59:48','1979-06-04 17:26:50');
/*!40000 ALTER TABLE `users` ENABLE KEYS */;
UNLOCK TABLES;
/*!40103 SET TIME_ZONE=@OLD_TIME_ZONE */;

/*!40101 SET SQL_MODE=@OLD_SQL_MODE */;
/*!40014 SET FOREIGN_KEY_CHECKS=@OLD_FOREIGN_KEY_CHECKS */;
/*!40014 SET UNIQUE_CHECKS=@OLD_UNIQUE_CHECKS */;
/*!40101 SET CHARACTER_SET_CLIENT=@OLD_CHARACTER_SET_CLIENT */;
/*!40101 SET CHARACTER_SET_RESULTS=@OLD_CHARACTER_SET_RESULTS */;
/*!40101 SET COLLATION_CONNECTION=@OLD_COLLATION_CONNECTION */;
/*!40111 SET SQL_NOTES=@OLD_SQL_NOTES */;

-- Dump completed on 2020-06-22 23:04:37
